  0
SECTION
  2
HEADER
  9
$ACADVER
  1
AC1018
  9
$ACADMAINTVER
 70
     0
  9
$DWGCODEPAGE
  3
ANSI_1252
  9
$LASTSAVEDBY
  1
runec
  9
$INSBASE
 10
0.0
 20
0.0
 30
0.0
  9
$EXTMIN
 10
-0.5
 20
-0.5
 30
-0.5
  9
$EXTMAX
 10
5.0
 20
5.0
 30
5.0
  9
$LIMMIN
 10
-0.5
 20
-0.5
  9
$LIMMAX
 10
5.0
 20
5.0
  9
$ORTHOMODE
 70
     0
  9
$REGENMODE
 70
     1
  9
$FILLMODE
 70
     1
  9
$QTEXTMODE
 70
     0
  9
$MIRRTEXT
 70
     1
  9
$LTSCALE
 40
1.0
  9
$ATTMODE
 70
     1
  9
$TEXTSIZE
 40
0.2
  9
$TRACEWID
 40
0.05
  9
$TEXTSTYLE
  7
Standard
  9
$CLAYER
  8
0
  9
$CELTYPE
  6
ByLayer
  9
$CECOLOR
 62
   256
  9
$CELTSCALE
 40
1.0
  9
$DISPSILH
 70
     0
  9
$DIMSCALE
 40
1.0
  9
$DIMASZ
 40
0.18
  9
$DIMEXO
 40
0.0625
  9
$DIMDLI
 40
0.38
  9
$DIMRND
 40
0.0
  9
$DIMDLE
 40
0.0
  9
$DIMEXE
 40
0.18
  9
$DIMTP
 40
0.0
  9
$DIMTM
 40
0.0
  9
$DIMTXT
 40
0.18
  9
$DIMCEN
 40
0.09
  9
$DIMTSZ
 40
0.0
  9
$DIMTOL
 70
     0
  9
$DIMLIM
 70
     0
  9
$DIMTIH
 70
     1
  9
$DIMTOH
 70
     1
  9
$DIMSE1
 70
     0
  9
$DIMSE2
 70
     0
  9
$DIMTAD
 70
     0
  9
$DIMZIN
 70
     0
  9
$DIMBLK
  1

  9
$DIMASO
 70
     1
  9
$DIMSHO
 70
     1
  9
$DIMPOST
  1

  9
$DIMAPOST
  1

  9
$DIMALT
 70
     0
  9
$DIMALTD
 70
     2
  9
$DIMALTF
 40
25.4
  9
$DIMLFAC
 40
1.0
  9
$DIMTOFL
 70
     0
  9
$DIMTVP
 40
0.0
  9
$DIMTIX
 70
     0
  9
$DIMSOXD
 70
     0
  9
$DIMSAH
 70
     0
  9
$DIMBLK1
  1

  9
$DIMBLK2
  1

  9
$DIMSTYLE
  2
Standard
  9
$DIMCLRD
 70
     0
  9
$DIMCLRE
 70
     0
  9
$DIMCLRT
 70
     0
  9
$DIMTFAC
 40
1.0
  9
$DIMGAP
 40
0.09
  9
$DIMJUST
 70
     0
  9
$DIMSD1
 70
     0
  9
$DIMSD2
 70
     0
  9
$DIMTOLJ
 70
     1
  9
$DIMTZIN
 70
     0
  9
$DIMALTZ
 70
     0
  9
$DIMALTTZ
 70
     0
  9
$DIMUPT
 70
     0
  9
$DIMDEC
 70
     4
  9
$DIMTDEC
 70
     4
  9
$DIMALTU
 70
     2
  9
$DIMALTTD
 70
     2
  9
$DIMTXSTY
  7
Standard
  9
$DIMAUNIT
 70
     0
  9
$DIMADEC
 70
     0
  9
$DIMALTRND
 40
0.0
  9
$DIMAZIN
 70
     0
  9
$DIMDSEP
 70
    46
  9
$DIMATFIT
 70
     3
  9
$DIMFRAC
 70
     0
  9
$DIMLDRBLK
  1

  9
$DIMLUNIT
 70
     2
  9
$DIMLWD
 70
    -2
  9
$DIMLWE
 70
    -2
  9
$DIMTMOVE
 70
     0
  9
$LUNITS
 70
     2
  9
$LUPREC
 70
     4
  9
$SKETCHINC
 40
0.1
  9
$FILLETRAD
 40
0.0
  9
$AUNITS
 70
     0
  9
$AUPREC
 70
     0
  9
$MENU
  1
.
  9
$ELEVATION
 40
0.0
  9
$PELEVATION
 40
0.0
  9
$THICKNESS
 40
0.0
  9
$LIMCHECK
 70
     0
  9
$CHAMFERA
 40
0.0
  9
$CHAMFERB
 40
0.0
  9
$CHAMFERC
 40
0.0
  9
$CHAMFERD
 40
0.0
  9
$SKPOLY
 70
     0
  9
$TDCREATE
 40
2461134.407308392
  9
$TDUCREATE
 40
2461134.323975058
  9
$TDUPDATE
 40
2461134.407309109
  9
$TDUUPDATE
 40
2461134.323975776
  9
$TDINDWG
 40
0.0000000116
  9
$TDUSRTIMER
 40
0.0000000116
  9
$USRTIMER
 70
     1
  9
$ANGBASE
 50
0.0
  9
$ANGDIR
 70
     0
  9
$PDMODE
 70
     0
  9
$PDSIZE
 40
0.0
  9
$PLINEWID
 40
0.0
  9
$SPLFRAME
 70
     0
  9
$SPLINETYPE
 70
     6
  9
$SPLINESEGS
 70
     8
  9
$HANDSEED
  5
C8
  9
$SURFTAB1
 70
     6
  9
$SURFTAB2
 70
     6
  9
$SURFTYPE
 70
     6
  9
$SURFU
 70
     6
  9
$SURFV
 70
     6
  9
$UCSBASE
  2

  9
$UCSNAME
  2

  9
$UCSORG
 10
0.0
 20
0.0
 30
0.0
  9
$UCSXDIR
 10
1.0
 20
0.0
 30
0.0
  9
$UCSYDIR
 10
0.0
 20
1.0
 30
0.0
  9
$UCSORTHOREF
  2

  9
$UCSORTHOVIEW
 70
     0
  9
$UCSORGTOP
 10
0.0
 20
0.0
 30
0.0
  9
$UCSORGBOTTOM
 10
0.0
 20
0.0
 30
0.0
  9
$UCSORGLEFT
 10
0.0
 20
0.0
 30
0.0
  9
$UCSORGRIGHT
 10
0.0
 20
0.0
 30
0.0
  9
$UCSORGFRONT
 10
0.0
 20
0.0
 30
0.0
  9
$UCSORGBACK
 10
0.0
 20
0.0
 30
0.0
  9
$PUCSBASE
  2

  9
$PUCSNAME
  2

  9
$PUCSORG
 10
0.0
 20
0.0
 30
0.0
  9
$PUCSXDIR
 10
1.0
 20
0.0
 30
0.0
  9
$PUCSYDIR
 10
0.0
 20
1.0
 30
0.0
  9
$PUCSORTHOREF
  2

  9
$PUCSORTHOVIEW
 70
     0
  9
$PUCSORGTOP
 10
0.0
 20
0.0
 30
0.0
  9
$PUCSORGBOTTOM
 10
0.0
 20
0.0
 30
0.0
  9
$PUCSORGLEFT
 10
0.0
 20
0.0
 30
0.0
  9
$PUCSORGRIGHT
 10
0.0
 20
0.0
 30
0.0
  9
$PUCSORGFRONT
 10
0.0
 20
0.0
 30
0.0
  9
$PUCSORGBACK
 10
0.0
 20
0.0
 30
0.0
  9
$USERI1
 70
     0
  9
$USERI2
 70
     0
  9
$USERI3
 70
     0
  9
$USERI4
 70
     0
  9
$USERI5
 70
     0
  9
$USERR1
 40
0.0
  9
$USERR2
 40
0.0
  9
$USERR3
 40
0.0
  9
$USERR4
 40
0.0
  9
$USERR5
 40
0.0
  9
$WORLDVIEW
 70
     1
  9
$SHADEDGE
 70
     3
  9
$SHADEDIF
 70
    70
  9
$TILEMODE
 70
     1
  9
$MAXACTVP
 70
    64
  9
$PINSBASE
 10
0.0
 20
0.0
 30
0.0
  9
$PLIMCHECK
 70
     0
  9
$PEXTMIN
 10
-0.5
 20
-0.5
 30
-0.5
  9
$PEXTMAX
 10
5.0
 20
5.0
 30
5.0
  9
$PLIMMIN
 10
-0.5
 20
-0.5
  9
$PLIMMAX
 10
5.0
 20
5.0
  9
$UNITMODE
 70
     0
  9
$VISRETAIN
 70
     1
  9
$PLINEGEN
 70
     0
  9
$PSLTSCALE
 70
     1
  9
$TREEDEPTH
 70
  3020
  9
$CMLSTYLE
  2
Standard
  9
$CMLJUST
 70
     0
  9
$CMLSCALE
 40
1.0
  9
$PROXYGRAPHICS
 70
     1
  9
$MEASUREMENT
 70
     1
  9
$CELWEIGHT
370
    70
  9
$ENDCAPS
280
     0
  9
$JOINSTYLE
280
     0
  9
$LWDISPLAY
290
     1
  9
$INSUNITS
 70
     4
  9
$HYPERLINKBASE
  1

  9
$STYLESHEET
  1

  9
$XEDIT
290
     1
  9
$CEPSNTYPE
380
     0
  9
$PSTYLEMODE
290
     1
  9
$FINGERPRINTGUID
  2
{3762a108-1f32-49a1-a2aa-d0febfa9e107}
  9
$VERSIONGUID
  2
{FAEB1C32-E019-11D5-929B-00C0DF256EC4}
  9
$EXTNAMES
290
     1
  9
$PSVPSCALE
 40
0.0
  9
$OLESTARTUP
290
     0
  9
$SORTENTS
280
   127
  9
$INDEXCTL
280
     0
  9
$HIDETEXT
280
     1
  9
$XCLIPFRAME
290
     0
  9
$HALOGAP
280
     0
  9
$OBSCOLOR
 70
   257
  9
$OBSLTYPE
280
     0
  9
$INTERSECTIONDISPLAY
280
     0
  9
$INTERSECTIONCOLOR
 70
   257
  9
$DIMASSOC
280
     2
  9
$PROJECTNAME
  1

  0
ENDSEC
  0
SECTION
  2
CLASSES
  0
CLASS
  1
ACDBDICTIONARYWDFLT
  2
AcDbDictionaryWithDefault
  3
ObjectDBX Classes
 90
        0
 91
        3
280
     0
281
     0
  0
CLASS
  1
VISUALSTYLE
  2
AcDbVisualStyle
  3
ObjectDBX Classes
 90
     4095
 91
        3
280
     0
281
     0
  0
CLASS
  1
MATERIAL
  2
AcDbMaterial
  3
ObjectDBX Classes
 90
     1153
 91
        3
280
     0
281
     0
  0
CLASS
  1
SCALE
  2
AcDbScale
  3
ObjectDBX Classes
 90
     1153
 91
        3
280
     0
281
     0
  0
CLASS
  1
TABLESTYLE
  2
AcDbTableStyle
  3
ObjectDBX Classes
 90
     4095
 91
        3
280
     0
281
     0
  0
CLASS
  1
MLEADERSTYLE
  2
AcDbMLeaderStyle
  3
ACDB_MLEADERSTYLE_CLASS
 90
     4095
 91
        3
280
     0
281
     0
  0
CLASS
  1
SUN
  2
AcDbSun
  3
SCENEOE
 90
     1153
 91
        3
280
     0
281
     0
  0
CLASS
  1
RASTERVARIABLES
  2
AcDbRasterVariables
  3
ISM
 90
        0
 91
        3
280
     0
281
     0
  0
CLASS
  1
DICTIONARYVAR
  2
AcDbDictionaryVar
  3
ObjectDBX Classes
 90
        0
 91
        3
280
     0
281
     0
  0
CLASS
  1
CELLSTYLEMAP
  2
AcDbCellStyleMap
  3
ObjectDBX Classes
 90
     1152
 91
        3
280
     0
281
     0
  0
ENDSEC
  0
SECTION
  2
TABLES
  0
TABLE
  2
VPORT
  5
8
102
{ACAD_XDICTIONARY
360
81
102
}
330
0
100
AcDbSymbolTable
 70
    16
  0
VPORT
  5
29
330
8
100
AcDbSymbolTableRecord
100
AcDbViewportTableRecord
  2
*Active
 70
     0
 10
0.0
 20
0.0
 11
1.0
 21
1.0
 12
4.445
 22
4.445
 13
0.0
 23
0.0
 14
0.5
 24
0.5
 15
0.5
 25
0.5
 16
0.0
 26
0.0
 36
1.0
 17
0.0
 27
0.0
 37
0.0
 40
254.0
 41
0.069908
 42
50.0
 43
19.813251
 44
-19.813251
 50
0.0
 51
0.0
 71
     0
 72
   100
 73
     1
 74
     3
 75
     0
 76
     0
 77
     0
 78
     0
281
     0
 65
     1
110
0.0
120
0.0
130
0.0
111
1.0
121
0.0
131
0.0
112
0.0
122
1.0
132
0.0
 79
     0
146
0.0
  0
VPORT
  5
72
330
8
100
AcDbSymbolTableRecord
100
AcDbViewportTableRecord
  2
L1
 70
     0
 10
0.0
 20
0.0
 11
1.0
 21
1.0
 12
4.445
 22
4.445
 13
0.0
 23
0.0
 14
0.5
 24
0.5
 15
0.5
 25
0.5
 16
0.0
 26
0.0
 36
1.0
 17
0.0
 27
0.0
 37
0.0
 40
254.0
 41
0.069908
 42
50.0
 43
19.813251
 44
-19.813251
 50
0.0
 51
0.0
 71
     0
 72
   100
 73
     1
 74
     3
 75
     0
 76
     0
 77
     0
 78
     0
281
     0
 65
     1
110
0.0
120
0.0
130
0.0
111
1.0
121
0.0
131
0.0
112
0.0
122
1.0
132
0.0
 79
     0
146
0.0
  0
VPORT
  5
73
330
8
100
AcDbSymbolTableRecord
100
AcDbViewportTableRecord
  2
L2
 70
     0
 10
0.0
 20
0.0
 11
0.5
 21
1.0
 12
0.0
 22
0.0
 13
0.0
 23
0.0
 14
0.5
 24
0.5
 15
0.5
 25
0.5
 16
0.0
 26
-1.0
 36
0.0
 17
0.0
 27
0.0
 37
0.0
 40
1674.868366
 41
0.010602
 42
50.0
 43
864.268355
 44
-864.268355
 50
0.0
 51
0.0
 71
     0
 72
   100
 73
     1
 74
     3
 75
     0
 76
     0
 77
     0
 78
     0
281
     0
 65
     1
110
0.0
120
0.0
130
0.0
111
1.0
121
0.0
131
0.0
112
0.0
122
1.0
132
0.0
 79
     0
146
0.0
  0
VPORT
  5
74
330
8
100
AcDbSymbolTableRecord
100
AcDbViewportTableRecord
  2
L2
 70
     0
 10
0.5
 20
0.0
 11
1.0
 21
1.0
 12
0.0
 22
0.0
 13
0.0
 23
0.0
 14
0.5
 24
0.5
 15
0.5
 25
0.5
 16
1.0
 26
0.0
 36
0.0
 17
0.0
 27
0.0
 37
0.0
 40
1674.868366
 41
0.010602
 42
50.0
 43
847.009452
 44
-847.009452
 50
0.0
 51
0.0
 71
     0
 72
   100
 73
     1
 74
     3
 75
     0
 76
     0
 77
     0
 78
     0
281
     0
 65
     1
110
0.0
120
0.0
130
0.0
111
1.0
121
0.0
131
0.0
112
0.0
122
1.0
132
0.0
 79
     0
146
0.0
  0
VPORT
  5
75
330
8
100
AcDbSymbolTableRecord
100
AcDbViewportTableRecord
  2
L3
 70
     0
 10
0.0
 20
0.5
 11
1.0
 21
1.0
 12
4.445
 22
4.445
 13
0.0
 23
0.0
 14
0.5
 24
0.5
 15
0.5
 25
0.5
 16
0.0
 26
0.0
 36
1.0
 17
0.0
 27
0.0
 37
0.0
 40
254.0
 41
0.069908
 42
50.0
 43
19.813251
 44
-19.813251
 50
0.0
 51
0.0
 71
     0
 72
   100
 73
     1
 74
     3
 75
     0
 76
     0
 77
     0
 78
     0
281
     0
 65
     1
110
0.0
120
0.0
130
0.0
111
1.0
121
0.0
131
0.0
112
0.0
122
1.0
132
0.0
 79
     0
146
0.0
  0
VPORT
  5
76
330
8
100
AcDbSymbolTableRecord
100
AcDbViewportTableRecord
  2
L3
 70
     0
 10
0.0
 20
0.0
 11
1.0
 21
0.5
 12
0.0
 22
0.0
 13
0.0
 23
0.0
 14
0.5
 24
0.5
 15
0.5
 25
0.5
 16
0.0
 26
-1.0
 36
0.0
 17
0.0
 27
0.0
 37
0.0
 40
1674.868366
 41
0.010602
 42
50.0
 43
864.268355
 44
-864.268355
 50
0.0
 51
0.0
 71
     0
 72
   100
 73
     1
 74
     3
 75
     0
 76
     0
 77
     0
 78
     0
281
     0
 65
     1
110
0.0
120
0.0
130
0.0
111
1.0
121
0.0
131
0.0
112
0.0
122
1.0
132
0.0
 79
     0
146
0.0
  0
VPORT
  5
77
330
8
100
AcDbSymbolTableRecord
100
AcDbViewportTableRecord
  2
L4
 70
     0
 10
0.0
 20
0.5
 11
0.5
 21
1.0
 12
4.445
 22
4.445
 13
0.0
 23
0.0
 14
0.5
 24
0.5
 15
0.5
 25
0.5
 16
0.0
 26
0.0
 36
1.0
 17
0.0
 27
0.0
 37
0.0
 40
254.0
 41
0.069908
 42
50.0
 43
19.813251
 44
-19.813251
 50
0.0
 51
0.0
 71
     0
 72
   100
 73
     1
 74
     3
 75
     0
 76
     0
 77
     0
 78
     0
281
     0
 65
     1
110
0.0
120
0.0
130
0.0
111
1.0
121
0.0
131
0.0
112
0.0
122
1.0
132
0.0
 79
     0
146
0.0
  0
VPORT
  5
78
330
8
100
AcDbSymbolTableRecord
100
AcDbViewportTableRecord
  2
L4
 70
     0
 10
0.0
 20
0.0
 11
0.5
 21
0.5
 12
0.0
 22
0.0
 13
0.0
 23
0.0
 14
0.5
 24
0.5
 15
0.5
 25
0.5
 16
0.0
 26
-1.0
 36
0.0
 17
0.0
 27
0.0
 37
0.0
 40
1674.868366
 41
0.010602
 42
50.0
 43
864.268355
 44
-864.268355
 50
0.0
 51
0.0
 71
     0
 72
   100
 73
     1
 74
     3
 75
     0
 76
     0
 77
     0
 78
     0
281
     0
 65
     1
110
0.0
120
0.0
130
0.0
111
1.0
121
0.0
131
0.0
112
0.0
122
1.0
132
0.0
 79
     0
146
0.0
  0
VPORT
  5
79
330
8
100
AcDbSymbolTableRecord
100
AcDbViewportTableRecord
  2
L4
 70
     0
 10
0.5
 20
0.0
 11
1.0
 21
0.5
 12
0.0
 22
0.0
 13
0.0
 23
0.0
 14
0.5
 24
0.5
 15
0.5
 25
0.5
 16
1.0
 26
0.0
 36
0.0
 17
0.0
 27
0.0
 37
0.0
 40
1674.868366
 41
0.010602
 42
50.0
 43
847.009452
 44
-847.009452
 50
0.0
 51
0.0
 71
     0
 72
   100
 73
     1
 74
     3
 75
     0
 76
     0
 77
     0
 78
     0
281
     0
 65
     1
110
0.0
120
0.0
130
0.0
111
1.0
121
0.0
131
0.0
112
0.0
122
1.0
132
0.0
 79
     0
146
0.0
  0
VPORT
  5
7A
330
8
100
AcDbSymbolTableRecord
100
AcDbViewportTableRecord
  2
L4
 70
     0
 10
0.5
 20
0.5
 11
1.0
 21
1.0
 12
0.0
 22
0.0
 13
0.0
 23
0.0
 14
0.5
 24
0.5
 15
0.5
 25
0.5
 16
0.5773502691896258
 26
-0.5773502691896258
 36
0.5773502691896258
 17
0.0
 27
0.0
 37
0.0
 40
1645.697208
 41
0.01079
 42
50.0
 43
857.388449
 44
-857.388449
 50
0.0
 51
0.0
 71
     0
 72
   100
 73
     1
 74
     3
 75
     0
 76
     0
 77
     0
 78
     0
281
     0
 65
     1
110
0.0
120
0.0
130
0.0
111
1.0
121
0.0
131
0.0
112
0.0
122
1.0
132
0.0
 79
     0
146
0.0
  0
VPORT
  5
7B
330
8
100
AcDbSymbolTableRecord
100
AcDbViewportTableRecord
  2
L6
 70
     0
 10
0.0
 20
0.5
 11
0.333333
 21
1.0
 12
0.0
 22
0.0
 13
0.0
 23
0.0
 14
0.5
 24
0.5
 15
0.5
 25
0.5
 16
0.7188730927569433
 26
-0.5850486126764433
 36
0.3754192287502549
 17
0.0
 27
0.0
 37
0.0
 40
1736.994811
 41
0.010223
 42
50.0
 43
899.309445
 44
-899.309445
 50
0.0
 51
0.0
 71
     0
 72
   100
 73
     1
 74
     3
 75
     0
 76
     0
 77
     0
 78
     0
281
     0
 65
     1
110
0.0
120
0.0
130
0.0
111
1.0
121
0.0
131
0.0
112
0.0
122
1.0
132
0.0
 79
     0
146
0.0
  0
VPORT
  5
7C
330
8
100
AcDbSymbolTableRecord
100
AcDbViewportTableRecord
  2
L6
 70
     0
 10
0.0
 20
0.0
 11
0.333333
 21
0.5
 12
0.0
 22
0.0
 13
0.0
 23
0.0
 14
0.5
 24
0.5
 15
0.5
 25
0.5
 16
-1.0
 26
0.0
 36
0.0
 17
0.0
 27
0.0
 37
0.0
 40
1674.868366
 41
0.010602
 42
50.0
 43
847.009452
 44
-847.009452
 50
0.0
 51
0.0
 71
     0
 72
   100
 73
     1
 74
     3
 75
     0
 76
     0
 77
     0
 78
     0
281
     0
 65
     1
110
0.0
120
0.0
130
0.0
111
1.0
121
0.0
131
0.0
112
0.0
122
1.0
132
0.0
 79
     0
146
0.0
  0
VPORT
  5
7D
330
8
100
AcDbSymbolTableRecord
100
AcDbViewportTableRecord
  2
L6
 70
     0
 10
0.333333
 20
0.5
 11
0.666667
 21
1.0
 12
4.445
 22
4.445
 13
0.0
 23
0.0
 14
0.5
 24
0.5
 15
0.5
 25
0.5
 16
0.0
 26
0.0
 36
1.0
 17
0.0
 27
0.0
 37
0.0
 40
254.0
 41
0.069908
 42
50.0
 43
19.813251
 44
-19.813251
 50
0.0
 51
0.0
 71
     0
 72
   100
 73
     1
 74
     3
 75
     0
 76
     0
 77
     0
 78
     0
281
     0
 65
     1
110
0.0
120
0.0
130
0.0
111
1.0
121
0.0
131
0.0
112
0.0
122
1.0
132
0.0
 79
     0
146
0.0
  0
VPORT
  5
7E
330
8
100
AcDbSymbolTableRecord
100
AcDbViewportTableRecord
  2
L6
 70
     0
 10
0.333333
 20
0.0
 11
0.666667
 21
0.5
 12
0.0
 22
0.0
 13
0.0
 23
0.0
 14
0.5
 24
0.5
 15
0.5
 25
0.5
 16
0.0
 26
-1.0
 36
0.0
 17
0.0
 27
0.0
 37
0.0
 40
1674.868366
 41
0.010602
 42
50.0
 43
864.268355
 44
-864.268355
 50
0.0
 51
0.0
 71
     0
 72
   100
 73
     1
 74
     3
 75
     0
 76
     0
 77
     0
 78
     0
281
     0
 65
     1
110
0.0
120
0.0
130
0.0
111
1.0
121
0.0
131
0.0
112
0.0
122
1.0
132
0.0
 79
     0
146
0.0
  0
VPORT
  5
7F
330
8
100
AcDbSymbolTableRecord
100
AcDbViewportTableRecord
  2
L6
 70
     0
 10
0.666667
 20
0.5
 11
1.0
 21
1.0
 12
0.0
 22
0.0
 13
0.0
 23
0.0
 14
0.5
 24
0.5
 15
0.5
 25
0.5
 16
0.5773502691896258
 26
-0.5773502691896258
 36
0.5773502691896258
 17
0.0
 27
0.0
 37
0.0
 40
1645.697208
 41
0.01079
 42
50.0
 43
857.388449
 44
-857.388449
 50
0.0
 51
0.0
 71
     0
 72
   100
 73
     1
 74
     3
 75
     0
 76
     0
 77
     0
 78
     0
281
     0
 65
     1
110
0.0
120
0.0
130
0.0
111
1.0
121
0.0
131
0.0
112
0.0
122
1.0
132
0.0
 79
     0
146
0.0
  0
VPORT
  5
80
330
8
100
AcDbSymbolTableRecord
100
AcDbViewportTableRecord
  2
L6
 70
     0
 10
0.666667
 20
0.0
 11
1.0
 21
0.5
 12
0.0
 22
0.0
 13
0.0
 23
0.0
 14
0.5
 24
0.5
 15
0.5
 25
0.5
 16
1.0
 26
0.0
 36
0.0
 17
0.0
 27
0.0
 37
0.0
 40
1674.868366
 41
0.010602
 42
50.0
 43
847.009452
 44
-847.009452
 50
0.0
 51
0.0
 71
     0
 72
   100
 73
     1
 74
     3
 75
     0
 76
     0
 77
     0
 78
     0
281
     0
 65
     1
110
0.0
120
0.0
130
0.0
111
1.0
121
0.0
131
0.0
112
0.0
122
1.0
132
0.0
 79
     0
146
0.0
  0
ENDTAB
  0
TABLE
  2
LTYPE
  5
5
330
0
100
AcDbSymbolTable
 70
    10
  0
LTYPE
  5
14
330
5
100
AcDbSymbolTableRecord
100
AcDbLinetypeTableRecord
  2
ByBlock
 70
     0
  3

 72
    65
 73
     0
 40
0.0
  0
LTYPE
  5
15
330
5
100
AcDbSymbolTableRecord
100
AcDbLinetypeTableRecord
  2
ByLayer
 70
     0
  3

 72
    65
 73
     0
 40
0.0
  0
LTYPE
  5
16
330
5
100
AcDbSymbolTableRecord
100
AcDbLinetypeTableRecord
  2
Continuous
 70
     0
  3
Solid line
 72
    65
 73
     0
 40
0.0
  0
LTYPE
  5
5F
330
5
100
AcDbSymbolTableRecord
100
AcDbLinetypeTableRecord
  2
ACAD_ISO04W100
 70
     0
  3
ISO long-dash dot ____ . ____ . ____ . ____ . _
 72
    65
 73
     4
 40
30.0
 49
24.0
 74
     4
 75
     0
340
0
 46
0.0
 50
0.0
 44
0.0
 45
0.0
 49
-3.0
 74
     4
 75
     0
340
0
 46
0.0
 50
0.0
 44
0.0
 45
0.0
 49
0.0
 74
     4
 75
     0
340
0
 46
0.0
 50
0.0
 44
0.0
 45
0.0
 49
-3.0
 74
     4
 75
     0
340
0
 46
0.0
 50
0.0
 44
0.0
 45
0.0
  0
LTYPE
  5
60
330
5
100
AcDbSymbolTableRecord
100
AcDbLinetypeTableRecord
  2
ACAD_ISO05W100
 70
     0
  3
ISO long-dash double-dot ____ .. ____ .. ____ . 
 72
    65
 73
     6
 40
33.0
 49
24.0
 74
     4
 75
     0
340
0
 46
0.0
 50
0.0
 44
0.0
 45
0.0
 49
-3.0
 74
     4
 75
     0
340
0
 46
0.0
 50
0.0
 44
0.0
 45
0.0
 49
0.0
 74
     4
 75
     0
340
0
 46
0.0
 50
0.0
 44
0.0
 45
0.0
 49
-3.0
 74
     4
 75
     0
340
0
 46
0.0
 50
0.0
 44
0.0
 45
0.0
 49
0.0
 74
     4
 75
     0
340
0
 46
0.0
 50
0.0
 44
0.0
 45
0.0
 49
-3.0
 74
     4
 75
     0
340
0
 46
0.0
 50
0.0
 44
0.0
 45
0.0
  0
LTYPE
  5
61
330
5
100
AcDbSymbolTableRecord
100
AcDbLinetypeTableRecord
  2
ACAD_ISO06W100
 70
     0
  3
ISO long-dash triple-dot ____ ... ____ ... ____
 72
    65
 73
     8
 40
36.0
 49
24.0
 74
     4
 75
     0
340
0
 46
0.0
 50
0.0
 44
0.0
 45
0.0
 49
-3.0
 74
     4
 75
     0
340
0
 46
0.0
 50
0.0
 44
0.0
 45
0.0
 49
0.0
 74
     4
 75
     0
340
0
 46
0.0
 50
0.0
 44
0.0
 45
0.0
 49
-3.0
 74
     4
 75
     0
340
0
 46
0.0
 50
0.0
 44
0.0
 45
0.0
 49
0.0
 74
     4
 75
     0
340
0
 46
0.0
 50
0.0
 44
0.0
 45
0.0
 49
-3.0
 74
     4
 75
     0
340
0
 46
0.0
 50
0.0
 44
0.0
 45
0.0
 49
0.0
 74
     4
 75
     0
340
0
 46
0.0
 50
0.0
 44
0.0
 45
0.0
 49
-3.0
 74
     4
 75
     0
340
0
 46
0.0
 50
0.0
 44
0.0
 45
0.0
  0
LTYPE
  5
62
330
5
100
AcDbSymbolTableRecord
100
AcDbLinetypeTableRecord
  2
ACAD_ISO09W100
 70
     0
  3
ISO long-dash double-short-dash ____ __ __ ____
 72
    65
 73
     6
 40
45.0
 49
24.0
 74
     4
 75
     0
340
0
 46
0.0
 50
0.0
 44
0.0
 45
0.0
 49
-3.0
 74
     4
 75
     0
340
0
 46
0.0
 50
0.0
 44
0.0
 45
0.0
 49
6.0
 74
     4
 75
     0
340
0
 46
0.0
 50
0.0
 44
0.0
 45
0.0
 49
-3.0
 74
     4
 75
     0
340
0
 46
0.0
 50
0.0
 44
0.0
 45
0.0
 49
6.0
 74
     4
 75
     0
340
0
 46
0.0
 50
0.0
 44
0.0
 45
0.0
 49
-3.0
 74
     4
 75
     0
340
0
 46
0.0
 50
0.0
 44
0.0
 45
0.0
  0
LTYPE
  5
63
330
5
100
AcDbSymbolTableRecord
100
AcDbLinetypeTableRecord
  2
CENTER
 70
     0
  3
____ _ ____ _ ____ _ ____
 72
    65
 73
     4
 40
47.4
 49
22.0
 74
     4
 75
     0
340
0
 46
0.0
 50
0.0
 44
0.0
 45
0.0
 49
-8.5
 74
     4
 75
     0
340
0
 46
0.0
 50
0.0
 44
0.0
 45
0.0
 49
8.5
 74
     4
 75
     0
340
0
 46
0.0
 50
0.0
 44
0.0
 45
0.0
 49
-8.5
 74
     4
 75
     0
340
0
 46
0.0
 50
0.0
 44
0.0
 45
0.0
  0
LTYPE
  5
64
330
5
100
AcDbSymbolTableRecord
100
AcDbLinetypeTableRecord
  2
DASHDOT
 70
     0
  3
_._._._._._._._._._._._._._._._.
 72
    65
 73
     4
 40
70.0
 49
31.0
 74
     4
 75
     0
340
0
 46
0.0
 50
0.0
 44
0.0
 45
0.0
 49
-13.0
 74
     4
 75
     0
340
0
 46
0.0
 50
0.0
 44
0.0
 45
0.0
 49
13.0
 74
     4
 75
     0
340
0
 46
0.0
 50
0.0
 44
0.0
 45
0.0
 49
-13.0
 74
     4
 75
     0
340
0
 46
0.0
 50
0.0
 44
0.0
 45
0.0
  0
LTYPE
  5
65
330
5
100
AcDbSymbolTableRecord
100
AcDbLinetypeTableRecord
  2
DASHED
 70
     0
  3
__ __ __ __ __ __ __ __ __
 72
    65
 73
     2
 40
25.72
 49
12.86
 74
     4
 75
     0
340
0
 46
0.0
 50
0.0
 44
0.0
 45
0.0
 49
-12.86
 74
     4
 75
     0
340
0
 46
0.0
 50
0.0
 44
0.0
 45
0.0
  0
LTYPE
  5
66
330
5
100
AcDbSymbolTableRecord
100
AcDbLinetypeTableRecord
  2
DOT
 70
     0
  3
.........................
 72
    65
 73
     2
 40
10.0
 49
0.0
 74
     4
 75
     0
340
0
 46
0.0
 50
0.0
 44
0.0
 45
0.0
 49
-10.0
 74
     4
 75
     0
340
0
 46
0.0
 50
0.0
 44
0.0
 45
0.0
  0
LTYPE
  5
67
330
5
100
AcDbSymbolTableRecord
100
AcDbLinetypeTableRecord
  2
PHANTOM
 70
     0
  3
____ _ _ ____ _ _ _____ _ _ ____
 72
    65
 73
     6
 40
50.5
 49
18.0
 74
     4
 75
     0
340
0
 46
0.0
 50
0.0
 44
0.0
 45
0.0
 49
-6.5
 74
     4
 75
     0
340
0
 46
0.0
 50
0.0
 44
0.0
 45
0.0
 49
6.5
 74
     4
 75
     0
340
0
 46
0.0
 50
0.0
 44
0.0
 45
0.0
 49
-6.5
 74
     4
 75
     0
340
0
 46
0.0
 50
0.0
 44
0.0
 45
0.0
 49
6.5
 74
     4
 75
     0
340
0
 46
0.0
 50
0.0
 44
0.0
 45
0.0
 49
-6.5
 74
     4
 75
     0
340
0
 46
0.0
 50
0.0
 44
0.0
 45
0.0
  0
ENDTAB
  0
TABLE
  2
LAYER
  5
2
330
0
100
AcDbSymbolTable
 70
     2
  0
LAYER
  5
10
330
2
100
AcDbSymbolTableRecord
100
AcDbLayerTableRecord
  2
0
 70
     0
 62
     7
  6
Continuous
370
    -3
390
F
  0
LAYER
  5
69
330
2
100
AcDbSymbolTableRecord
100
AcDbLayerTableRecord
  2
1
 70
     0
 62
     7
420
 16777215
  6
Continuous
370
    -3
390
F
  0
ENDTAB
  0
TABLE
  2
STYLE
  5
3
330
0
100
AcDbSymbolTable
 70
     1
  0
STYLE
  5
11
330
3
100
AcDbSymbolTableRecord
100
AcDbTextStyleTableRecord
  2
Standard
 70
     0
 40
0.0
 41
1.0
 50
0.0
 71
     0
 42
0.2
  3
txt
  4

  0
ENDTAB
  0
TABLE
  2
VIEW
  5
6
330
0
100
AcDbSymbolTable
 70
     8
  0
VIEW
  5
6A
330
6
100
AcDbSymbolTableRecord
100
AcDbViewTableRecord
  2
Top
 70
     0
 40
254.0
 10
4.445
 20
4.445
 41
427.381698
 11
0.0
 21
0.0
 31
1.0
 12
0.0
 22
0.0
 32
0.0
 42
50.0
 43
19.813251
 44
-19.813251
 50
0.0
 71
     0
281
     0
 72
     0
  0
VIEW
  5
6B
330
6
100
AcDbSymbolTableRecord
100
AcDbViewTableRecord
  2
Front
 70
     0
 40
1674.868366
 10
0.0
 20
0.0
 41
427.381698
 11
0.0
 21
-1.0
 31
0.0
 12
0.0
 22
0.0
 32
0.0
 42
50.0
 43
864.268355
 44
-864.268355
 50
0.0
 71
     0
281
     0
 72
     0
  0
VIEW
  5
6C
330
6
100
AcDbSymbolTableRecord
100
AcDbViewTableRecord
  2
Right
 70
     0
 40
1674.868366
 10
0.0
 20
0.0
 41
254.0
 11
1.0
 21
0.0
 31
0.0
 12
0.0
 22
0.0
 32
0.0
 42
50.0
 43
847.009452
 44
-847.009452
 50
0.0
 71
     0
281
     0
 72
     0
  0
VIEW
  5
6D
330
6
100
AcDbSymbolTableRecord
100
AcDbViewTableRecord
  2
Back
 70
     0
 40
1674.868366
 10
0.0
 20
0.0
 41
427.381698
 11
0.0
 21
1.0
 31
0.0
 12
0.0
 22
0.0
 32
0.0
 42
50.0
 43
864.268355
 44
-864.268355
 50
0.0
 71
     0
281
     0
 72
     0
  0
VIEW
  5
6E
330
6
100
AcDbSymbolTableRecord
100
AcDbViewTableRecord
  2
Bottom
 70
     0
 40
254.0
 10
0.0
 20
0.0
 41
427.381698
 11
0.0
 21
0.0
 31
-1.0
 12
0.0
 22
0.0
 32
0.0
 42
50.0
 43
837.434183
 44
-837.434183
 50
180.0
 71
     0
281
     0
 72
     0
  0
VIEW
  5
6F
330
6
100
AcDbSymbolTableRecord
100
AcDbViewTableRecord
  2
Left
 70
     0
 40
1674.868366
 10
0.0
 20
0.0
 41
254.0
 11
-1.0
 21
0.0
 31
0.0
 12
0.0
 22
0.0
 32
0.0
 42
50.0
 43
847.009452
 44
-847.009452
 50
0.0
 71
     0
281
     0
 72
     0
  0
VIEW
  5
70
330
6
100
AcDbSymbolTableRecord
100
AcDbViewTableRecord
  2
Isometric
 70
     0
 40
1645.697208
 10
0.0
 20
0.0
 41
481.809619
 11
0.5773502691896258
 21
-0.5773502691896258
 31
0.5773502691896258
 12
0.0
 22
0.0
 32
0.0
 42
50.0
 43
857.388449
 44
-857.388449
 50
0.0
 71
     0
281
     0
 72
     0
  0
VIEW
  5
71
330
6
100
AcDbSymbolTableRecord
100
AcDbViewTableRecord
  2
Trimetric
 70
     0
 40
1736.994811
 10
0.0
 20
0.0
 41
466.775042
 11
0.7188730927569433
 21
-0.5850486126764433
 31
0.3754192287502549
 12
0.0
 22
0.0
 32
0.0
 42
50.0
 43
899.309445
 44
-899.309445
 50
0.0
 71
     0
281
     0
 72
     0
  0
ENDTAB
  0
TABLE
  2
UCS
  5
7
330
0
100
AcDbSymbolTable
 70
     0
  0
ENDTAB
  0
TABLE
  2
APPID
  5
9
330
0
100
AcDbSymbolTable
 70
     2
  0
APPID
  5
12
330
9
100
AcDbSymbolTableRecord
100
AcDbRegAppTableRecord
  2
ACAD
 70
     0
  0
APPID
  5
C0
330
9
100
AcDbSymbolTableRecord
100
AcDbRegAppTableRecord
  2
ACAD_MLEADERVER
 70
     0
  0
ENDTAB
  0
TABLE
  2
DIMSTYLE
  5
A
330
0
100
AcDbSymbolTable
 70
     1
100
AcDbDimStyleTable
  0
DIMSTYLE
105
27
330
A
100
AcDbSymbolTableRecord
100
AcDbDimStyleTableRecord
  2
Standard
 70
     0
178
     0
340
11
  0
ENDTAB
  0
TABLE
  2
BLOCK_RECORD
  5
1
330
0
100
AcDbSymbolTable
 70
     1
  0
BLOCK_RECORD
  5
1F
330
1
100
AcDbSymbolTableRecord
100
AcDbBlockTableRecord
  2
*Model_Space
340
22
  0
BLOCK_RECORD
  5
1B
330
1
100
AcDbSymbolTableRecord
100
AcDbBlockTableRecord
  2
*Paper_Space
340
1E
  0
BLOCK_RECORD
  5
23
330
1
100
AcDbSymbolTableRecord
100
AcDbBlockTableRecord
  2
*Paper_Space0
340
26
  0
ENDTAB
  0
ENDSEC
  0
SECTION
  2
BLOCKS
  0
BLOCK
  5
20
330
1F
100
AcDbEntity
  8
0
100
AcDbBlockBegin
  2
*Model_Space
 70
     0
 10
0.0
 20
0.0
 30
0.0
  3
*Model_Space
  1

  0
ENDBLK
  5
21
330
1F
100
AcDbEntity
  8
0
100
AcDbBlockEnd
  0
BLOCK
  5
1C
330
1B
100
AcDbEntity
 67
     1
  8
0
100
AcDbBlockBegin
  2
*Paper_Space
 70
     0
 10
0.0
 20
0.0
 30
0.0
  3
*Paper_Space
  1

  0
ENDBLK
  5
1D
330
1B
100
AcDbEntity
 67
     1
  8
0
100
AcDbBlockEnd
  0
BLOCK
  5
24
330
23
100
AcDbEntity
  8
0
100
AcDbBlockBegin
  2
*Paper_Space0
 70
     0
 10
0.0
 20
0.0
 30
0.0
  3
*Paper_Space0
  1

  0
ENDBLK
  5
25
330
23
100
AcDbEntity
  8
0
100
AcDbBlockEnd
  0
ENDSEC
  0
SECTION
  2
ENTITIES
  0
SPLINE
  5
68
330
1F
100
AcDbEntity
  8
1
  6
Continuous
 62
     7
370
    70
100
AcDbSpline
210
0.0
220
0.0
230
1.0
 70
    11
 71
     3
 72
  3373
 73
  3369
 74
     0
 42
0.000000001
 43
0.0000000001
 40
0.0
 40
0.0
 40
0.0
 40
0.0
 40
0.0006194953777154
 40
0.0006194953777154
 40
0.0010324922961923
 40
0.0010324922961923
 40
0.0010324922961923
 40
0.0016854977619725
 40
0.0016854977619725
 40
0.0016854977619725
 40
0.0023049931409269
 40
0.0023049931409269
 40
0.0027179900602298
 40
0.0027179900602298
 40
0.0027179900602298
 40
0.0033709955265061
 40
0.0033709955265061
 40
0.0033709955265061
 40
0.0039904909059311
 40
0.0039904909059311
 40
0.0039904909059311
 40
0.0044522354977629
 40
0.0044522354977629
 40
0.0044522354977629
 40
0.0050717308771879
 40
0.0050717308771879
 40
0.005691226256613
 40
0.005691226256613
 40
0.005691226256613
 40
0.0061529708484447
 40
0.0061529708484447
 40
0.0061529708484447
 40
0.0067724662278698
 40
0.0067724662278698
 40
0.0067724662278698
 40
0.0074254716941461
 40
0.0074254716941461
 40
0.0074254716941461
 40
0.0078384686116978
 40
0.0078384686116978
 40
0.0084579639880254
 40
0.0084579639880254
 40
0.0084579639880254
 40
0.0091109694540626
 40
0.0091109694540626
 40
0.0091109694540626
 40
0.009523966371463
 40
0.009523966371463
 40
0.009523966371463
 40
0.0101769718375003
 40
0.0101769718375003
 40
0.0101769718375003
 40
0.0107964672146334
 40
0.0107964672146334
 40
0.0112094641327221
 40
0.0112094641327221
 40
0.0118289595098553
 40
0.0118289595098553
 40
0.0118289595098553
 40
0.0124819649758165
 40
0.0124819649758165
 40
0.0124819649758165
 40
0.0131014603549426
 40
0.0131014603549426
 40
0.0137209557340684
 40
0.0137209557340684
 40
0.0137209557340684
 40
0.0141827003257469
 40
0.0141827003257469
 40
0.0141827003257469
 40
0.0148357057918063
 40
0.0148357057918063
 40
0.0148357057918063
 40
0.0154552011689606
 40
0.0154552011689606
 40
0.0154552011689606
 40
0.01610820663502
 40
0.01610820663502
 40
0.01610820663502
 40
0.0165699512266985
 40
0.0165699512266985
 40
0.0165699512266985
 40
0.0171894466059178
 40
0.0171894466059178
 40
0.0171894466059178
 40
0.0178424520719772
 40
0.0178424520719772
 40
0.0184954575380368
 40
0.0184954575380368
 40
0.0191484630040961
 40
0.0191484630040961
 40
0.0198014684701555
 40
0.0198014684701555
 40
0.0198014684701555
 40
0.0202632130618338
 40
0.0202632130618338
 40
0.0202632130618338
 40
0.0209162185278933
 40
0.0209162185278933
 40
0.0209162185278933
 40
0.0216607593116611
 40
0.0216607593116611
 40
0.0216607593116611
 40
0.0223137647777205
 40
0.0223137647777205
 40
0.02296677024378
 40
0.02296677024378
 40
0.02296677024378
 40
0.0237113110275479
 40
0.0237113110275479
 40
0.0237113110275479
 40
0.0241730556192261
 40
0.0241730556192261
 40
0.0241730556192261
 40
0.0248260610852857
 40
0.0248260610852857
 40
0.0248260610852857
 40
0.0255706018690534
 40
0.0255706018690534
 40
0.0255706018690534
 40
0.0262236073351128
 40
0.0262236073351128
 40
0.0262236073351128
 40
0.0269681481188805
 40
0.0269681481188805
 40
0.0269681481188805
 40
0.0275522139626466
 40
0.0275522139626466
 40
0.0275522139626466
 40
0.0282052194287061
 40
0.0282052194287061
 40
0.0282052194287061
 40
0.0289497602124739
 40
0.0289497602124739
 40
0.0296943009962416
 40
0.0296943009962416
 40
0.0304388417800092
 40
0.0304388417800092
 40
0.0304388417800092
 40
0.0384922817077948
 40
0.0384922817077948
 40
0.0384922817077948
 40
0.0392368224915626
 40
0.0392368224915626
 40
0.0399813632753303
 40
0.0399813632753303
 40
0.040725904059098
 40
0.040725904059098
 40
0.040725904059098
 40
0.0413789095251575
 40
0.0413789095251575
 40
0.0413789095251575
 40
0.0419629753689237
 40
0.0419629753689237
 40
0.0419629753689237
 40
0.0427075161526913
 40
0.0427075161526913
 40
0.0427075161526913
 40
0.0433605216187508
 40
0.0433605216187508
 40
0.0433605216187508
 40
0.0441050624025184
 40
0.0441050624025184
 40
0.0441050624025184
 40
0.044758067868578
 40
0.044758067868578
 40
0.044758067868578
 40
0.0452198124602565
 40
0.0452198124602565
 40
0.0452198124602565
 40
0.0459643532440243
 40
0.0459643532440243
 40
0.0459643532440243
 40
0.0466173587100837
 40
0.0466173587100837
 40
0.0472703641761431
 40
0.0472703641761431
 40
0.0472703641761431
 40
0.0480149049599108
 40
0.0480149049599108
 40
0.0480149049599108
 40
0.0486679104259702
 40
0.0486679104259702
 40
0.0486679104259702
 40
0.0491296550176487
 40
0.0491296550176487
 40
0.0491296550176487
 40
0.0497826604837081
 40
0.0497826604837081
 40
0.0504356659497676
 40
0.0504356659497676
 40
0.0510886714158272
 40
0.0510886714158272
 40
0.0517416768818864
 40
0.0517416768818864
 40
0.0517416768818864
 40
0.0523611722611058
 40
0.0523611722611058
 40
0.0523611722611058
 40
0.0528229168527844
 40
0.0528229168527844
 40
0.0528229168527844
 40
0.0534759223188437
 40
0.0534759223188437
 40
0.0534759223188437
 40
0.054095417695998
 40
0.054095417695998
 40
0.054095417695998
 40
0.0547484231620574
 40
0.0547484231620574
 40
0.0547484231620574
 40
0.0552101677537359
 40
0.0552101677537359
 40
0.0552101677537359
 40
0.0558296631308902
 40
0.0558296631308902
 40
0.0564491585080444
 40
0.0564491585080444
 40
0.0564491585080444
 40
0.0571021639740802
 40
0.0571021639740802
 40
0.0571021639740802
 40
0.0577216593532768
 40
0.0577216593532768
 40
0.0581346562727411
 40
0.0581346562727411
 40
0.0587541516519377
 40
0.0587541516519377
 40
0.0587541516519377
 40
0.0594071571180191
 40
0.0594071571180191
 40
0.0594071571180191
 40
0.0598201540354476
 40
0.0598201540354476
 40
0.0598201540354476
 40
0.0604731595015292
 40
0.0604731595015292
 40
0.0604731595015292
 40
0.0610926548807695
 40
0.0610926548807695
 40
0.0615056518002625
 40
0.0615056518002625
 40
0.0615056518002625
 40
0.0621586572663661
 40
0.0621586572663661
 40
0.0621586572663661
 40
0.0627781526456269
 40
0.0627781526456269
 40
0.0627781526456269
 40
0.0632398972373365
 40
0.0632398972373365
 40
0.0632398972373365
 40
0.0638593926165975
 40
0.0638593926165975
 40
0.0644788879958585
 40
0.0644788879958585
 40
0.0644788879958585
 40
0.0649406325875679
 40
0.0649406325875679
 40
0.0649406325875679
 40
0.065560127966829
 40
0.065560127966829
 40
0.065560127966829
 40
0.0662131334329322
 40
0.0662131334329322
 40
0.0662131334329322
 40
0.0666261303503749
 40
0.0666261303503749
 40
0.067245625726538
 40
0.067245625726538
 40
0.067245625726538
 40
0.0678986311926115
 40
0.0678986311926115
 40
0.0678986311926115
 40
0.0683116281100347
 40
0.0683116281100347
 40
0.0689311234861697
 40
0.0689311234861697
 40
0.0689311234861697
 40
0.0836563605477266
 40
0.0836563605477266
 40
0.0836563605477266
 40
0.0841181051393941
 40
0.0841181051393941
 40
0.0841181051393941
 40
0.0847711106054384
 40
0.0847711106054384
 40
0.0847711106054384
 40
0.0852328551971056
 40
0.0852328551971056
 40
0.0852328551971056
 40
0.0858858606631494
 40
0.0858858606631494
 40
0.0858858606631494
 40
0.0863476052548168
 40
0.0863476052548168
 40
0.0863476052548168
 40
0.0870006107208611
 40
0.0870006107208611
 40
0.0870006107208611
 40
0.0874623553125283
 40
0.0874623553125283
 40
0.0874623553125283
 40
0.0881153607785727
 40
0.0881153607785727
 40
0.0881153607785727
 40
0.08857710537024
 40
0.08857710537024
 40
0.08857710537024
 40
0.0892301108362838
 40
0.0892301108362838
 40
0.0892301108362838
 40
0.0896918554279513
 40
0.0896918554279513
 40
0.0896918554279513
 40
0.0903448608939952
 40
0.0903448608939952
 40
0.0903448608939952
 40
0.0908066054856627
 40
0.0908066054856627
 40
0.0908066054856627
 40
0.091459610951707
 40
0.091459610951707
 40
0.091459610951707
 40
0.091921355543374
 40
0.091921355543374
 40
0.091921355543374
 40
0.092574361009418
 40
0.092574361009418
 40
0.092574361009418
 40
0.0930361056010855
 40
0.0930361056010855
 40
0.0930361056010855
 40
0.0936891110671294
 40
0.0936891110671294
 40
0.0936891110671294
 40
0.0941508556587969
 40
0.0941508556587969
 40
0.0946126002504644
 40
0.0946126002504644
 40
0.0946126002504644
 40
0.0953571410342145
 40
0.0953571410342145
 40
0.0953571410342145
 40
0.0958188856258819
 40
0.0958188856258819
 40
0.0958188856258819
 40
0.0964029514696344
 40
0.0964029514696344
 40
0.0969870173133866
 40
0.0969870173133866
 40
0.097571083157139
 40
0.097571083157139
 40
0.097571083157139
 40
0.098315623940889
 40
0.098315623940889
 40
0.098315623940889
 40
0.0987773685325566
 40
0.0987773685325566
 40
0.0987773685325566
 40
0.0993614343763084
 40
0.0993614343763084
 40
0.0999455002200609
 40
0.0999455002200609
 40
0.0999455002200609
 40
0.1006900410038112
 40
0.1006900410038112
 40
0.1006900410038112
 40
0.1012741068475634
 40
0.1012741068475634
 40
0.1018581726913157
 40
0.1018581726913157
 40
0.1024422385350684
 40
0.1024422385350684
 40
0.1024422385350684
 40
0.1031867793188182
 40
0.1031867793188182
 40
0.1031867793188182
 40
0.1037708451625705
 40
0.1037708451625705
 40
0.1043549110063228
 40
0.1043549110063228
 40
0.1043549110063228
 40
0.1050079164723667
 40
0.1050079164723667
 40
0.1050079164723667
 40
0.1055919823161193
 40
0.1055919823161193
 40
0.1055919823161193
 40
0.1063365230998692
 40
0.1063365230998692
 40
0.1063365230998692
 40
0.1069205889436213
 40
0.1069205889436213
 40
0.1069205889436213
 40
0.1075735944096654
 40
0.1075735944096654
 40
0.1075735944096654
 40
0.1083181351934156
 40
0.1083181351934156
 40
0.1083181351934156
 40
0.1089022010371681
 40
0.1089022010371681
 40
0.1089022010371681
 40
0.109646741820918
 40
0.109646741820918
 40
0.109646741820918
 40
0.110299747286962
 40
0.110299747286962
 40
0.110299747286962
 40
0.1110442880707122
 40
0.1110442880707122
 40
0.1110442880707122
 40
0.111697293536756
 40
0.111697293536756
 40
0.111697293536756
 40
0.112441834320506
 40
0.112441834320506
 40
0.112441834320506
 40
0.1129035789121736
 40
0.1129035789121736
 40
0.1129035789121736
 40
0.1136481196959236
 40
0.1136481196959236
 40
0.1136481196959236
 40
0.1219723387306605
 40
0.1219723387306605
 40
0.1219723387306605
 40
0.1225918341078004
 40
0.1225918341078004
 40
0.1232113294849401
 40
0.1232113294849401
 40
0.1240373233211263
 40
0.1240373233211263
 40
0.1246568186982661
 40
0.1246568186982661
 40
0.1252763140754057
 40
0.1252763140754057
 40
0.1258958094525453
 40
0.1258958094525453
 40
0.1267218032887314
 40
0.1267218032887314
 40
0.1273412986658706
 40
0.1273412986658706
 40
0.1279607940430107
 40
0.1279607940430107
 40
0.1285802894201506
 40
0.1285802894201506
 40
0.1285802894201506
 40
0.1292332948861351
 40
0.1292332948861351
 40
0.1292332948861351
 40
0.1298527902652828
 40
0.1298527902652828
 40
0.1304722856444314
 40
0.1304722856444314
 40
0.1304722856444314
 40
0.1313237006042217
 40
0.1313237006042217
 40
0.1313237006042217
 40
0.1319431959833793
 40
0.1319431959833793
 40
0.1325626913625375
 40
0.1325626913625375
 40
0.1325626913625375
 40
0.1330244359541699
 40
0.1330244359541699
 40
0.1330244359541699
 40
0.1336774414201651
 40
0.1336774414201651
 40
0.1336774414201651
 40
0.1342969367993233
 40
0.1342969367993233
 40
0.1342969367993233
 40
0.1349499422653181
 40
0.1349499422653181
 40
0.1356029477313127
 40
0.1356029477313127
 40
0.1356029477313127
 40
0.1362224431104711
 40
0.1362224431104711
 40
0.1362224431104711
 40
0.1368754485764659
 40
0.1368754485764659
 40
0.1368754485764659
 40
0.1373371931680988
 40
0.1373371931680988
 40
0.1373371931680988
 40
0.1379901986340934
 40
0.1379901986340934
 40
0.1386432041000884
 40
0.1386432041000884
 40
0.1386432041000884
 40
0.1391049486917214
 40
0.1391049486917214
 40
0.1391049486917214
 40
0.1397579541577159
 40
0.1397579541577159
 40
0.1397579541577159
 40
0.1402196987493485
 40
0.1402196987493485
 40
0.1402196987493485
 40
0.1408727042153434
 40
0.1408727042153434
 40
0.1408727042153434
 40
0.1414567700590521
 40
0.1414567700590521
 40
0.1414567700590521
 40
0.1419185146506846
 40
0.1419185146506846
 40
0.1419185146506846
 40
0.1426630554343786
 40
0.1426630554343786
 40
0.1426630554343786
 40
0.1431248000260114
 40
0.1431248000260114
 40
0.1431248000260114
 40
0.14370886586972
 40
0.14370886586972
 40
0.1442929317134284
 40
0.1442929317134284
 40
0.1442929317134284
 40
0.1447546763050612
 40
0.1447546763050612
 40
0.1447546763050612
 40
0.1453387421487695
 40
0.1453387421487695
 40
0.1459228079924781
 40
0.1459228079924781
 40
0.1465068738361862
 40
0.1465068738361862
 40
0.1465068738361862
 40
0.1469686184278191
 40
0.1469686184278191
 40
0.1469686184278191
 40
0.1477131592115128
 40
0.1477131592115128
 40
0.1477131592115128
 40
0.1482972250552219
 40
0.1482972250552219
 40
0.1482972250552219
 40
0.1487589696468541
 40
0.1487589696468541
 40
0.1487589696468541
 40
0.1493430354905627
 40
0.1493430354905627
 40
0.1499271013342712
 40
0.1499271013342712
 40
0.1499271013342712
 40
0.1503888459259041
 40
0.1503888459259041
 40
0.1503888459259041
 40
0.1509729117696123
 40
0.1509729117696123
 40
0.1515569776133209
 40
0.1515569776133209
 40
0.1515569776133209
 40
0.1520187222049533
 40
0.1520187222049533
 40
0.1520187222049533
 40
0.1669124012442971
 40
0.1669124012442971
 40
0.1669124012442971
 40
0.1673741458359301
 40
0.1673741458359301
 40
0.1673741458359301
 40
0.1679582116796385
 40
0.1679582116796385
 40
0.1685422775233469
 40
0.1685422775233469
 40
0.1685422775233469
 40
0.1690040221149802
 40
0.1690040221149802
 40
0.1690040221149802
 40
0.1695880879586881
 40
0.1695880879586881
 40
0.1701721538023965
 40
0.1701721538023965
 40
0.1701721538023965
 40
0.1706338983940292
 40
0.1706338983940292
 40
0.1706338983940292
 40
0.1712179642377373
 40
0.1712179642377373
 40
0.1712179642377373
 40
0.1719625050214319
 40
0.1719625050214319
 40
0.1719625050214319
 40
0.1724242496130647
 40
0.1724242496130647
 40
0.1724242496130647
 40
0.1730083154567729
 40
0.1730083154567729
 40
0.1735923813004815
 40
0.1735923813004815
 40
0.1741764471441897
 40
0.1741764471441897
 40
0.1741764471441897
 40
0.1746381917358225
 40
0.1746381917358225
 40
0.1746381917358225
 40
0.1752222575795309
 40
0.1752222575795309
 40
0.175806323423239
 40
0.175806323423239
 40
0.175806323423239
 40
0.1762680680148722
 40
0.1762680680148722
 40
0.1762680680148722
 40
0.1770126087985657
 40
0.1770126087985657
 40
0.1770126087985657
 40
0.1774743533901988
 40
0.1774743533901988
 40
0.1774743533901988
 40
0.1780584192339076
 40
0.1780584192339076
 40
0.1780584192339076
 40
0.1787114246999022
 40
0.1787114246999022
 40
0.1787114246999022
 40
0.1791731692915351
 40
0.1791731692915351
 40
0.1791731692915351
 40
0.1798261747575299
 40
0.1798261747575299
 40
0.1798261747575299
 40
0.1802879193491624
 40
0.1802879193491624
 40
0.1802879193491624
 40
0.1809409248151577
 40
0.1809409248151577
 40
0.1815939302811525
 40
0.1815939302811525
 40
0.1815939302811525
 40
0.1820556748727852
 40
0.1820556748727852
 40
0.1820556748727852
 40
0.1827086803387797
 40
0.1827086803387797
 40
0.1827086803387797
 40
0.1833281757158731
 40
0.1833281757158731
 40
0.1833281757158731
 40
0.1839811811818675
 40
0.1839811811818675
 40
0.1846341866478626
 40
0.1846341866478626
 40
0.1846341866478626
 40
0.1852536820270204
 40
0.1852536820270204
 40
0.1852536820270204
 40
0.1859066874930154
 40
0.1859066874930154
 40
0.1859066874930154
 40
0.186368432084648
 40
0.186368432084648
 40
0.186368432084648
 40
0.1869879274638065
 40
0.1869879274638065
 40
0.1876074228429646
 40
0.1876074228429646
 40
0.1876074228429646
 40
0.1884588378027544
 40
0.1884588378027544
 40
0.1884588378027544
 40
0.1890783331819127
 40
0.1890783331819127
 40
0.1896978285610706
 40
0.1896978285610706
 40
0.1896978285610706
 40
0.1903508340270655
 40
0.1903508340270655
 40
0.1903508340270655
 40
0.1909703294062232
 40
0.1909703294062232
 40
0.1915898247853813
 40
0.1915898247853813
 40
0.19220932016454
 40
0.19220932016454
 40
0.1930353140034167
 40
0.1930353140034167
 40
0.1936548093825746
 40
0.1936548093825746
 40
0.1942743047617321
 40
0.1942743047617321
 40
0.1948938001408903
 40
0.1948938001408903
 40
0.1957197939797682
 40
0.1957197939797682
 40
0.1963392893589261
 40
0.1963392893589261
 40
0.1969587847380842
 40
0.1969587847380842
 40
0.1969587847380842
 40
0.2052830037723705
 40
0.2052830037723705
 40
0.2052830037723705
 40
0.2060275445560801
 40
0.2060275445560801
 40
0.2060275445560801
 40
0.2064892891477228
 40
0.2064892891477228
 40
0.2064892891477228
 40
0.2072338299314323
 40
0.2072338299314323
 40
0.2072338299314323
 40
0.2078868353974409
 40
0.2078868353974409
 40
0.2078868353974409
 40
0.2086313761811507
 40
0.2086313761811507
 40
0.2086313761811507
 40
0.2092843816471594
 40
0.2092843816471594
 40
0.2092843816471594
 40
0.2100289224308682
 40
0.2100289224308682
 40
0.2100289224308682
 40
0.2106129882745897
 40
0.2106129882745897
 40
0.2106129882745897
 40
0.211357529058299
 40
0.211357529058299
 40
0.211357529058299
 40
0.2120105345243079
 40
0.2120105345243079
 40
0.2120105345243079
 40
0.2125946003680284
 40
0.2125946003680284
 40
0.2125946003680284
 40
0.2133391411517382
 40
0.2133391411517382
 40
0.2133391411517382
 40
0.2139232069954584
 40
0.2139232069954584
 40
0.2139232069954584
 40
0.2145762124614677
 40
0.2145762124614677
 40
0.2145762124614677
 40
0.2151602783051886
 40
0.2151602783051886
 40
0.2157443441489087
 40
0.2157443441489087
 40
0.2157443441489087
 40
0.2164888849326179
 40
0.2164888849326179
 40
0.2164888849326179
 40
0.2170729507763391
 40
0.2170729507763391
 40
0.2176570166200602
 40
0.2176570166200602
 40
0.2182410824637803
 40
0.2182410824637803
 40
0.2182410824637803
 40
0.21898562324749
 40
0.21898562324749
 40
0.21898562324749
 40
0.2195696890912107
 40
0.2195696890912107
 40
0.2201537549349313
 40
0.2201537549349313
 40
0.2201537549349313
 40
0.2206154995265732
 40
0.2206154995265732
 40
0.2206154995265732
 40
0.2213600403102833
 40
0.2213600403102833
 40
0.2213600403102833
 40
0.2219441061540043
 40
0.2219441061540043
 40
0.2225281719977238
 40
0.2225281719977238
 40
0.2231122378414448
 40
0.2231122378414448
 40
0.2231122378414448
 40
0.2235739824330878
 40
0.2235739824330878
 40
0.2235739824330878
 40
0.2243185232167974
 40
0.2243185232167974
 40
0.2243185232167974
 40
0.2247802678084402
 40
0.2247802678084402
 40
0.2252420124000823
 40
0.2252420124000823
 40
0.2252420124000823
 40
0.2258950178660911
 40
0.2258950178660911
 40
0.2258950178660911
 40
0.2263567624577336
 40
0.2263567624577336
 40
0.2263567624577336
 40
0.2270097679237424
 40
0.2270097679237424
 40
0.2270097679237424
 40
0.227471512515385
 40
0.227471512515385
 40
0.227471512515385
 40
0.2281245179813928
 40
0.2281245179813928
 40
0.2281245179813928
 40
0.2285862625730362
 40
0.2285862625730362
 40
0.2285862625730362
 40
0.229239268039044
 40
0.229239268039044
 40
0.229239268039044
 40
0.2297010126306862
 40
0.2297010126306862
 40
0.2297010126306862
 40
0.2303540180966947
 40
0.2303540180966947
 40
0.2303540180966947
 40
0.2308157626883377
 40
0.2308157626883377
 40
0.2308157626883377
 40
0.231468768154346
 40
0.231468768154346
 40
0.231468768154346
 40
0.2319305127459881
 40
0.2319305127459881
 40
0.2319305127459881
 40
0.2325835182119966
 40
0.2325835182119966
 40
0.2325835182119966
 40
0.2330452628036391
 40
0.2330452628036391
 40
0.2330452628036391
 40
0.2336982682696479
 40
0.2336982682696479
 40
0.2336982682696479
 40
0.2341600128612903
 40
0.2341600128612903
 40
0.2341600128612903
 40
0.2348130183272981
 40
0.2348130183272981
 40
0.2348130183272981
 40
0.2352747629189414
 40
0.2352747629189414
 40
0.2352747629189414
 40
0.2499999999797
 40
0.2499999999797
 40
0.2499999999797
 40
0.2506194953568051
 40
0.2506194953568051
 40
0.2510324922748771
 40
0.2510324922748771
 40
0.2510324922748771
 40
0.2516854977408811
 40
0.2516854977408811
 40
0.2516854977408811
 40
0.2523049931200493
 40
0.2523049931200493
 40
0.2527179900394942
 40
0.2527179900394942
 40
0.2527179900394942
 40
0.253370995505499
 40
0.253370995505499
 40
0.253370995505499
 40
0.253990490884667
 40
0.253990490884667
 40
0.253990490884667
 40
0.2544522354763069
 40
0.2544522354763069
 40
0.2544522354763069
 40
0.2550717308554746
 40
0.2550717308554746
 40
0.2556912262346421
 40
0.2556912262346421
 40
0.2556912262346421
 40
0.2561529708262858
 40
0.2561529708262858
 40
0.2561529708262858
 40
0.2567724662054584
 40
0.2567724662054584
 40
0.2567724662054584
 40
0.2574254716714681
 40
0.2574254716714681
 40
0.2574254716714681
 40
0.2578384685909169
 40
0.2578384685909169
 40
0.2584579639700891
 40
0.2584579639700891
 40
0.2584579639700891
 40
0.2591109694360995
 40
0.2591109694360995
 40
0.2591109694360995
 40
0.2595239663534835
 40
0.2595239663534835
 40
0.2595239663534835
 40
0.2601769718194929
 40
0.2601769718194929
 40
0.2601769718194929
 40
0.2607964671986655
 40
0.2607964671986655
 40
0.2612094641181142
 40
0.2612094641181142
 40
0.2618289594972869
 40
0.2618289594972869
 40
0.2618289594972869
 40
0.2624819649632977
 40
0.2624819649632977
 40
0.2624819649632977
 40
0.2631014603424708
 40
0.2631014603424708
 40
0.2637209557216431
 40
0.2637209557216431
 40
0.2637209557216431
 40
0.2641827003132861
 40
0.2641827003132861
 40
0.2641827003132861
 40
0.2648357057792962
 40
0.2648357057792962
 40
0.2648357057792962
 40
0.2654552011584692
 40
0.2654552011584692
 40
0.2654552011584692
 40
0.2661082066244784
 40
0.2661082066244784
 40
0.2661082066244784
 40
0.2665699512161234
 40
0.2665699512161234
 40
0.2665699512161234
 40
0.2671894465952956
 40
0.2671894465952956
 40
0.2671894465952956
 40
0.2678424520613059
 40
0.2678424520613059
 40
0.2684954575273155
 40
0.2684954575273155
 40
0.2691484629933265
 40
0.2691484629933265
 40
0.2698014684593364
 40
0.2698014684593364
 40
0.2698014684593364
 40
0.2702632130509797
 40
0.2702632130509797
 40
0.2702632130509797
 40
0.2709162185169901
 40
0.2709162185169901
 40
0.2709162185169901
 40
0.2716607593007017
 40
0.2716607593007017
 40
0.2716607593007017
 40
0.2723137647667121
 40
0.2723137647667121
 40
0.2729667702327223
 40
0.2729667702327223
 40
0.2729667702327223
 40
0.2737113110164343
 40
0.2737113110164343
 40
0.2737113110164343
 40
0.2741730556080781
 40
0.2741730556080781
 40
0.2741730556080781
 40
0.274826061074088
 40
0.274826061074088
 40
0.274826061074088
 40
0.2755706018577992
 40
0.2755706018577992
 40
0.2755706018577992
 40
0.2762236073238103
 40
0.2762236073238103
 40
0.2762236073238103
 40
0.2769681481075208
 40
0.2769681481075208
 40
0.2769681481075208
 40
0.2775522139512446
 40
0.2775522139512446
 40
0.2775522139512446
 40
0.2782052194172536
 40
0.2782052194172536
 40
0.2782052194172536
 40
0.2789497602009663
 40
0.2789497602009663
 40
0.2796943009846768
 40
0.2796943009846768
 40
0.2804388417683887
 40
0.2804388417683887
 40
0.2804388417683887
 40
0.288492281695568
 40
0.288492281695568
 40
0.288492281695568
 40
0.2892368224792799
 40
0.2892368224792799
 40
0.2899813632629912
 40
0.2899813632629912
 40
0.2907259040467026
 40
0.2907259040467026
 40
0.2907259040467026
 40
0.2913789095127131
 40
0.2913789095127131
 40
0.2913789095127131
 40
0.2919629753564361
 40
0.2919629753564361
 40
0.2919629753564361
 40
0.2927075161401463
 40
0.2927075161401463
 40
0.2927075161401463
 40
0.2933605216061572
 40
0.2933605216061572
 40
0.2933605216061572
 40
0.2941050623898689
 40
0.2941050623898689
 40
0.2941050623898689
 40
0.2947580678558793
 40
0.2947580678558793
 40
0.2947580678558793
 40
0.2952198124475228
 40
0.2952198124475228
 40
0.2952198124475228
 40
0.2959643532312341
 40
0.2959643532312341
 40
0.2959643532312341
 40
0.2966173586972448
 40
0.2966173586972448
 40
0.297270364163255
 40
0.297270364163255
 40
0.297270364163255
 40
0.298014904946966
 40
0.298014904946966
 40
0.298014904946966
 40
0.2986679104129771
 40
0.2986679104129771
 40
0.2986679104129771
 40
0.299129655004621
 40
0.299129655004621
 40
0.299129655004621
 40
0.2997826604706305
 40
0.2997826604706305
 40
0.3004356659366409
 40
0.3004356659366409
 40
0.3010886714026513
 40
0.3010886714026513
 40
0.3017416768686619
 40
0.3017416768686619
 40
0.3017416768686619
 40
0.3023611722478339
 40
0.3023611722478339
 40
0.3023611722478339
 40
0.3028229168394772
 40
0.3028229168394772
 40
0.3028229168394772
 40
0.3034759223054876
 40
0.3034759223054876
 40
0.3034759223054876
 40
0.3040954176846606
 40
0.3040954176846606
 40
0.3040954176846606
 40
0.30474842315067
 40
0.30474842315067
 40
0.30474842315067
 40
0.3052101677423152
 40
0.3052101677423152
 40
0.3052101677423152
 40
0.3058296631214872
 40
0.3058296631214872
 40
0.3064491585006597
 40
0.3064491585006597
 40
0.3064491585006597
 40
0.3071021639666702
 40
0.3071021639666702
 40
0.3071021639666702
 40
0.3077216593458423
 40
0.3077216593458423
 40
0.3081346562652916
 40
0.3081346562652916
 40
0.3087541516444628
 40
0.3087541516444628
 40
0.3087541516444628
 40
0.3094071571104744
 40
0.3094071571104744
 40
0.3094071571104744
 40
0.3098201540278576
 40
0.3098201540278576
 40
0.3098201540278576
 40
0.3104731594938678
 40
0.3104731594938678
 40
0.3104731594938678
 40
0.3110926548730401
 40
0.3110926548730401
 40
0.3115056517924881
 40
0.3115056517924881
 40
0.3115056517924881
 40
0.3121586572584985
 40
0.3121586572584985
 40
0.3121586572584985
 40
0.3127781526376721
 40
0.3127781526376721
 40
0.3127781526376721
 40
0.3132398972293148
 40
0.3132398972293148
 40
0.3132398972293148
 40
0.3138593926064225
 40
0.3138593926064225
 40
0.3144788879835305
 40
0.3144788879835305
 40
0.3144788879835305
 40
0.3149406325751706
 40
0.3149406325751706
 40
0.3149406325751706
 40
0.3155601279543396
 40
0.3155601279543396
 40
0.3155601279543396
 40
0.3162131334203445
 40
0.3162131334203445
 40
0.3162131334203445
 40
0.3166261303397898
 40
0.3166261303397898
 40
0.3172456257189596
 40
0.3172456257189596
 40
0.3172456257189596
 40
0.3178986311849664
 40
0.3178986311849664
 40
0.3178986311849664
 40
0.3183116281044114
 40
0.3183116281044114
 40
0.3189311234835797
 40
0.3189311234835797
 40
0.3189311234835797
 40
0.3336563605443756
 40
0.3336563605443756
 40
0.3336563605443756
 40
0.3341181051360192
 40
0.3341181051360192
 40
0.3341181051360192
 40
0.3347711106020285
 40
0.3347711106020285
 40
0.3347711106020285
 40
0.3352328551936725
 40
0.3352328551936725
 40
0.3352328551936725
 40
0.3358858606596837
 40
0.3358858606596837
 40
0.3358858606596837
 40
0.3363476052513258
 40
0.3363476052513258
 40
0.3363476052513258
 40
0.3370006107173376
 40
0.3370006107173376
 40
0.3370006107173376
 40
0.3374623553089798
 40
0.3374623553089798
 40
0.3374623553089798
 40
0.3381153607749902
 40
0.3381153607749902
 40
0.3381153607749902
 40
0.3385771053666342
 40
0.3385771053666342
 40
0.3385771053666342
 40
0.3392301108326443
 40
0.3392301108326443
 40
0.3392301108326443
 40
0.3396918554242874
 40
0.3396918554242874
 40
0.3396918554242874
 40
0.3403448608902978
 40
0.3403448608902978
 40
0.3403448608902978
 40
0.3408066054819411
 40
0.3408066054819411
 40
0.3408066054819411
 40
0.3414596109479519
 40
0.3414596109479519
 40
0.3414596109479519
 40
0.3419213555395956
 40
0.3419213555395956
 40
0.3419213555395956
 40
0.3425743610056052
 40
0.3425743610056052
 40
0.3425743610056052
 40
0.3430361055972492
 40
0.3430361055972492
 40
0.3430361055972492
 40
0.343689111063259
 40
0.343689111063259
 40
0.343689111063259
 40
0.3441508556549025
 40
0.3441508556549025
 40
0.3446126002465467
 40
0.3446126002465467
 40
0.3446126002465467
 40
0.3453571410302578
 40
0.3453571410302578
 40
0.3453571410302578
 40
0.3458188856219009
 40
0.3458188856219009
 40
0.3458188856219009
 40
0.3464029514656248
 40
0.3464029514656248
 40
0.3469870173093456
 40
0.3469870173093456
 40
0.347571083153068
 40
0.347571083153068
 40
0.347571083153068
 40
0.3483156239367804
 40
0.3483156239367804
 40
0.3483156239367804
 40
0.3487773685284229
 40
0.3487773685284229
 40
0.3487773685284229
 40
0.3493614343721453
 40
0.3493614343721453
 40
0.3499455002158668
 40
0.3499455002158668
 40
0.3499455002158668
 40
0.3506900409995788
 40
0.3506900409995788
 40
0.3506900409995788
 40
0.3512741068433014
 40
0.3512741068433014
 40
0.3518581726870229
 40
0.3518581726870229
 40
0.3524422385307452
 40
0.3524422385307452
 40
0.3524422385307452
 40
0.3531867793144567
 40
0.3531867793144567
 40
0.3531867793144567
 40
0.3537708451581794
 40
0.3537708451581794
 40
0.3543549110019004
 40
0.3543549110019004
 40
0.3543549110019004
 40
0.3550079164679105
 40
0.3550079164679105
 40
0.3550079164679105
 40
0.3555919823116327
 40
0.3555919823116327
 40
0.3555919823116327
 40
0.3563365230953443
 40
0.3563365230953443
 40
0.3563365230953443
 40
0.356920588939067
 40
0.356920588939067
 40
0.356920588939067
 40
0.3575735944050777
 40
0.3575735944050777
 40
0.3575735944050777
 40
0.3583181351887881
 40
0.3583181351887881
 40
0.3583181351887881
 40
0.358902201032511
 40
0.358902201032511
 40
0.358902201032511
 40
0.3596467418162228
 40
0.3596467418162228
 40
0.3596467418162228
 40
0.3602997472822332
 40
0.3602997472822332
 40
0.3602997472822332
 40
0.3610442880659441
 40
0.3610442880659441
 40
0.3610442880659441
 40
0.361697293531954
 40
0.361697293531954
 40
0.361697293531954
 40
0.3624418343156663
 40
0.3624418343156663
 40
0.3624418343156663
 40
0.3629035789073102
 40
0.3629035789073102
 40
0.3629035789073102
 40
0.3636481196910211
 40
0.3636481196910211
 40
0.3636481196910211
 40
0.3719723387253275
 40
0.3719723387253275
 40
0.3719723387253275
 40
0.3725918341045006
 40
0.3725918341045006
 40
0.3732113294836726
 40
0.3732113294836726
 40
0.3740373233225699
 40
0.3740373233225699
 40
0.3746568187017422
 40
0.3746568187017422
 40
0.3752763140809141
 40
0.3752763140809141
 40
0.3758958094600875
 40
0.3758958094600875
 40
0.3767218032989846
 40
0.3767218032989846
 40
0.3773412986781564
 40
0.3773412986781564
 40
0.3779607940573295
 40
0.3779607940573295
 40
0.3785802894365021
 40
0.3785802894365021
 40
0.3785802894365021
 40
0.3792332949025189
 40
0.3792332949025189
 40
0.3792332949025189
 40
0.3798527902816984
 40
0.3798527902816984
 40
0.3804722856608775
 40
0.3804722856608775
 40
0.3804722856608775
 40
0.3813237006206971
 40
0.3813237006206971
 40
0.3813237006206971
 40
0.3819431959998765
 40
0.3819431959998765
 40
0.3825626913790551
 40
0.3825626913790551
 40
0.3825626913790551
 40
0.3830244359707042
 40
0.3830244359707042
 40
0.3830244359707042
 40
0.3836774414367219
 40
0.3836774414367219
 40
0.3836774414367219
 40
0.3842969368159005
 40
0.3842969368159005
 40
0.3842969368159005
 40
0.3849499422819184
 40
0.3849499422819184
 40
0.3856029477479355
 40
0.3856029477479355
 40
0.3856029477479355
 40
0.3862224431250496
 40
0.3862224431250496
 40
0.3862224431250496
 40
0.3868754485910668
 40
0.3868754485910668
 40
0.3868754485910668
 40
0.3873371931827152
 40
0.3873371931827152
 40
0.3873371931827152
 40
0.3879901986487332
 40
0.3879901986487332
 40
0.3886432041147506
 40
0.3886432041147506
 40
0.3886432041147506
 40
0.3891049487063988
 40
0.3891049487063988
 40
0.3891049487063988
 40
0.3897579541724169
 40
0.3897579541724169
 40
0.3897579541724169
 40
0.3902196987640649
 40
0.3902196987640649
 40
0.3902196987640649
 40
0.3908727042300823
 40
0.3908727042300823
 40
0.3908727042300823
 40
0.3914567700738119
 40
0.3914567700738119
 40
0.3914567700738119
 40
0.3919185146654597
 40
0.3919185146654597
 40
0.3919185146654597
 40
0.3926630554491795
 40
0.3926630554491795
 40
0.3926630554491795
 40
0.3931248000408279
 40
0.3931248000408279
 40
0.3931248000408279
 40
0.3937088658845568
 40
0.3937088658845568
 40
0.3942929317282844
 40
0.3942929317282844
 40
0.3942929317282844
 40
0.3947546763199332
 40
0.3947546763199332
 40
0.3947546763199332
 40
0.395338742163662
 40
0.395338742163662
 40
0.3959228080073902
 40
0.3959228080073902
 40
0.3965068738511192
 40
0.3965068738511192
 40
0.3965068738511192
 40
0.3969686184427674
 40
0.3969686184427674
 40
0.3969686184427674
 40
0.3977131592264878
 40
0.3977131592264878
 40
0.3977131592264878
 40
0.3982972250702154
 40
0.3982972250702154
 40
0.3982972250702154
 40
0.3987589696618648
 40
0.3987589696618648
 40
0.3987589696618648
 40
0.3993430355055923
 40
0.3993430355055923
 40
0.3999271013493209
 40
0.3999271013493209
 40
0.3999271013493209
 40
0.400388845940969
 40
0.400388845940969
 40
0.400388845940969
 40
0.4009729117846985
 40
0.4009729117846985
 40
0.4015569776284269
 40
0.4015569776284269
 40
0.4015569776284269
 40
0.4020187222200765
 40
0.4020187222200765
 40
0.4020187222200765
 40
0.4169124012599315
 40
0.4169124012599315
 40
0.4169124012599315
 40
0.4173741458515807
 40
0.4173741458515807
 40
0.4173741458515807
 40
0.4179582116953081
 40
0.4179582116953081
 40
0.4185422775390372
 40
0.4185422775390372
 40
0.4185422775390372
 40
0.4190040221306861
 40
0.4190040221306861
 40
0.4190040221306861
 40
0.419588087974415
 40
0.419588087974415
 40
0.4201721538181423
 40
0.4201721538181423
 40
0.4201721538181423
 40
0.420633898409792
 40
0.420633898409792
 40
0.420633898409792
 40
0.4212179642535195
 40
0.4212179642535195
 40
0.4212179642535195
 40
0.4219625050372404
 40
0.4219625050372404
 40
0.4219625050372404
 40
0.4224242496288882
 40
0.4224242496288882
 40
0.4224242496288882
 40
0.4230083154726172
 40
0.4230083154726172
 40
0.4235923813163455
 40
0.4235923813163455
 40
0.4241764471600742
 40
0.4241764471600742
 40
0.4241764471600742
 40
0.4246381917517217
 40
0.4246381917517217
 40
0.4246381917517217
 40
0.4252222575954515
 40
0.4252222575954515
 40
0.4258063234391801
 40
0.4258063234391801
 40
0.4258063234391801
 40
0.4262680680308281
 40
0.4262680680308281
 40
0.4262680680308281
 40
0.427012608814548
 40
0.427012608814548
 40
0.427012608814548
 40
0.4274743534061968
 40
0.4274743534061968
 40
0.4274743534061968
 40
0.4280584192499244
 40
0.4280584192499244
 40
0.4280584192499244
 40
0.4287114247159426
 40
0.4287114247159426
 40
0.4287114247159426
 40
0.4291731693075912
 40
0.4291731693075912
 40
0.4291731693075912
 40
0.4298261747736083
 40
0.4298261747736083
 40
0.4298261747736083
 40
0.4302879193652568
 40
0.4302879193652568
 40
0.4302879193652568
 40
0.4309409248312744
 40
0.4309409248312744
 40
0.4315939302972908
 40
0.4315939302972908
 40
0.4315939302972908
 40
0.4320556748889396
 40
0.4320556748889396
 40
0.4320556748889396
 40
0.4327086803549572
 40
0.4327086803549572
 40
0.4327086803549572
 40
0.4333281757320721
 40
0.4333281757320721
 40
0.4333281757320721
 40
0.433981181198089
 40
0.433981181198089
 40
0.4346341866641062
 40
0.4346341866641062
 40
0.4346341866641062
 40
0.4352536820432851
 40
0.4352536820432851
 40
0.4352536820432851
 40
0.4359066875093036
 40
0.4359066875093036
 40
0.4359066875093036
 40
0.4363684321009518
 40
0.4363684321009518
 40
0.4363684321009518
 40
0.436987927480132
 40
0.436987927480132
 40
0.4376074228593101
 40
0.4376074228593101
 40
0.4376074228593101
 40
0.4384588378191293
 40
0.4384588378191293
 40
0.4384588378191293
 40
0.4390783331983094
 40
0.4390783331983094
 40
0.4396978285774879
 40
0.4396978285774879
 40
0.4396978285774879
 40
0.4403508340435059
 40
0.4403508340435059
 40
0.4403508340435059
 40
0.4409703294226852
 40
0.4409703294226852
 40
0.4415898248018639
 40
0.4415898248018639
 40
0.4422093201810445
 40
0.4422093201810445
 40
0.4430353140199494
 40
0.4430353140199494
 40
0.4436548093991297
 40
0.4436548093991297
 40
0.444274304778309
 40
0.444274304778309
 40
0.4448938001574887
 40
0.4448938001574887
 40
0.4457197939963939
 40
0.4457197939963939
 40
0.4463392893755726
 40
0.4463392893755726
 40
0.446958784754752
 40
0.446958784754752
 40
0.446958784754752
 40
0.455283003789226
 40
0.455283003789226
 40
0.455283003789226
 40
0.4560275445729526
 40
0.4560275445729526
 40
0.4560275445729526
 40
0.4564892891646066
 40
0.4564892891646066
 40
0.4564892891646066
 40
0.4572338299483328
 40
0.4572338299483328
 40
0.4572338299483328
 40
0.4578868354143555
 40
0.4578868354143555
 40
0.4578868354143555
 40
0.4586313761980832
 40
0.4586313761980832
 40
0.4586313761980832
 40
0.4592843816641062
 40
0.4592843816641062
 40
0.4592843816641062
 40
0.4600289224478327
 40
0.4600289224478327
 40
0.4600289224478327
 40
0.4606129882915661
 40
0.4606129882915661
 40
0.4606129882915661
 40
0.4613575290752935
 40
0.4613575290752935
 40
0.4613575290752935
 40
0.4620105345413158
 40
0.4620105345413158
 40
0.4620105345413158
 40
0.4625946003850503
 40
0.4625946003850503
 40
0.4625946003850503
 40
0.4633391411687769
 40
0.4633391411687769
 40
0.4633391411687769
 40
0.4639232070125111
 40
0.4639232070125111
 40
0.4639232070125111
 40
0.4645762124785335
 40
0.4645762124785335
 40
0.4645762124785335
 40
0.4651602783222685
 40
0.4651602783222685
 40
0.4657443441660024
 40
0.4657443441660024
 40
0.4657443441660024
 40
0.4664888849497282
 40
0.4664888849497282
 40
0.4664888849497282
 40
0.4670729507934629
 40
0.4670729507934629
 40
0.4676570166371971
 40
0.4676570166371971
 40
0.4682410824809295
 40
0.4682410824809295
 40
0.4682410824809295
 40
0.4689856232646561
 40
0.4689856232646561
 40
0.4689856232646561
 40
0.4695696891083909
 40
0.4695696891083909
 40
0.4701537549521246
 40
0.4701537549521246
 40
0.4701537549521246
 40
0.4706154995437772
 40
0.4706154995437772
 40
0.4706154995437772
 40
0.4713600403275039
 40
0.4713600403275039
 40
0.4713600403275039
 40
0.4719441061712385
 40
0.4719441061712385
 40
0.4725281720149732
 40
0.4725281720149732
 40
0.4731122378587056
 40
0.4731122378587056
 40
0.4731122378587056
 40
0.4735739824503589
 40
0.4735739824503589
 40
0.4735739824503589
 40
0.474318523234086
 40
0.474318523234086
 40
0.474318523234086
 40
0.4747802678257389
 40
0.4747802678257389
 40
0.4752420124173917
 40
0.4752420124173917
 40
0.4752420124173917
 40
0.4758950178834145
 40
0.4758950178834145
 40
0.4758950178834145
 40
0.4763567624750674
 40
0.4763567624750674
 40
0.4763567624750674
 40
0.4770097679410906
 40
0.4770097679410906
 40
0.4770097679410906
 40
0.4774715125327439
 40
0.4774715125327439
 40
0.4774715125327439
 40
0.4781245179987672
 40
0.4781245179987672
 40
0.4781245179987672
 40
0.4785862625904208
 40
0.4785862625904208
 40
0.4785862625904208
 40
0.4792392680564447
 40
0.4792392680564447
 40
0.4792392680564447
 40
0.4797010126480978
 40
0.4797010126480978
 40
0.4797010126480978
 40
0.4803540181141198
 40
0.4803540181141198
 40
0.4803540181141198
 40
0.4808157627057728
 40
0.4808157627057728
 40
0.4808157627057728
 40
0.4814687681717951
 40
0.4814687681717951
 40
0.4814687681717951
 40
0.4819305127634485
 40
0.4819305127634485
 40
0.4819305127634485
 40
0.4825835182294713
 40
0.4825835182294713
 40
0.4825835182294713
 40
0.483045262821125
 40
0.483045262821125
 40
0.483045262821125
 40
0.4836982682871481
 40
0.4836982682871481
 40
0.4836982682871481
 40
0.4841600128788018
 40
0.4841600128788018
 40
0.4841600128788018
 40
0.484813018344824
 40
0.484813018344824
 40
0.484813018344824
 40
0.485274762936477
 40
0.485274762936477
 40
0.485274762936477
 40
0.4999999999975694
 40
0.4999999999975694
 40
0.4999999999975694
 40
0.5006194953746901
 40
0.5006194953746901
 40
0.5010324922927699
 40
0.5010324922927699
 40
0.5010324922927699
 40
0.5016854977587902
 40
0.5016854977587902
 40
0.5016854977587902
 40
0.5023049931379732
 40
0.5023049931379732
 40
0.5027179900574292
 40
0.5027179900574292
 40
0.5027179900574292
 40
0.5033709955234527
 40
0.5033709955234527
 40
0.5033709955234527
 40
0.5039904909026351
 40
0.5039904909026351
 40
0.5039904909026351
 40
0.5044522354942871
 40
0.5044522354942871
 40
0.5044522354942871
 40
0.5050717308734706
 40
0.5050717308734706
 40
0.5056912262526542
 40
0.5056912262526542
 40
0.5056912262526542
 40
0.5061529708443069
 40
0.5061529708443069
 40
0.5061529708443069
 40
0.5067724662234934
 40
0.5067724662234934
 40
0.5067724662234934
 40
0.5074254716895167
 40
0.5074254716895167
 40
0.5074254716895167
 40
0.5078384686089736
 40
0.5078384686089736
 40
0.50845796398816
 40
0.50845796398816
 40
0.50845796398816
 40
0.509110969454185
 40
0.509110969454185
 40
0.509110969454185
 40
0.5095239663715763
 40
0.5095239663715763
 40
0.5095239663715763
 40
0.5101769718376009
 40
0.5101769718376009
 40
0.5101769718376009
 40
0.510796467216786
 40
0.510796467216786
 40
0.5112094641362435
 40
0.5112094641362435
 40
0.5118289595154301
 40
0.5118289595154301
 40
0.5118289595154301
 40
0.5124819649814535
 40
0.5124819649814535
 40
0.5124819649814535
 40
0.5131014603606397
 40
0.5131014603606397
 40
0.5137209557398252
 40
0.5137209557398252
 40
0.5137209557398252
 40
0.5141827003314786
 40
0.5141827003314786
 40
0.5141827003314786
 40
0.5148357057975038
 40
0.5148357057975038
 40
0.5148357057975038
 40
0.5154552011766889
 40
0.5154552011766889
 40
0.5154552011766889
 40
0.5161082066427128
 40
0.5161082066427128
 40
0.5161082066427128
 40
0.516569951234366
 40
0.516569951234366
 40
0.516569951234366
 40
0.5171894466135531
 40
0.5171894466135531
 40
0.5171894466135531
 40
0.5178424520795764
 40
0.5178424520795764
 40
0.5184954575456004
 40
0.5184954575456004
 40
0.519148463011625
 40
0.519148463011625
 40
0.5198014684776499
 40
0.5198014684776499
 40
0.5198014684776499
 40
0.5202632130693029
 40
0.5202632130693029
 40
0.5202632130693029
 40
0.5209162185353287
 40
0.5209162185353287
 40
0.5209162185353287
 40
0.521660759319054
 40
0.521660759319054
 40
0.521660759319054
 40
0.5223137647850793
 40
0.5223137647850793
 40
0.5229667702511042
 40
0.5229667702511042
 40
0.5229667702511042
 40
0.5237113110348309
 40
0.5237113110348309
 40
0.5237113110348309
 40
0.5241730556264845
 40
0.5241730556264845
 40
0.5241730556264845
 40
0.524826061092509
 40
0.524826061092509
 40
0.524826061092509
 40
0.5255706018762368
 40
0.5255706018762368
 40
0.5255706018762368
 40
0.5262236073422605
 40
0.5262236073422605
 40
0.5262236073422605
 40
0.5269681481259868
 40
0.5269681481259868
 40
0.5269681481259868
 40
0.5275522139697231
 40
0.5275522139697231
 40
0.5275522139697231
 40
0.5282052194357475
 40
0.5282052194357475
 40
0.5282052194357475
 40
0.5289497602194749
 40
0.5289497602194749
 40
0.5296943010032019
 40
0.5296943010032019
 40
0.5304388417869292
 40
0.5304388417869292
 40
0.5304388417869292
 40
0.53849228171428
 40
0.53849228171428
 40
0.53849228171428
 40
0.5392368224980094
 40
0.5392368224980094
 40
0.5399813632817358
 40
0.5399813632817358
 40
0.5407259040654641
 40
0.5407259040654641
 40
0.5407259040654641
 40
0.5413789095314878
 40
0.5413789095314878
 40
0.5413789095314878
 40
0.5419629753752232
 40
0.5419629753752232
 40
0.5419629753752232
 40
0.5427075161589517
 40
0.5427075161589517
 40
0.5427075161589517
 40
0.543360521624974
 40
0.543360521624974
 40
0.543360521624974
 40
0.5441050624087022
 40
0.5441050624087022
 40
0.5441050624087022
 40
0.544758067874727
 40
0.544758067874727
 40
0.544758067874727
 40
0.54521981246638
 40
0.54521981246638
 40
0.54521981246638
 40
0.5459643532501073
 40
0.5459643532501073
 40
0.5459643532501073
 40
0.5466173587161316
 40
0.5466173587161316
 40
0.5472703641821564
 40
0.5472703641821564
 40
0.5472703641821564
 40
0.5480149049658826
 40
0.5480149049658826
 40
0.5480149049658826
 40
0.5486679104319077
 40
0.5486679104319077
 40
0.5486679104319077
 40
0.5491296550235611
 40
0.5491296550235611
 40
0.5491296550235611
 40
0.549782660489585
 40
0.549782660489585
 40
0.5504356659556088
 40
0.5504356659556088
 40
0.5510886714216334
 40
0.5510886714216334
 40
0.5517416768876581
 40
0.5517416768876581
 40
0.5517416768876581
 40
0.5523611722668437
 40
0.5523611722668437
 40
0.5523611722668437
 40
0.5528229168584969
 40
0.5528229168584969
 40
0.5528229168584969
 40
0.5534759223245215
 40
0.5534759223245215
 40
0.5534759223245215
 40
0.5540954177037077
 40
0.5540954177037077
 40
0.5540954177037077
 40
0.554748423169732
 40
0.554748423169732
 40
0.554748423169732
 40
0.5552101677613857
 40
0.5552101677613857
 40
0.5552101677613857
 40
0.5558296631405719
 40
0.5558296631405719
 40
0.5564491585197568
 40
0.5564491585197568
 40
0.5564491585197568
 40
0.5571021639857822
 40
0.5571021639857822
 40
0.5571021639857822
 40
0.5577216593649669
 40
0.5577216593649669
 40
0.5581346562844243
 40
0.5581346562844243
 40
0.5587541516636099
 40
0.5587541516636099
 40
0.5587541516636099
 40
0.5594071571296343
 40
0.5594071571296343
 40
0.5594071571296343
 40
0.5598201540470268
 40
0.5598201540470268
 40
0.5598201540470268
 40
0.5604731595130521
 40
0.5604731595130521
 40
0.5604731595130521
 40
0.5610926548922375
 40
0.5610926548922375
 40
0.5615056518116942
 40
0.5615056518116942
 40
0.5615056518116942
 40
0.5621586572777182
 40
0.5621586572777182
 40
0.5621586572777182
 40
0.5627781526569053
 40
0.5627781526569053
 40
0.5627781526569053
 40
0.5632398972485572
 40
0.5632398972485572
 40
0.5632398972485572
 40
0.5638593926256791
 40
0.5638593926256791
 40
0.5644788880027989
 40
0.5644788880027989
 40
0.5644788880027989
 40
0.5649406325944526
 40
0.5649406325944526
 40
0.5649406325944526
 40
0.565560127973636
 40
0.565560127973636
 40
0.565560127973636
 40
0.5662131334396562
 40
0.5662131334396562
 40
0.5662131334396562
 40
0.5666261303591135
 40
0.5666261303591135
 40
0.5672456257382968
 40
0.5672456257382968
 40
0.5672456257382968
 40
0.5678986312043176
 40
0.5678986312043176
 40
0.5678986312043176
 40
0.5683116281237731
 40
0.5683116281237731
 40
0.5689311235029586
 40
0.5689311235029586
 40
0.5689311235029586
 40
0.5836563605640689
 40
0.5836563605640689
 40
0.5836563605640689
 40
0.5841181051557226
 40
0.5841181051557226
 40
0.5841181051557226
 40
0.5847711106217461
 40
0.5847711106217461
 40
0.5847711106217461
 40
0.5852328552134003
 40
0.5852328552134003
 40
0.5852328552134003
 40
0.5858858606794249
 40
0.5858858606794249
 40
0.5858858606794249
 40
0.586347605271079
 40
0.586347605271079
 40
0.586347605271079
 40
0.5870006107371037
 40
0.5870006107371037
 40
0.5870006107371037
 40
0.5874623553287565
 40
0.5874623553287565
 40
0.5874623553287565
 40
0.5881153607947803
 40
0.5881153607947803
 40
0.5881153607947803
 40
0.5885771053864329
 40
0.5885771053864329
 40
0.5885771053864329
 40
0.5892301108524576
 40
0.5892301108524576
 40
0.5892301108524576
 40
0.5896918554441121
 40
0.5896918554441121
 40
0.5896918554441121
 40
0.5903448609101353
 40
0.5903448609101353
 40
0.5903448609101353
 40
0.5908066055017891
 40
0.5908066055017891
 40
0.5908066055017891
 40
0.5914596109678127
 40
0.5914596109678127
 40
0.5914596109678127
 40
0.5919213555594665
 40
0.5919213555594665
 40
0.5919213555594665
 40
0.5925743610254908
 40
0.5925743610254908
 40
0.5925743610254908
 40
0.5930361056171445
 40
0.5930361056171445
 40
0.5930361056171445
 40
0.5936891110831686
 40
0.5936891110831686
 40
0.5936891110831686
 40
0.5941508556748223
 40
0.5941508556748223
 40
0.5946126002664763
 40
0.5946126002664763
 40
0.5946126002664763
 40
0.595357141050203
 40
0.595357141050203
 40
0.595357141050203
 40
0.5958188856418567
 40
0.5958188856418567
 40
0.5958188856418567
 40
0.5964029514855907
 40
0.5964029514855907
 40
0.5969870173293261
 40
0.5969870173293261
 40
0.59757108317306
 40
0.59757108317306
 40
0.59757108317306
 40
0.5983156239567878
 40
0.5983156239567878
 40
0.5983156239567878
 40
0.598777368548442
 40
0.598777368548442
 40
0.598777368548442
 40
0.5993614343921763
 40
0.5993614343921763
 40
0.599945500235911
 40
0.599945500235911
 40
0.599945500235911
 40
0.600690041019639
 40
0.600690041019639
 40
0.600690041019639
 40
0.6012741068633732
 40
0.6012741068633732
 40
0.6018581727071082
 40
0.6018581727071082
 40
0.6024422385508429
 40
0.6024422385508429
 40
0.6024422385508429
 40
0.60318677933457
 40
0.60318677933457
 40
0.60318677933457
 40
0.6037708451783046
 40
0.6037708451783046
 40
0.6043549110220411
 40
0.6043549110220411
 40
0.6043549110220411
 40
0.6050079164880641
 40
0.6050079164880641
 40
0.6050079164880641
 40
0.6055919823317982
 40
0.6055919823317982
 40
0.6055919823317982
 40
0.6063365231155258
 40
0.6063365231155258
 40
0.6063365231155258
 40
0.6069205889592603
 40
0.6069205889592603
 40
0.6069205889592603
 40
0.6075735944252852
 40
0.6075735944252852
 40
0.6075735944252852
 40
0.6083181352090117
 40
0.6083181352090117
 40
0.6083181352090117
 40
0.6089022010527477
 40
0.6089022010527477
 40
0.6089022010527477
 40
0.609646741836476
 40
0.609646741836476
 40
0.609646741836476
 40
0.6102997473024989
 40
0.6102997473024989
 40
0.6102997473024989
 40
0.6110442880862264
 40
0.6110442880862264
 40
0.6110442880862264
 40
0.6116972935522499
 40
0.6116972935522499
 40
0.6116972935522499
 40
0.6124418343359782
 40
0.6124418343359782
 40
0.6124418343359782
 40
0.6129035789276309
 40
0.6129035789276309
 40
0.6129035789276309
 40
0.6136481197113589
 40
0.6136481197113589
 40
0.6136481197113589
 40
0.6219723387458446
 40
0.6219723387458446
 40
0.6219723387458446
 40
0.6225918341250299
 40
0.6225918341250299
 40
0.6232113295042168
 40
0.6232113295042168
 40
0.6240373233431308
 40
0.6240373233431308
 40
0.6246568187223166
 40
0.6246568187223166
 40
0.6252763141015033
 40
0.6252763141015033
 40
0.6258958094806877
 40
0.6258958094806877
 40
0.6267218033196016
 40
0.6267218033196016
 40
0.6273412986987889
 40
0.6273412986987889
 40
0.6279607940779746
 40
0.6279607940779746
 40
0.6285802894571598
 40
0.6285802894571598
 40
0.6285802894571598
 40
0.6292332949231884
 40
0.6292332949231884
 40
0.6292332949231884
 40
0.6298527903023781
 40
0.6298527903023781
 40
0.6304722856815683
 40
0.6304722856815683
 40
0.6304722856815683
 40
0.6313237006414023
 40
0.6313237006414023
 40
0.6313237006414023
 40
0.6319431960205913
 40
0.6319431960205913
 40
0.6325626913997815
 40
0.6325626913997815
 40
0.6325626913997815
 40
0.6330244359914383
 40
0.6330244359914383
 40
0.6330244359914383
 40
0.6336774414574686
 40
0.6336774414574686
 40
0.6336774414574686
 40
0.634296936836657
 40
0.634296936836657
 40
0.634296936836657
 40
0.634949942302686
 40
0.634949942302686
 40
0.6356029477687131
 40
0.6356029477687131
 40
0.6356029477687131
 40
0.63622244314584
 40
0.63622244314584
 40
0.63622244314584
 40
0.6368754486118677
 40
0.6368754486118677
 40
0.6368754486118677
 40
0.637337193203524
 40
0.637337193203524
 40
0.637337193203524
 40
0.6379901986695532
 40
0.6379901986695532
 40
0.6386432041355813
 40
0.6386432041355813
 40
0.6386432041355813
 40
0.6391049487272383
 40
0.6391049487272383
 40
0.6391049487272383
 40
0.6397579541932665
 40
0.6397579541932665
 40
0.6397579541932665
 40
0.640219698784922
 40
0.640219698784922
 40
0.640219698784922
 40
0.6408727042509512
 40
0.6408727042509512
 40
0.6408727042509512
 40
0.641456770094689
 40
0.641456770094689
 40
0.641456770094689
 40
0.6419185146863455
 40
0.6419185146863455
 40
0.6419185146863455
 40
0.6426630554700785
 40
0.6426630554700785
 40
0.6426630554700785
 40
0.643124800061735
 40
0.643124800061735
 40
0.643124800061735
 40
0.6437088659054735
 40
0.6437088659054735
 40
0.644292931749212
 40
0.644292931749212
 40
0.644292931749212
 40
0.6447546763408689
 40
0.6447546763408689
 40
0.6447546763408689
 40
0.6453387421846077
 40
0.6453387421846077
 40
0.6459228080283467
 40
0.6459228080283467
 40
0.646506873872084
 40
0.646506873872084
 40
0.646506873872084
 40
0.6469686184637411
 40
0.6469686184637411
 40
0.6469686184637411
 40
0.6477131592474715
 40
0.6477131592474715
 40
0.6477131592474715
 40
0.648297225091211
 40
0.648297225091211
 40
0.648297225091211
 40
0.6487589696828677
 40
0.6487589696828677
 40
0.6487589696828677
 40
0.6493430355266059
 40
0.6493430355266059
 40
0.6499271013703446
 40
0.6499271013703446
 40
0.6499271013703446
 40
0.6503888459620022
 40
0.6503888459620022
 40
0.6503888459620022
 40
0.6509729118057395
 40
0.6509729118057395
 40
0.6515569776494791
 40
0.6515569776494791
 40
0.6515569776494791
 40
0.6520187222411351
 40
0.6520187222411351
 40
0.6520187222411351
 40
0.6669124012812458
 40
0.6669124012812458
 40
0.6669124012812458
 40
0.6673741458729027
 40
0.6673741458729027
 40
0.6673741458729027
 40
0.6679582117166413
 40
0.6679582117166413
 40
0.66854227756038
 40
0.66854227756038
 40
0.66854227756038
 40
0.669004022152036
 40
0.669004022152036
 40
0.669004022152036
 40
0.669588087995775
 40
0.669588087995775
 40
0.670172153839513
 40
0.670172153839513
 40
0.670172153839513
 40
0.6706338984311695
 40
0.6706338984311695
 40
0.6706338984311695
 40
0.6712179642749083
 40
0.6712179642749083
 40
0.6712179642749083
 40
0.6719625050586403
 40
0.6719625050586403
 40
0.6719625050586403
 40
0.6724242496502978
 40
0.6724242496502978
 40
0.6724242496502978
 40
0.6730083154940356
 40
0.6730083154940356
 40
0.6735923813377742
 40
0.6735923813377742
 40
0.6741764471815125
 40
0.6741764471815125
 40
0.6741764471815125
 40
0.6746381917731689
 40
0.6746381917731689
 40
0.6746381917731689
 40
0.6752222576169069
 40
0.6752222576169069
 40
0.675806323460646
 40
0.675806323460646
 40
0.675806323460646
 40
0.6762680680523022
 40
0.6762680680523022
 40
0.6762680680523022
 40
0.6770126088360336
 40
0.6770126088360336
 40
0.6770126088360336
 40
0.677474353427693
 40
0.677474353427693
 40
0.677474353427693
 40
0.6780584192714302
 40
0.6780584192714302
 40
0.6780584192714302
 40
0.678711424737459
 40
0.678711424737459
 40
0.678711424737459
 40
0.6791731693291149
 40
0.6791731693291149
 40
0.6791731693291149
 40
0.6798261747951436
 40
0.6798261747951436
 40
0.6798261747951436
 40
0.6802879193868006
 40
0.6802879193868006
 40
0.6802879193868006
 40
0.6809409248528291
 40
0.6809409248528291
 40
0.6815939303188563
 40
0.6815939303188563
 40
0.6815939303188563
 40
0.6820556749105134
 40
0.6820556749105134
 40
0.6820556749105134
 40
0.6827086803765419
 40
0.6827086803765419
 40
0.6827086803765419
 40
0.6833281757557327
 40
0.6833281757557327
 40
0.6833281757557327
 40
0.683981181221761
 40
0.683981181221761
 40
0.6846341866877887
 40
0.6846341866877887
 40
0.6846341866877887
 40
0.6852536820669798
 40
0.6852536820669798
 40
0.6852536820669798
 40
0.6859066875330081
 40
0.6859066875330081
 40
0.6859066875330081
 40
0.6863684321246638
 40
0.6863684321246638
 40
0.6863684321246638
 40
0.6869879275038542
 40
0.6869879275038542
 40
0.6876074228830444
 40
0.6876074228830444
 40
0.6876074228830444
 40
0.6884588378428774
 40
0.6884588378428774
 40
0.6884588378428774
 40
0.6890783332200031
 40
0.6890783332200031
 40
0.6896978285971284
 40
0.6896978285971284
 40
0.6896978285971284
 40
0.6903508340631552
 40
0.6903508340631552
 40
0.6903508340631552
 40
0.6909703294423424
 40
0.6909703294423424
 40
0.6915898248215305
 40
0.6915898248215305
 40
0.6922093202007185
 40
0.6922093202007185
 40
0.6930353140396357
 40
0.6930353140396357
 40
0.6936548094188242
 40
0.6936548094188242
 40
0.6942743047980123
 40
0.6942743047980123
 40
0.6948938001772009
 40
0.6948938001772009
 40
0.6957197940161182
 40
0.6957197940161182
 40
0.6963392893953063
 40
0.6963392893953063
 40
0.6969587847744939
 40
0.6969587847744939
 40
0.6969587847744939
 40
0.7052830038091329
 40
0.7052830038091329
 40
0.7052830038091329
 40
0.7060275445928744
 40
0.7060275445928744
 40
0.7060275445928744
 40
0.7064892891845362
 40
0.7064892891845362
 40
0.7064892891845362
 40
0.7072338299682775
 40
0.7072338299682775
 40
0.7072338299682775
 40
0.7078868354343143
 40
0.7078868354343143
 40
0.7078868354343143
 40
0.7086313762180552
 40
0.7086313762180552
 40
0.7086313762180552
 40
0.7092843816840909
 40
0.7092843816840909
 40
0.7092843816840909
 40
0.7100289224678318
 40
0.7100289224678318
 40
0.7100289224678318
 40
0.7106129883115778
 40
0.7106129883115778
 40
0.7106129883115778
 40
0.7113575290953194
 40
0.7113575290953194
 40
0.7113575290953194
 40
0.7120105345613552
 40
0.7120105345613552
 40
0.7120105345613552
 40
0.7125946004051001
 40
0.7125946004051001
 40
0.7125946004051001
 40
0.7133391411888418
 40
0.7133391411888418
 40
0.7133391411888418
 40
0.713923207032588
 40
0.713923207032588
 40
0.713923207032588
 40
0.7145762124986234
 40
0.7145762124986234
 40
0.7145762124986234
 40
0.7151602783423694
 40
0.7151602783423694
 40
0.7157443441861144
 40
0.7157443441861144
 40
0.7157443441861144
 40
0.7164888849698565
 40
0.7164888849698565
 40
0.7164888849698565
 40
0.717072950813602
 40
0.717072950813602
 40
0.7176570166573465
 40
0.7176570166573465
 40
0.718241082501093
 40
0.718241082501093
 40
0.718241082501093
 40
0.7189856232848344
 40
0.7189856232848344
 40
0.7189856232848344
 40
0.7195696891285789
 40
0.7195696891285789
 40
0.7201537549723245
 40
0.7201537549723245
 40
0.7201537549723245
 40
0.7206154995639867
 40
0.7206154995639867
 40
0.7206154995639867
 40
0.7213600403477285
 40
0.7213600403477285
 40
0.7213600403477285
 40
0.7219441061914739
 40
0.7219441061914739
 40
0.7225281720352191
 40
0.7225281720352191
 40
0.7231122378789635
 40
0.7231122378789635
 40
0.7231122378789635
 40
0.723573982470626
 40
0.723573982470626
 40
0.723573982470626
 40
0.724318523254368
 40
0.724318523254368
 40
0.724318523254368
 40
0.7247802678460291
 40
0.7247802678460291
 40
0.7252420124376906
 40
0.7252420124376906
 40
0.7252420124376906
 40
0.7258950179037267
 40
0.7258950179037267
 40
0.7258950179037267
 40
0.7263567624953897
 40
0.7263567624953897
 40
0.7263567624953897
 40
0.7270097679614257
 40
0.7270097679614257
 40
0.7270097679614257
 40
0.7274715125530873
 40
0.7274715125530873
 40
0.7274715125530873
 40
0.7281245180191245
 40
0.7281245180191245
 40
0.7281245180191245
 40
0.7285862626107852
 40
0.7285862626107852
 40
0.7285862626107852
 40
0.729239268076822
 40
0.729239268076822
 40
0.729239268076822
 40
0.7297010126684849
 40
0.7297010126684849
 40
0.7297010126684849
 40
0.73035401813452
 40
0.73035401813452
 40
0.73035401813452
 40
0.7308157627261826
 40
0.7308157627261826
 40
0.7308157627261826
 40
0.7314687681922183
 40
0.7314687681922183
 40
0.7314687681922183
 40
0.7319305127838804
 40
0.7319305127838804
 40
0.7319305127838804
 40
0.7325835182499167
 40
0.7325835182499167
 40
0.7325835182499167
 40
0.733045262841579
 40
0.733045262841579
 40
0.733045262841579
 40
0.7336982683076148
 40
0.7336982683076148
 40
0.7336982683076148
 40
0.7341600128992772
 40
0.7341600128992772
 40
0.7341600128992772
 40
0.7348130183653135
 40
0.7348130183653135
 40
0.7348130183653135
 40
0.7352747629569756
 40
0.7352747629569756
 40
0.7352747629569756
 40
0.7500000000183581
 40
0.7500000000183581
 40
0.7500000000183581
 40
0.7506194953975551
 40
0.7506194953975551
 40
0.7510324923170197
 40
0.7510324923170197
 40
0.7510324923170197
 40
0.7516854977830583
 40
0.7516854977830583
 40
0.7516854977830583
 40
0.7523049931622562
 40
0.7523049931622562
 40
0.7527179900817231
 40
0.7527179900817231
 40
0.7527179900817231
 40
0.7533709955477633
 40
0.7533709955477633
 40
0.7533709955477633
 40
0.7539904909269636
 40
0.7539904909269636
 40
0.7539904909269636
 40
0.7544522355186271
 40
0.7544522355186271
 40
0.7544522355186271
 40
0.7550717308978283
 40
0.7550717308978283
 40
0.7556912262770294
 40
0.7556912262770294
 40
0.7556912262770294
 40
0.7561529708686939
 40
0.7561529708686939
 40
0.7561529708686939
 40
0.7567724662478934
 40
0.7567724662478934
 40
0.7567724662478934
 40
0.757425471713934
 40
0.757425471713934
 40
0.757425471713934
 40
0.7578384686313353
 40
0.7578384686313353
 40
0.7584579640074397
 40
0.7584579640074397
 40
0.7584579640074397
 40
0.7591109694734769
 40
0.7591109694734769
 40
0.7591109694734769
 40
0.7595239663908766
 40
0.7595239663908766
 40
0.7595239663908766
 40
0.7601769718569142
 40
0.7601769718569142
 40
0.7601769718569142
 40
0.7607964672340471
 40
0.7607964672340471
 40
0.7612094641521359
 40
0.7612094641521359
 40
0.7618289595292687
 40
0.7618289595292687
 40
0.7618289595292687
 40
0.7624819649953042
 40
0.7624819649953042
 40
0.7624819649953042
 40
0.7631014603745024
 40
0.7631014603745024
 40
0.763720955753699
 40
0.763720955753699
 40
0.763720955753699
 40
0.7641827003453616
 40
0.7641827003453616
 40
0.7641827003453616
 40
0.7648357058113989
 40
0.7648357058113989
 40
0.7648357058113989
 40
0.765455201188533
 40
0.765455201188533
 40
0.765455201188533
 40
0.7661082066545707
 40
0.7661082066545707
 40
0.7661082066545707
 40
0.7665699512462337
 40
0.7665699512462337
 40
0.7665699512462337
 40
0.7671894466254323
 40
0.7671894466254323
 40
0.7671894466254323
 40
0.7678424520914701
 40
0.7678424520914701
 40
0.768495457557509
 40
0.768495457557509
 40
0.769148463023546
 40
0.769148463023546
 40
0.7698014684895836
 40
0.7698014684895836
 40
0.7698014684895836
 40
0.7702632130812465
 40
0.7702632130812465
 40
0.7702632130812465
 40
0.7709162185472844
 40
0.7709162185472844
 40
0.7709162185472844
 40
0.7716607593310275
 40
0.7716607593310275
 40
0.7716607593310275
 40
0.7723137647970638
 40
0.7723137647970638
 40
0.7729667702631023
 40
0.7729667702631023
 40
0.7729667702631023
 40
0.7737113110468453
 40
0.7737113110468453
 40
0.7737113110468453
 40
0.7741730556385086
 40
0.7741730556385086
 40
0.7741730556385086
 40
0.774826061104547
 40
0.774826061104547
 40
0.774826061104547
 40
0.7755706018882885
 40
0.7755706018882885
 40
0.7755706018882885
 40
0.7762236073543275
 40
0.7762236073543275
 40
0.7762236073543275
 40
0.7769681481380698
 40
0.7769681481380698
 40
0.7769681481380698
 40
0.7775522139818158
 40
0.7775522139818158
 40
0.7775522139818158
 40
0.7782052194478548
 40
0.7782052194478548
 40
0.7782052194478548
 40
0.778949760231598
 40
0.778949760231598
 40
0.7796943010153405
 40
0.7796943010153405
 40
0.7804388417990831
 40
0.7804388417990831
 40
0.7804388417990831
 40
0.7884922817266014
 40
0.7884922817266014
 40
0.7884922817266014
 40
0.7892368225103432
 40
0.7892368225103432
 40
0.7899813632940867
 40
0.7899813632940867
 40
0.7907259040778305
 40
0.7907259040778305
 40
0.7907259040778305
 40
0.7913789095438681
 40
0.7913789095438681
 40
0.7913789095438681
 40
0.791962975387615
 40
0.791962975387615
 40
0.791962975387615
 40
0.7927075161713576
 40
0.7927075161713576
 40
0.7927075161713576
 40
0.7933605216373956
 40
0.7933605216373956
 40
0.7933605216373956
 40
0.7941050624211385
 40
0.7941050624211385
 40
0.7941050624211385
 40
0.7947580678871758
 40
0.7947580678871758
 40
0.7947580678871758
 40
0.7952198124788394
 40
0.7952198124788394
 40
0.7952198124788394
 40
0.7959643532625823
 40
0.7959643532625823
 40
0.7959643532625823
 40
0.7966173587286195
 40
0.7966173587286195
 40
0.7972703641946577
 40
0.7972703641946577
 40
0.7972703641946577
 40
0.7980149049784014
 40
0.7980149049784014
 40
0.7980149049784014
 40
0.7986679104444379
 40
0.7986679104444379
 40
0.7986679104444379
 40
0.7991296550361013
 40
0.7991296550361013
 40
0.7991296550361013
 40
0.7997826605021392
 40
0.7997826605021392
 40
0.8004356659681771
 40
0.8004356659681771
 40
0.8010886714342152
 40
0.8010886714342152
 40
0.8017416769002528
 40
0.8017416769002528
 40
0.8017416769002528
 40
0.8023611722794511
 40
0.8023611722794511
 40
0.8023611722794511
 40
0.8028229168711141
 40
0.8028229168711141
 40
0.8028229168711141
 40
0.803475922337152
 40
0.803475922337152
 40
0.803475922337152
 40
0.8040954177142853
 40
0.8040954177142853
 40
0.8040954177142853
 40
0.8047484231803242
 40
0.8047484231803242
 40
0.8047484231803242
 40
0.8052101677719864
 40
0.8052101677719864
 40
0.8052101677719864
 40
0.8058296631491205
 40
0.8058296631491205
 40
0.8064491585262534
 40
0.8064491585262534
 40
0.8064491585262534
 40
0.8071021639922905
 40
0.8071021639922905
 40
0.8071021639922905
 40
0.8077216593714871
 40
0.8077216593714871
 40
0.8081346562909517
 40
0.8081346562909517
 40
0.8087541516701487
 40
0.8087541516701487
 40
0.8087541516701487
 40
0.8094071571361887
 40
0.8094071571361887
 40
0.8094071571361887
 40
0.8098201540535899
 40
0.8098201540535899
 40
0.8098201540535899
 40
0.8104731595196287
 40
0.8104731595196287
 40
0.8104731595196287
 40
0.8110926548988294
 40
0.8110926548988294
 40
0.8115056518182964
 40
0.8115056518182964
 40
0.8115056518182964
 40
0.8121586572843376
 40
0.8121586572843376
 40
0.8121586572843376
 40
0.8127781526635405
 40
0.8127781526635405
 40
0.8127781526635405
 40
0.8132398972552043
 40
0.8132398972552043
 40
0.8132398972552043
 40
0.8138593926344058
 40
0.8138593926344058
 40
0.8144788880136078
 40
0.8144788880136078
 40
0.8144788880136078
 40
0.8149406326052742
 40
0.8149406326052742
 40
0.8149406326052742
 40
0.8155601279844744
 40
0.8155601279844744
 40
0.8155601279844744
 40
0.8162131334505169
 40
0.8162131334505169
 40
0.8162131334505169
 40
0.8166261303679201
 40
0.8166261303679201
 40
0.8172456257440232
 40
0.8172456257440232
 40
0.8172456257440232
 40
0.8178986312100622
 40
0.8178986312100622
 40
0.8178986312100622
 40
0.818311628127464
 40
0.818311628127464
 40
0.8189311235035656
 40
0.8189311235035656
 40
0.8189311235035656
 40
0.8336563605649449
 40
0.8336563605649449
 40
0.8336563605649449
 40
0.834118105156606
 40
0.834118105156606
 40
0.834118105156606
 40
0.8347711106226433
 40
0.8347711106226433
 40
0.8347711106226433
 40
0.835232855214305
 40
0.835232855214305
 40
0.835232855214305
 40
0.8358858606803417
 40
0.8358858606803417
 40
0.8358858606803417
 40
0.8363476052720031
 40
0.8363476052720031
 40
0.8363476052720031
 40
0.8370006107380394
 40
0.8370006107380394
 40
0.8370006107380394
 40
0.8374623553297007
 40
0.8374623553297007
 40
0.8374623553297007
 40
0.8381153607957367
 40
0.8381153607957367
 40
0.8381153607957367
 40
0.8385771053873994
 40
0.8385771053873994
 40
0.8385771053873994
 40
0.8392301108534354
 40
0.8392301108534354
 40
0.8392301108534354
 40
0.8396918554450972
 40
0.8396918554450972
 40
0.8396918554450972
 40
0.8403448609111335
 40
0.8403448609111335
 40
0.8403448609111335
 40
0.8408066055027954
 40
0.8408066055027954
 40
0.8408066055027954
 40
0.8414596109688316
 40
0.8414596109688316
 40
0.8414596109688316
 40
0.8419213555604934
 40
0.8419213555604934
 40
0.8419213555604934
 40
0.842574361026529
 40
0.842574361026529
 40
0.842574361026529
 40
0.843036105618192
 40
0.843036105618192
 40
0.843036105618192
 40
0.8436891110842273
 40
0.8436891110842273
 40
0.8436891110842273
 40
0.8441508556758897
 40
0.8441508556758897
 40
0.8446126002675515
 40
0.8446126002675515
 40
0.8446126002675515
 40
0.8453571410512924
 40
0.8453571410512924
 40
0.8453571410512924
 40
0.8458188856429544
 40
0.8458188856429544
 40
0.8458188856429544
 40
0.8464029514867
 40
0.8464029514867
 40
0.8469870173304457
 40
0.8469870173304457
 40
0.8475710831741895
 40
0.8475710831741895
 40
0.8475710831741895
 40
0.8483156239579311
 40
0.8483156239579311
 40
0.8483156239579311
 40
0.8487773685495928
 40
0.8487773685495928
 40
0.8487773685495928
 40
0.8493614343933394
 40
0.8493614343933394
 40
0.8499455002370834
 40
0.8499455002370834
 40
0.8499455002370834
 40
0.8506900410208242
 40
0.8506900410208242
 40
0.8506900410208242
 40
0.8512741068645704
 40
0.8512741068645704
 40
0.8518581727083148
 40
0.8518581727083148
 40
0.8524422385520605
 40
0.8524422385520605
 40
0.8524422385520605
 40
0.8531867793358021
 40
0.8531867793358021
 40
0.8531867793358021
 40
0.8537708451795469
 40
0.8537708451795469
 40
0.8543549110232926
 40
0.8543549110232926
 40
0.8543549110232926
 40
0.8550079164893296
 40
0.8550079164893296
 40
0.8550079164893296
 40
0.8555919823330743
 40
0.8555919823330743
 40
0.8555919823330743
 40
0.8563365231168151
 40
0.8563365231168151
 40
0.8563365231168151
 40
0.8569205889605603
 40
0.8569205889605603
 40
0.8569205889605603
 40
0.8575735944265969
 40
0.8575735944265969
 40
0.8575735944265969
 40
0.8583181352103381
 40
0.8583181352103381
 40
0.8583181352103381
 40
0.8589022010540827
 40
0.8589022010540827
 40
0.8589022010540827
 40
0.8596467418378242
 40
0.8596467418378242
 40
0.8596467418378242
 40
0.8602997473038605
 40
0.8602997473038605
 40
0.8602997473038605
 40
0.8610442880876014
 40
0.8610442880876014
 40
0.8610442880876014
 40
0.8616972935536384
 40
0.8616972935536384
 40
0.8616972935536384
 40
0.8624418343373786
 40
0.8624418343373786
 40
0.8624418343373786
 40
0.8629035789290405
 40
0.8629035789290405
 40
0.8629035789290405
 40
0.8636481197127815
 40
0.8636481197127815
 40
0.8636481197127815
 40
0.8719723387474181
 40
0.8719723387474181
 40
0.8719723387474181
 40
0.8725918341245505
 40
0.8725918341245505
 40
0.8732113295016828
 40
0.8732113295016828
 40
0.8740373233378589
 40
0.8740373233378589
 40
0.8746568187149906
 40
0.8746568187149906
 40
0.875276314092124
 40
0.875276314092124
 40
0.875895809469255
 40
0.875895809469255
 40
0.8767218033054309
 40
0.8767218033054309
 40
0.8773412986825633
 40
0.8773412986825633
 40
0.8779607940596952
 40
0.8779607940596952
 40
0.8785802894368279
 40
0.8785802894368279
 40
0.8785802894368279
 40
0.8792332949028553
 40
0.8792332949028553
 40
0.8792332949028553
 40
0.8798527902820448
 40
0.8798527902820448
 40
0.8804722856612326
 40
0.8804722856612326
 40
0.8804722856612326
 40
0.8813237006210667
 40
0.8813237006210667
 40
0.8813237006210667
 40
0.8819431960002576
 40
0.8819431960002576
 40
0.8825626913794482
 40
0.8825626913794482
 40
0.8825626913794482
 40
0.8830244359711054
 40
0.8830244359711054
 40
0.8830244359711054
 40
0.8836774414371339
 40
0.8836774414371339
 40
0.8836774414371339
 40
0.8842969368163246
 40
0.8842969368163246
 40
0.8842969368163246
 40
0.8849499422823527
 40
0.8849499422823527
 40
0.8856029477483821
 40
0.8856029477483821
 40
0.8856029477483821
 40
0.8862224431275718
 40
0.8862224431275718
 40
0.8862224431275718
 40
0.8868754485936007
 40
0.8868754485936007
 40
0.8868754485936007
 40
0.8873371931852585
 40
0.8873371931852585
 40
0.8873371931852585
 40
0.8879901986512874
 40
0.8879901986512874
 40
0.8886432041173165
 40
0.8886432041173165
 40
0.8886432041173165
 40
0.8891049487089728
 40
0.8891049487089728
 40
0.8891049487089728
 40
0.889757954175002
 40
0.889757954175002
 40
0.889757954175002
 40
0.890219698766658
 40
0.890219698766658
 40
0.890219698766658
 40
0.8908727042326869
 40
0.8908727042326869
 40
0.8908727042326869
 40
0.8914567700764261
 40
0.8914567700764261
 40
0.8914567700764261
 40
0.8919185146680828
 40
0.8919185146680828
 40
0.8919185146680828
 40
0.892663055451816
 40
0.892663055451816
 40
0.892663055451816
 40
0.8931248000434728
 40
0.8931248000434728
 40
0.8931248000434728
 40
0.8937088658872117
 40
0.8937088658872117
 40
0.8942929317309508
 40
0.8942929317309508
 40
0.8942929317309508
 40
0.8947546763226069
 40
0.8947546763226069
 40
0.8947546763226069
 40
0.895338742166346
 40
0.895338742166346
 40
0.8959228080100844
 40
0.8959228080100844
 40
0.8965068738538239
 40
0.8965068738538239
 40
0.8965068738538239
 40
0.8969686184454804
 40
0.8969686184454804
 40
0.8969686184454804
 40
0.8977131592292135
 40
0.8977131592292135
 40
0.8977131592292135
 40
0.8982972250729521
 40
0.8982972250729521
 40
0.8982972250729521
 40
0.8987589696646092
 40
0.8987589696646092
 40
0.8987589696646092
 40
0.8993430355083482
 40
0.8993430355083482
 40
0.8999271013520872
 40
0.8999271013520872
 40
0.8999271013520872
 40
0.9003888459437436
 40
0.9003888459437436
 40
0.9003888459437436
 40
0.9009729117874821
 40
0.9009729117874821
 40
0.9015569776312216
 40
0.9015569776312216
 40
0.9015569776312216
 40
0.9020187222228785
 40
0.9020187222228785
 40
0.9020187222228785
 40
0.9169124012629997
 40
0.9169124012629997
 40
0.9169124012629997
 40
0.9173741458546559
 40
0.9173741458546559
 40
0.9173741458546559
 40
0.9179582116983949
 40
0.9179582116983949
 40
0.9185422775421338
 40
0.9185422775421338
 40
0.9185422775421338
 40
0.9190040221337907
 40
0.9190040221337907
 40
0.9190040221337907
 40
0.91958808797753
 40
0.91958808797753
 40
0.9201721538212686
 40
0.9201721538212686
 40
0.9201721538212686
 40
0.9206338984129253
 40
0.9206338984129253
 40
0.9206338984129253
 40
0.9212179642566637
 40
0.9212179642566637
 40
0.9212179642566637
 40
0.9219625050403972
 40
0.9219625050403972
 40
0.9219625050403972
 40
0.9224242496320533
 40
0.9224242496320533
 40
0.9224242496320533
 40
0.9230083154757927
 40
0.9230083154757927
 40
0.9235923813195314
 40
0.9235923813195314
 40
0.9241764471632705
 40
0.9241764471632705
 40
0.9241764471632705
 40
0.9246381917549272
 40
0.9246381917549272
 40
0.9246381917549272
 40
0.9252222575986658
 40
0.9252222575986658
 40
0.925806323442405
 40
0.925806323442405
 40
0.925806323442405
 40
0.9262680680340616
 40
0.9262680680340616
 40
0.9262680680340616
 40
0.9270126088177943
 40
0.9270126088177943
 40
0.9270126088177943
 40
0.9274743534094511
 40
0.9274743534094511
 40
0.9274743534094511
 40
0.9280584192531901
 40
0.9280584192531901
 40
0.9280584192531901
 40
0.9287114247192189
 40
0.9287114247192189
 40
0.9287114247192189
 40
0.9291731693108758
 40
0.9291731693108758
 40
0.9291731693108758
 40
0.9298261747769045
 40
0.9298261747769045
 40
0.9298261747769045
 40
0.9302879193685621
 40
0.9302879193685621
 40
0.9302879193685621
 40
0.9309409248345903
 40
0.9309409248345903
 40
0.9315939303006191
 40
0.9315939303006191
 40
0.9315939303006191
 40
0.9320556748922761
 40
0.9320556748922761
 40
0.9320556748922761
 40
0.9327086803583053
 40
0.9327086803583053
 40
0.9327086803583053
 40
0.9333281757374957
 40
0.9333281757374957
 40
0.9333281757374957
 40
0.9339811812035246
 40
0.9339811812035246
 40
0.9346341866695533
 40
0.9346341866695533
 40
0.9346341866695533
 40
0.9352536820487439
 40
0.9352536820487439
 40
0.9352536820487439
 40
0.9359066875147727
 40
0.9359066875147727
 40
0.9359066875147727
 40
0.9363684321064297
 40
0.9363684321064297
 40
0.9363684321064297
 40
0.9369879274856197
 40
0.9369879274856197
 40
0.9376074228648098
 40
0.9376074228648098
 40
0.9376074228648098
 40
0.9384588378246446
 40
0.9384588378246446
 40
0.9384588378246446
 40
0.9390783332017696
 40
0.9390783332017696
 40
0.9396978285788953
 40
0.9396978285788953
 40
0.9396978285788953
 40
0.9403508340449224
 40
0.9403508340449224
 40
0.9403508340449224
 40
0.9409703294241112
 40
0.9409703294241112
 40
0.9415898248033001
 40
0.9415898248033001
 40
0.9422093201824893
 40
0.9422093201824893
 40
0.9430353140214073
 40
0.9430353140214073
 40
0.9436548094005964
 40
0.9436548094005964
 40
0.9442743047797849
 40
0.9442743047797849
 40
0.9448938001589735
 40
0.9448938001589735
 40
0.9457197939978922
 40
0.9457197939978922
 40
0.9463392893770801
 40
0.9463392893770801
 40
0.9469587847562687
 40
0.9469587847562687
 40
0.9469587847562687
 40
0.9552830037908863
 40
0.9552830037908863
 40
0.9552830037908863
 40
0.956027544574626
 40
0.956027544574626
 40
0.956027544574626
 40
0.9564892891662871
 40
0.9564892891662871
 40
0.9564892891662871
 40
0.9572338299500265
 40
0.9572338299500265
 40
0.9572338299500265
 40
0.9578868354160611
 40
0.9578868354160611
 40
0.9578868354160611
 40
0.9586313761998005
 40
0.9586313761998005
 40
0.9586313761998005
 40
0.9592843816658357
 40
0.9592843816658357
 40
0.9592843816658357
 40
0.9600289224495747
 40
0.9600289224495747
 40
0.9600289224495747
 40
0.9606129882933188
 40
0.9606129882933188
 40
0.9606129882933188
 40
0.9613575290770581
 40
0.9613575290770581
 40
0.9613575290770581
 40
0.9620105345430926
 40
0.9620105345430926
 40
0.9620105345430926
 40
0.9625946003868365
 40
0.9625946003868365
 40
0.9625946003868365
 40
0.9633391411705762
 40
0.9633391411705762
 40
0.9633391411705762
 40
0.9639232070143202
 40
0.9639232070143202
 40
0.9639232070143202
 40
0.9645762124803545
 40
0.9645762124803545
 40
0.9645762124803545
 40
0.9651602783240987
 40
0.9651602783240987
 40
0.9657443441678425
 40
0.9657443441678425
 40
0.9657443441678425
 40
0.9664888849515821
 40
0.9664888849515821
 40
0.9664888849515821
 40
0.9670729507953261
 40
0.9670729507953261
 40
0.9676570166390699
 40
0.9676570166390699
 40
0.968241082482814
 40
0.968241082482814
 40
0.968241082482814
 40
0.9689856232665531
 40
0.9689856232665531
 40
0.9689856232665531
 40
0.969569689110297
 40
0.969569689110297
 40
0.9701537549540411
 40
0.9701537549540411
 40
0.9701537549540411
 40
0.9706154995457023
 40
0.9706154995457023
 40
0.9706154995457023
 40
0.9713600403294415
 40
0.9713600403294415
 40
0.9713600403294415
 40
0.9719441061731854
 40
0.9719441061731854
 40
0.9725281720169293
 40
0.9725281720169293
 40
0.9731122378606732
 40
0.9731122378606732
 40
0.9731122378606732
 40
0.973573982452334
 40
0.973573982452334
 40
0.973573982452334
 40
0.9743185232360734
 40
0.9743185232360734
 40
0.9743185232360734
 40
0.974780267827734
 40
0.974780267827734
 40
0.9752420124193948
 40
0.9752420124193948
 40
0.9752420124193948
 40
0.9758950178854294
 40
0.9758950178854294
 40
0.9758950178854294
 40
0.97635676247709
 40
0.97635676247709
 40
0.97635676247709
 40
0.9770097679431248
 40
0.9770097679431248
 40
0.9770097679431248
 40
0.9774715125347857
 40
0.9774715125347857
 40
0.9774715125347857
 40
0.9781245180008205
 40
0.9781245180008205
 40
0.9781245180008205
 40
0.9785862625924812
 40
0.9785862625924812
 40
0.9785862625924812
 40
0.9792392680585158
 40
0.9792392680585158
 40
0.9792392680585158
 40
0.9797010126501767
 40
0.9797010126501767
 40
0.9797010126501767
 40
0.9803540181162113
 40
0.9803540181162113
 40
0.9803540181162113
 40
0.9808157627078721
 40
0.9808157627078721
 40
0.9808157627078721
 40
0.9814687681739067
 40
0.9814687681739067
 40
0.9814687681739067
 40
0.9819305127655678
 40
0.9819305127655678
 40
0.9819305127655678
 40
0.9825835182316025
 40
0.9825835182316025
 40
0.9825835182316025
 40
0.9830452628232631
 40
0.9830452628232631
 40
0.9830452628232631
 40
0.9836982682892977
 40
0.9836982682892977
 40
0.9836982682892977
 40
0.9841600128809584
 40
0.9841600128809584
 40
0.9841600128809584
 40
0.984813018346993
 40
0.984813018346993
 40
0.984813018346993
 40
0.985274762938654
 40
0.985274762938654
 40
0.985274762938654
 40
1.0
 40
1.0
 40
1.0
 40
1.0
 10
4.9
 20
7.510000000000001
 30
0.0
 10
4.9
 20
7.52
 30
0.0
 10
4.9
 20
7.53
 30
0.0
 10
4.9
 20
7.546666666666667
 30
0.0
 10
4.9
 20
7.553333333333334
 30
0.0
 10
4.9
 20
7.56
 30
0.0
 10
4.903333333333333
 20
7.569999999999999
 30
0.0
 10
4.906666666666667
 20
7.579999999999999
 30
0.0
 10
4.91
 20
7.59
 30
0.0
 10
4.91
 20
7.600000000000001
 30
0.0
 10
4.91
 20
7.61
 30
0.0
 10
4.91
 20
7.626666666666666
 30
0.0
 10
4.91
 20
7.633333333333333
 30
0.0
 10
4.91
 20
7.64
 30
0.0
 10
4.913333333333333
 20
7.649999999999999
 30
0.0
 10
4.916666666666667
 20
7.659999999999999
 30
0.0
 10
4.92
 20
7.669999999999999
 30
0.0
 10
4.92
 20
7.68
 30
0.0
 10
4.92
 20
7.69
 30
0.0
 10
4.92
 20
7.7
 30
0.0
 10
4.923333333333333
 20
7.706666666666667
 30
0.0
 10
4.926666666666667
 20
7.713333333333334
 30
0.0
 10
4.93
 20
7.72
 30
0.0
 10
4.93
 20
7.73
 30
0.0
 10
4.93
 20
7.739999999999999
 30
0.0
 10
4.93
 20
7.760000000000001
 30
0.0
 10
4.93
 20
7.77
 30
0.0
 10
4.93
 20
7.78
 30
0.0
 10
4.933333333333334
 20
7.786666666666666
 30
0.0
 10
4.936666666666667
 20
7.793333333333333
 30
0.0
 10
4.94
 20
7.8
 30
0.0
 10
4.94
 20
7.81
 30
0.0
 10
4.94
 20
7.82
 30
0.0
 10
4.94
 20
7.830000000000001
 30
0.0
 10
4.943333333333334
 20
7.840000000000001
 30
0.0
 10
4.946666666666666
 20
7.850000000000001
 30
0.0
 10
4.95
 20
7.86
 30
0.0
 10
4.95
 20
7.866666666666667
 30
0.0
 10
4.95
 20
7.873333333333334
 30
0.0
 10
4.95
 20
7.89
 30
0.0
 10
4.95
 20
7.899999999999999
 30
0.0
 10
4.95
 20
7.91
 30
0.0
 10
4.953333333333334
 20
7.920000000000001
 30
0.0
 10
4.956666666666667
 20
7.930000000000001
 30
0.0
 10
4.96
 20
7.94
 30
0.0
 10
4.96
 20
7.946666666666666
 30
0.0
 10
4.96
 20
7.953333333333333
 30
0.0
 10
4.96
 20
7.96
 30
0.0
 10
4.963333333333334
 20
7.969999999999999
 30
0.0
 10
4.966666666666666
 20
7.98
 30
0.0
 10
4.97
 20
7.989999999999999
 30
0.0
 10
4.97
 20
8.0
 30
0.0
 10
4.97
 20
8.01
 30
0.0
 10
4.97
 20
8.026666666666666
 30
0.0
 10
4.97
 20
8.033333333333333
 30
0.0
 10
4.97
 20
8.049999999999999
 30
0.0
 10
4.97
 20
8.06
 30
0.0
 10
4.97
 20
8.07
 30
0.0
 10
4.966666666666666
 20
8.08
 30
0.0
 10
4.963333333333334
 20
8.090000000000002
 30
0.0
 10
4.96
 20
8.1
 30
0.0
 10
4.96
 20
8.11
 30
0.0
 10
4.96
 20
8.12
 30
0.0
 10
4.96
 20
8.139999999999999
 30
0.0
 10
4.96
 20
8.15
 30
0.0
 10
4.96
 20
8.16
 30
0.0
 10
4.956666666666666
 20
8.166666666666666
 30
0.0
 10
4.953333333333333
 20
8.173333333333334
 30
0.0
 10
4.95
 20
8.18
 30
0.0
 10
4.946666666666666
 20
8.19
 30
0.0
 10
4.943333333333334
 20
8.200000000000001
 30
0.0
 10
4.94
 20
8.21
 30
0.0
 10
4.94
 20
8.22
 30
0.0
 10
4.94
 20
8.230000000000002
 30
0.0
 10
4.94
 20
8.24
 30
0.0
 10
4.936666666666667
 20
8.249999999999998
 30
0.0
 10
4.933333333333334
 20
8.26
 30
0.0
 10
4.93
 20
8.27
 30
0.0
 10
4.926666666666667
 20
8.276666666666666
 30
0.0
 10
4.923333333333333
 20
8.283333333333333
 30
0.0
 10
4.92
 20
8.29
 30
0.0
 10
4.92
 20
8.299999999999999
 30
0.0
 10
4.92
 20
8.31
 30
0.0
 10
4.92
 20
8.32
 30
0.0
 10
4.916666666666667
 20
8.33
 30
0.0
 10
4.913333333333333
 20
8.340000000000002
 30
0.0
 10
4.906666666666666
 20
8.36
 30
0.0
 10
4.903333333333333
 20
8.37
 30
0.0
 10
4.896666666666668
 20
8.389999999999999
 30
0.0
 10
4.893333333333334
 20
8.4
 30
0.0
 10
4.886666666666666
 20
8.42
 30
0.0
 10
4.883333333333333
 20
8.43
 30
0.0
 10
4.88
 20
8.44
 30
0.0
 10
4.876666666666666
 20
8.446666666666667
 30
0.0
 10
4.873333333333334
 20
8.453333333333333
 30
0.0
 10
4.87
 20
8.46
 30
0.0
 10
4.866666666666666
 20
8.47
 30
0.0
 10
4.863333333333333
 20
8.480000000000002
 30
0.0
 10
4.86
 20
8.49
 30
0.0
 10
4.853333333333333
 20
8.499999999999998
 30
0.0
 10
4.846666666666667
 20
8.51
 30
0.0
 10
4.84
 20
8.52
 30
0.0
 10
4.836666666666667
 20
8.53
 30
0.0
 10
4.833333333333333
 20
8.540000000000001
 30
0.0
 10
4.826666666666667
 20
8.56
 30
0.0
 10
4.823333333333333
 20
8.57
 30
0.0
 10
4.82
 20
8.58
 30
0.0
 10
4.813333333333333
 20
8.589999999999998
 30
0.0
 10
4.806666666666668
 20
8.6
 30
0.0
 10
4.8
 20
8.61
 30
0.0
 10
4.796666666666666
 20
8.616666666666667
 30
0.0
 10
4.793333333333333
 20
8.623333333333335
 30
0.0
 10
4.79
 20
8.63
 30
0.0
 10
4.786666666666666
 20
8.639999999999999
 30
0.0
 10
4.783333333333334
 20
8.65
 30
0.0
 10
4.78
 20
8.66
 30
0.0
 10
4.773333333333333
 20
8.67
 30
0.0
 10
4.766666666666667
 20
8.68
 30
0.0
 10
4.76
 20
8.69
 30
0.0
 10
4.756666666666667
 20
8.700000000000001
 30
0.0
 10
4.753333333333333
 20
8.71
 30
0.0
 10
4.75
 20
8.72
 30
0.0
 10
4.743333333333333
 20
8.729999999999999
 30
0.0
 10
4.736666666666667
 20
8.74
 30
0.0
 10
4.73
 20
8.75
 30
0.0
 10
4.723333333333334
 20
8.756666666666666
 30
0.0
 10
4.716666666666668
 20
8.763333333333334
 30
0.0
 10
4.71
 20
8.77
 30
0.0
 10
4.706666666666666
 20
8.78
 30
0.0
 10
4.703333333333333
 20
8.790000000000001
 30
0.0
 10
4.7
 20
8.8
 30
0.0
 10
4.693333333333333
 20
8.81
 30
0.0
 10
4.686666666666667
 20
8.82
 30
0.0
 10
4.673333333333334
 20
8.839999999999998
 30
0.0
 10
4.666666666666667
 20
8.85
 30
0.0
 10
4.653333333333333
 20
8.87
 30
0.0
 10
4.646666666666667
 20
8.88
 30
0.0
 10
4.64
 20
8.89
 30
0.0
 10
4.510000000000001
 20
8.89
 30
0.0
 10
4.38
 20
8.89
 30
0.0
 10
4.25
 20
8.89
 30
0.0
 10
4.243333333333333
 20
8.88
 30
0.0
 10
4.236666666666667
 20
8.87
 30
0.0
 10
4.223333333333334
 20
8.85
 30
0.0
 10
4.216666666666668
 20
8.839999999999998
 30
0.0
 10
4.203333333333332
 20
8.820000000000002
 30
0.0
 10
4.196666666666666
 20
8.81
 30
0.0
 10
4.19
 20
8.8
 30
0.0
 10
4.186666666666667
 20
8.790000000000001
 30
0.0
 10
4.183333333333334
 20
8.78
 30
0.0
 10
4.18
 20
8.77
 30
0.0
 10
4.173333333333333
 20
8.763333333333334
 30
0.0
 10
4.166666666666667
 20
8.756666666666666
 30
0.0
 10
4.16
 20
8.75
 30
0.0
 10
4.153333333333333
 20
8.74
 30
0.0
 10
4.146666666666667
 20
8.729999999999999
 30
0.0
 10
4.14
 20
8.72
 30
0.0
 10
4.136666666666666
 20
8.71
 30
0.0
 10
4.133333333333333
 20
8.700000000000001
 30
0.0
 10
4.13
 20
8.69
 30
0.0
 10
4.123333333333334
 20
8.680000000000001
 30
0.0
 10
4.116666666666667
 20
8.67
 30
0.0
 10
4.11
 20
8.66
 30
0.0
 10
4.106666666666666
 20
8.65
 30
0.0
 10
4.103333333333333
 20
8.64
 30
0.0
 10
4.1
 20
8.63
 30
0.0
 10
4.096666666666667
 20
8.623333333333333
 30
0.0
 10
4.093333333333333
 20
8.616666666666667
 30
0.0
 10
4.09
 20
8.61
 30
0.0
 10
4.083333333333333
 20
8.6
 30
0.0
 10
4.076666666666667
 20
8.589999999999998
 30
0.0
 10
4.07
 20
8.58
 30
0.0
 10
4.066666666666666
 20
8.570000000000002
 30
0.0
 10
4.063333333333333
 20
8.56
 30
0.0
 10
4.056666666666667
 20
8.540000000000001
 30
0.0
 10
4.053333333333334
 20
8.53
 30
0.0
 10
4.05
 20
8.52
 30
0.0
 10
4.043333333333333
 20
8.51
 30
0.0
 10
4.036666666666666
 20
8.5
 30
0.0
 10
4.03
 20
8.49
 30
0.0
 10
4.026666666666666
 20
8.480000000000002
 30
0.0
 10
4.023333333333333
 20
8.47
 30
0.0
 10
4.02
 20
8.46
 30
0.0
 10
4.016666666666667
 20
8.453333333333333
 30
0.0
 10
4.013333333333333
 20
8.446666666666665
 30
0.0
 10
4.01
 20
8.44
 30
0.0
 10
4.006666666666667
 20
8.430000000000001
 30
0.0
 10
4.003333333333333
 20
8.42
 30
0.0
 10
3.996666666666667
 20
8.4
 30
0.0
 10
3.993333333333334
 20
8.39
 30
0.0
 10
3.986666666666666
 20
8.37
 30
0.0
 10
3.983333333333334
 20
8.36
 30
0.0
 10
3.976666666666667
 20
8.340000000000002
 30
0.0
 10
3.973333333333333
 20
8.33
 30
0.0
 10
3.97
 20
8.32
 30
0.0
 10
3.97
 20
8.31
 30
0.0
 10
3.97
 20
8.299999999999999
 30
0.0
 10
3.97
 20
8.29
 30
0.0
 10
3.966666666666667
 20
8.283333333333333
 30
0.0
 10
3.963333333333333
 20
8.276666666666666
 30
0.0
 10
3.96
 20
8.27
 30
0.0
 10
3.956666666666667
 20
8.26
 30
0.0
 10
3.953333333333333
 20
8.25
 30
0.0
 10
3.950000000000001
 20
8.24
 30
0.0
 10
3.950000000000001
 20
8.230000000000002
 30
0.0
 10
3.950000000000001
 20
8.22
 30
0.0
 10
3.950000000000001
 20
8.21
 30
0.0
 10
3.946666666666667
 20
8.200000000000001
 30
0.0
 10
3.943333333333333
 20
8.19
 30
0.0
 10
3.94
 20
8.18
 30
0.0
 10
3.936666666666667
 20
8.173333333333334
 30
0.0
 10
3.933333333333334
 20
8.166666666666666
 30
0.0
 10
3.93
 20
8.16
 30
0.0
 10
3.93
 20
8.15
 30
0.0
 10
3.93
 20
8.14
 30
0.0
 10
3.93
 20
8.12
 30
0.0
 10
3.93
 20
8.11
 30
0.0
 10
3.93
 20
8.1
 30
0.0
 10
3.926666666666667
 20
8.090000000000002
 30
0.0
 10
3.923333333333333
 20
8.08
 30
0.0
 10
3.92
 20
8.07
 30
0.0
 10
3.92
 20
8.06
 30
0.0
 10
3.92
 20
8.049999999999999
 30
0.0
 10
3.92
 20
8.033333333333333
 30
0.0
 10
3.92
 20
8.026666666666666
 30
0.0
 10
3.92
 20
8.01
 30
0.0
 10
3.92
 20
8.0
 30
0.0
 10
3.92
 20
7.989999999999999
 30
0.0
 10
3.923333333333333
 20
7.98
 30
0.0
 10
3.926666666666666
 20
7.97
 30
0.0
 10
3.93
 20
7.96
 30
0.0
 10
3.93
 20
7.953333333333333
 30
0.0
 10
3.93
 20
7.946666666666666
 30
0.0
 10
3.93
 20
7.94
 30
0.0
 10
3.933333333333334
 20
7.930000000000001
 30
0.0
 10
3.936666666666667
 20
7.920000000000001
 30
0.0
 10
3.94
 20
7.91
 30
0.0
 10
3.94
 20
7.899999999999999
 30
0.0
 10
3.94
 20
7.89
 30
0.0
 10
3.94
 20
7.873333333333334
 30
0.0
 10
3.94
 20
7.866666666666667
 30
0.0
 10
3.94
 20
7.86
 30
0.0
 10
3.943333333333333
 20
7.850000000000001
 30
0.0
 10
3.946666666666667
 20
7.840000000000001
 30
0.0
 10
3.950000000000001
 20
7.830000000000001
 30
0.0
 10
3.950000000000001
 20
7.82
 30
0.0
 10
3.950000000000001
 20
7.81
 30
0.0
 10
3.950000000000001
 20
7.8
 30
0.0
 10
3.953333333333333
 20
7.793333333333333
 30
0.0
 10
3.956666666666667
 20
7.786666666666666
 30
0.0
 10
3.96
 20
7.78
 30
0.0
 10
3.96
 20
7.77
 30
0.0
 10
3.96
 20
7.760000000000001
 30
0.0
 10
3.96
 20
7.739999999999999
 30
0.0
 10
3.96
 20
7.73
 30
0.0
 10
3.96
 20
7.72
 30
0.0
 10
3.963333333333333
 20
7.713333333333334
 30
0.0
 10
3.966666666666667
 20
7.706666666666667
 30
0.0
 10
3.97
 20
7.7
 30
0.0
 10
3.97
 20
7.69
 30
0.0
 10
3.97
 20
7.68
 30
0.0
 10
3.97
 20
7.669999999999999
 30
0.0
 10
3.973333333333333
 20
7.659999999999999
 30
0.0
 10
3.976666666666667
 20
7.649999999999999
 30
0.0
 10
3.98
 20
7.64
 30
0.0
 10
3.98
 20
7.633333333333333
 30
0.0
 10
3.98
 20
7.626666666666666
 30
0.0
 10
3.98
 20
7.61
 30
0.0
 10
3.98
 20
7.600000000000001
 30
0.0
 10
3.98
 20
7.59
 30
0.0
 10
3.983333333333333
 20
7.579999999999999
 30
0.0
 10
3.986666666666667
 20
7.569999999999999
 30
0.0
 10
3.99
 20
7.56
 30
0.0
 10
3.99
 20
7.553333333333334
 30
0.0
 10
3.99
 20
7.546666666666667
 30
0.0
 10
3.99
 20
7.530000000000001
 30
0.0
 10
3.99
 20
7.52
 30
0.0
 10
3.99
 20
7.510000000000001
 30
0.0
 10
3.76
 20
7.45
 30
0.0
 10
3.53
 20
7.390000000000001
 30
0.0
 10
3.299999999999999
 20
7.330000000000001
 30
0.0
 10
3.296666666666667
 20
7.336666666666666
 30
0.0
 10
3.293333333333333
 20
7.343333333333334
 30
0.0
 10
3.29
 20
7.349999999999999
 30
0.0
 10
3.286666666666667
 20
7.359999999999999
 30
0.0
 10
3.283333333333333
 20
7.37
 30
0.0
 10
3.28
 20
7.38
 30
0.0
 10
3.276666666666667
 20
7.386666666666667
 30
0.0
 10
3.273333333333333
 20
7.393333333333334
 30
0.0
 10
3.27
 20
7.400000000000001
 30
0.0
 10
3.266666666666667
 20
7.41
 30
0.0
 10
3.263333333333333
 20
7.419999999999999
 30
0.0
 10
3.26
 20
7.43
 30
0.0
 10
3.256666666666666
 20
7.436666666666667
 30
0.0
 10
3.253333333333333
 20
7.443333333333332
 30
0.0
 10
3.25
 20
7.45
 30
0.0
 10
3.246666666666667
 20
7.46
 30
0.0
 10
3.243333333333334
 20
7.47
 30
0.0
 10
3.24
 20
7.48
 30
0.0
 10
3.236666666666667
 20
7.486666666666667
 30
0.0
 10
3.233333333333334
 20
7.493333333333333
 30
0.0
 10
3.23
 20
7.5
 30
0.0
 10
3.226666666666667
 20
7.510000000000001
 30
0.0
 10
3.223333333333333
 20
7.52
 30
0.0
 10
3.22
 20
7.53
 30
0.0
 10
3.216666666666667
 20
7.536666666666666
 30
0.0
 10
3.213333333333333
 20
7.543333333333333
 30
0.0
 10
3.21
 20
7.55
 30
0.0
 10
3.206666666666667
 20
7.56
 30
0.0
 10
3.203333333333333
 20
7.57
 30
0.0
 10
3.200000000000001
 20
7.580000000000001
 30
0.0
 10
3.196666666666667
 20
7.586666666666666
 30
0.0
 10
3.193333333333333
 20
7.593333333333334
 30
0.0
 10
3.19
 20
7.599999999999999
 30
0.0
 10
3.186666666666667
 20
7.609999999999999
 30
0.0
 10
3.183333333333334
 20
7.62
 30
0.0
 10
3.18
 20
7.63
 30
0.0
 10
3.176666666666667
 20
7.636666666666667
 30
0.0
 10
3.173333333333333
 20
7.643333333333334
 30
0.0
 10
3.17
 20
7.650000000000001
 30
0.0
 10
3.166666666666667
 20
7.66
 30
0.0
 10
3.163333333333334
 20
7.669999999999999
 30
0.0
 10
3.16
 20
7.68
 30
0.0
 10
3.156666666666667
 20
7.686666666666667
 30
0.0
 10
3.153333333333334
 20
7.693333333333332
 30
0.0
 10
3.15
 20
7.7
 30
0.0
 10
3.146666666666667
 20
7.71
 30
0.0
 10
3.143333333333333
 20
7.72
 30
0.0
 10
3.14
 20
7.73
 30
0.0
 10
3.136666666666667
 20
7.736666666666667
 30
0.0
 10
3.133333333333333
 20
7.743333333333333
 30
0.0
 10
3.13
 20
7.75
 30
0.0
 10
3.126666666666666
 20
7.760000000000001
 30
0.0
 10
3.123333333333334
 20
7.77
 30
0.0
 10
3.12
 20
7.78
 30
0.0
 10
3.116666666666667
 20
7.786666666666666
 30
0.0
 10
3.113333333333333
 20
7.793333333333333
 30
0.0
 10
3.106666666666666
 20
7.806666666666668
 30
0.0
 10
3.103333333333333
 20
7.813333333333333
 30
0.0
 10
3.1
 20
7.82
 30
0.0
 10
3.093333333333333
 20
7.830000000000001
 30
0.0
 10
3.086666666666666
 20
7.84
 30
0.0
 10
3.08
 20
7.849999999999999
 30
0.0
 10
3.076666666666667
 20
7.856666666666666
 30
0.0
 10
3.073333333333334
 20
7.863333333333333
 30
0.0
 10
3.07
 20
7.87
 30
0.0
 10
3.063333333333333
 20
7.876666666666666
 30
0.0
 10
3.056666666666666
 20
7.883333333333333
 30
0.0
 10
3.043333333333333
 20
7.896666666666666
 30
0.0
 10
3.036666666666667
 20
7.903333333333333
 30
0.0
 10
3.023333333333333
 20
7.916666666666667
 30
0.0
 10
3.016666666666666
 20
7.923333333333333
 30
0.0
 10
3.01
 20
7.93
 30
0.0
 10
3.003333333333333
 20
7.94
 30
0.0
 10
2.996666666666667
 20
7.95
 30
0.0
 10
2.99
 20
7.96
 30
0.0
 10
2.986666666666667
 20
7.966666666666666
 30
0.0
 10
2.983333333333334
 20
7.973333333333334
 30
0.0
 10
2.98
 20
7.98
 30
0.0
 10
2.973333333333333
 20
7.986666666666667
 30
0.0
 10
2.966666666666666
 20
7.993333333333333
 30
0.0
 10
2.953333333333333
 20
8.006666666666666
 30
0.0
 10
2.946666666666667
 20
8.013333333333334
 30
0.0
 10
2.94
 20
8.02
 30
0.0
 10
2.93
 20
8.026666666666666
 30
0.0
 10
2.92
 20
8.033333333333333
 30
0.0
 10
2.91
 20
8.04
 30
0.0
 10
2.903333333333334
 20
8.046666666666667
 30
0.0
 10
2.896666666666667
 20
8.053333333333335
 30
0.0
 10
2.883333333333332
 20
8.066666666666668
 30
0.0
 10
2.876666666666666
 20
8.073333333333332
 30
0.0
 10
2.863333333333333
 20
8.086666666666668
 30
0.0
 10
2.856666666666667
 20
8.093333333333334
 30
0.0
 10
2.85
 20
8.1
 30
0.0
 10
2.84
 20
8.106666666666667
 30
0.0
 10
2.83
 20
8.113333333333332
 30
0.0
 10
2.82
 20
8.12
 30
0.0
 10
2.813333333333333
 20
8.126666666666667
 30
0.0
 10
2.806666666666666
 20
8.133333333333333
 30
0.0
 10
2.793333333333334
 20
8.146666666666667
 30
0.0
 10
2.786666666666667
 20
8.153333333333334
 30
0.0
 10
2.78
 20
8.16
 30
0.0
 10
2.77
 20
8.163333333333332
 30
0.0
 10
2.76
 20
8.166666666666666
 30
0.0
 10
2.75
 20
8.17
 30
0.0
 10
2.743333333333334
 20
8.176666666666668
 30
0.0
 10
2.736666666666667
 20
8.183333333333332
 30
0.0
 10
2.73
 20
8.19
 30
0.0
 10
2.72
 20
8.196666666666667
 30
0.0
 10
2.71
 20
8.203333333333333
 30
0.0
 10
2.700000000000001
 20
8.21
 30
0.0
 10
2.693333333333334
 20
8.216666666666667
 30
0.0
 10
2.686666666666667
 20
8.223333333333334
 30
0.0
 10
2.68
 20
8.23
 30
0.0
 10
2.67
 20
8.233333333333333
 30
0.0
 10
2.66
 20
8.236666666666666
 30
0.0
 10
2.65
 20
8.24
 30
0.0
 10
2.64
 20
8.246666666666668
 30
0.0
 10
2.63
 20
8.253333333333332
 30
0.0
 10
2.62
 20
8.26
 30
0.0
 10
2.613333333333334
 20
8.266666666666667
 30
0.0
 10
2.606666666666667
 20
8.273333333333333
 30
0.0
 10
2.6
 20
8.28
 30
0.0
 10
2.59
 20
8.286666666666667
 30
0.0
 10
2.58
 20
8.293333333333333
 30
0.0
 10
2.57
 20
8.3
 30
0.0
 10
2.56
 20
8.303333333333333
 30
0.0
 10
2.55
 20
8.306666666666667
 30
0.0
 10
2.54
 20
8.31
 30
0.0
 10
2.53
 20
8.316666666666668
 30
0.0
 10
2.52
 20
8.323333333333332
 30
0.0
 10
2.51
 20
8.33
 30
0.0
 10
2.5
 20
8.333333333333334
 30
0.0
 10
2.49
 20
8.336666666666668
 30
0.0
 10
2.48
 20
8.34
 30
0.0
 10
2.47
 20
8.346666666666666
 30
0.0
 10
2.46
 20
8.353333333333333
 30
0.0
 10
2.45
 20
8.36
 30
0.0
 10
2.443333333333334
 20
8.363333333333332
 30
0.0
 10
2.436666666666667
 20
8.366666666666665
 30
0.0
 10
2.43
 20
8.37
 30
0.0
 10
2.42
 20
8.376666666666667
 30
0.0
 10
2.41
 20
8.383333333333333
 30
0.0
 10
2.4
 20
8.39
 30
0.0
 10
2.283333333333333
 20
8.323333333333332
 30
0.0
 10
2.166666666666667
 20
8.256666666666666
 30
0.0
 10
2.05
 20
8.19
 30
0.0
 10
2.05
 20
8.180000000000001
 30
0.0
 10
2.05
 20
8.17
 30
0.0
 10
2.05
 20
8.15
 30
0.0
 10
2.05
 20
8.14
 30
0.0
 10
2.05
 20
8.116666666666667
 30
0.0
 10
2.05
 20
8.103333333333333
 30
0.0
 10
2.05
 20
8.08
 30
0.0
 10
2.05
 20
8.07
 30
0.0
 10
2.05
 20
8.049999999999999
 30
0.0
 10
2.05
 20
8.04
 30
0.0
 10
2.05
 20
8.020000000000001
 30
0.0
 10
2.05
 20
8.01
 30
0.0
 10
2.05
 20
7.986666666666667
 30
0.0
 10
2.05
 20
7.973333333333334
 30
0.0
 10
2.05
 20
7.95
 30
0.0
 10
2.05
 20
7.94
 30
0.0
 10
2.05
 20
7.919999999999999
 30
0.0
 10
2.05
 20
7.91
 30
0.0
 10
2.05
 20
7.890000000000001
 30
0.0
 10
2.05
 20
7.88
 30
0.0
 10
2.05
 20
7.87
 30
0.0
 10
2.053333333333333
 20
7.86
 30
0.0
 10
2.056666666666667
 20
7.850000000000001
 30
0.0
 10
2.06
 20
7.84
 30
0.0
 10
2.06
 20
7.829999999999999
 30
0.0
 10
2.06
 20
7.819999999999999
 30
0.0
 10
2.06
 20
7.8
 30
0.0
 10
2.06
 20
7.79
 30
0.0
 10
2.06
 20
7.78
 30
0.0
 10
2.063333333333333
 20
7.766666666666666
 30
0.0
 10
2.066666666666666
 20
7.753333333333333
 30
0.0
 10
2.07
 20
7.739999999999999
 30
0.0
 10
2.07
 20
7.73
 30
0.0
 10
2.07
 20
7.72
 30
0.0
 10
2.07
 20
7.7
 30
0.0
 10
2.07
 20
7.69
 30
0.0
 10
2.07
 20
7.68
 30
0.0
 10
2.073333333333333
 20
7.673333333333333
 30
0.0
 10
2.076666666666667
 20
7.666666666666667
 30
0.0
 10
2.08
 20
7.66
 30
0.0
 10
2.083333333333333
 20
7.649999999999999
 30
0.0
 10
2.086666666666666
 20
7.64
 30
0.0
 10
2.09
 20
7.63
 30
0.0
 10
2.09
 20
7.62
 30
0.0
 10
2.09
 20
7.609999999999999
 30
0.0
 10
2.09
 20
7.599999999999999
 30
0.0
 10
2.093333333333333
 20
7.59
 30
0.0
 10
2.096666666666666
 20
7.580000000000001
 30
0.0
 10
2.103333333333334
 20
7.56
 30
0.0
 10
2.106666666666667
 20
7.55
 30
0.0
 10
2.11
 20
7.54
 30
0.0
 10
2.11
 20
7.530000000000001
 30
0.0
 10
2.11
 20
7.52
 30
0.0
 10
2.11
 20
7.510000000000001
 30
0.0
 10
2.113333333333333
 20
7.5
 30
0.0
 10
2.116666666666667
 20
7.489999999999999
 30
0.0
 10
2.12
 20
7.48
 30
0.0
 10
2.123333333333334
 20
7.473333333333334
 30
0.0
 10
2.126666666666666
 20
7.466666666666668
 30
0.0
 10
2.13
 20
7.46
 30
0.0
 10
2.133333333333333
 20
7.45
 30
0.0
 10
2.136666666666667
 20
7.44
 30
0.0
 10
2.143333333333334
 20
7.419999999999999
 30
0.0
 10
2.146666666666667
 20
7.41
 30
0.0
 10
2.15
 20
7.400000000000001
 30
0.0
 10
2.153333333333333
 20
7.393333333333334
 30
0.0
 10
2.156666666666667
 20
7.386666666666667
 30
0.0
 10
2.16
 20
7.38
 30
0.0
 10
2.163333333333334
 20
7.37
 30
0.0
 10
2.166666666666667
 20
7.359999999999999
 30
0.0
 10
2.17
 20
7.349999999999999
 30
0.0
 10
2.173333333333333
 20
7.343333333333334
 30
0.0
 10
2.176666666666666
 20
7.336666666666666
 30
0.0
 10
2.18
 20
7.330000000000001
 30
0.0
 10
2.183333333333334
 20
7.32
 30
0.0
 10
2.186666666666667
 20
7.31
 30
0.0
 10
2.19
 20
7.3
 30
0.0
 10
2.196666666666667
 20
7.293333333333333
 30
0.0
 10
2.203333333333334
 20
7.286666666666666
 30
0.0
 10
2.21
 20
7.28
 30
0.0
 10
2.213333333333333
 20
7.273333333333333
 30
0.0
 10
2.216666666666667
 20
7.266666666666666
 30
0.0
 10
2.22
 20
7.260000000000001
 30
0.0
 10
2.226666666666667
 20
7.25
 30
0.0
 10
2.233333333333334
 20
7.239999999999999
 30
0.0
 10
2.24
 20
7.23
 30
0.0
 10
2.243333333333334
 20
7.223333333333334
 30
0.0
 10
2.246666666666667
 20
7.216666666666668
 30
0.0
 10
2.25
 20
7.21
 30
0.0
 10
2.256666666666666
 20
7.203333333333333
 30
0.0
 10
2.263333333333333
 20
7.196666666666666
 30
0.0
 10
2.276666666666667
 20
7.183333333333334
 30
0.0
 10
2.283333333333334
 20
7.176666666666667
 30
0.0
 10
2.29
 20
7.169999999999999
 30
0.0
 10
2.293333333333333
 20
7.163333333333334
 30
0.0
 10
2.296666666666666
 20
7.156666666666666
 30
0.0
 10
2.3
 20
7.150000000000001
 30
0.0
 10
2.306666666666666
 20
7.143333333333334
 30
0.0
 10
2.313333333333333
 20
7.136666666666667
 30
0.0
 10
2.326666666666666
 20
7.123333333333333
 30
0.0
 10
2.333333333333333
 20
7.116666666666667
 30
0.0
 10
2.346666666666666
 20
7.103333333333333
 30
0.0
 10
2.353333333333333
 20
7.096666666666667
 30
0.0
 10
2.36
 20
7.09
 30
0.0
 10
2.363333333333333
 20
7.083333333333333
 30
0.0
 10
2.366666666666667
 20
7.076666666666667
 30
0.0
 10
2.37
 20
7.07
 30
0.0
 10
2.376666666666666
 20
7.06
 30
0.0
 10
2.383333333333333
 20
7.05
 30
0.0
 10
2.39
 20
7.04
 30
0.0
 10
2.396666666666667
 20
7.033333333333334
 30
0.0
 10
2.403333333333334
 20
7.026666666666666
 30
0.0
 10
2.41
 20
7.02
 30
0.0
 10
2.413333333333334
 20
7.013333333333333
 30
0.0
 10
2.416666666666667
 20
7.006666666666667
 30
0.0
 10
2.42
 20
7.0
 30
0.0
 10
2.426666666666666
 20
6.993333333333333
 30
0.0
 10
2.433333333333333
 20
6.986666666666667
 30
0.0
 10
2.446666666666667
 20
6.973333333333334
 30
0.0
 10
2.453333333333334
 20
6.966666666666668
 30
0.0
 10
2.46
 20
6.96
 30
0.0
 10
2.463333333333333
 20
6.953333333333333
 30
0.0
 10
2.466666666666667
 20
6.946666666666666
 30
0.0
 10
2.47
 20
6.94
 30
0.0
 10
2.476666666666667
 20
6.933333333333334
 30
0.0
 10
2.483333333333334
 20
6.926666666666667
 30
0.0
 10
2.496666666666665
 20
6.913333333333333
 30
0.0
 10
2.503333333333333
 20
6.906666666666666
 30
0.0
 10
2.51
 20
6.900000000000001
 30
0.0
 10
2.513333333333333
 20
6.893333333333334
 30
0.0
 10
2.516666666666666
 20
6.886666666666667
 30
0.0
 10
2.52
 20
6.88
 30
0.0
 10
2.35
 20
6.71
 30
0.0
 10
2.18
 20
6.54
 30
0.0
 10
2.01
 20
6.37
 30
0.0
 10
2.003333333333333
 20
6.373333333333334
 30
0.0
 10
1.996666666666667
 20
6.376666666666666
 30
0.0
 10
1.99
 20
6.38
 30
0.0
 10
1.983333333333333
 20
6.386666666666667
 30
0.0
 10
1.976666666666667
 20
6.393333333333334
 30
0.0
 10
1.963333333333334
 20
6.406666666666668
 30
0.0
 10
1.956666666666667
 20
6.413333333333334
 30
0.0
 10
1.95
 20
6.419999999999999
 30
0.0
 10
1.943333333333333
 20
6.423333333333333
 30
0.0
 10
1.936666666666667
 20
6.426666666666667
 30
0.0
 10
1.93
 20
6.43
 30
0.0
 10
1.923333333333333
 20
6.436666666666667
 30
0.0
 10
1.916666666666667
 20
6.443333333333332
 30
0.0
 10
1.903333333333334
 20
6.456666666666668
 30
0.0
 10
1.896666666666667
 20
6.463333333333334
 30
0.0
 10
1.89
 20
6.47
 30
0.0
 10
1.883333333333333
 20
6.473333333333334
 30
0.0
 10
1.876666666666667
 20
6.476666666666667
 30
0.0
 10
1.87
 20
6.48
 30
0.0
 10
1.863333333333334
 20
6.486666666666667
 30
0.0
 10
1.856666666666667
 20
6.493333333333333
 30
0.0
 10
1.85
 20
6.5
 30
0.0
 10
1.84
 20
6.506666666666667
 30
0.0
 10
1.83
 20
6.513333333333333
 30
0.0
 10
1.82
 20
6.52
 30
0.0
 10
1.813333333333333
 20
6.523333333333333
 30
0.0
 10
1.806666666666667
 20
6.526666666666667
 30
0.0
 10
1.8
 20
6.53
 30
0.0
 10
1.793333333333333
 20
6.536666666666666
 30
0.0
 10
1.786666666666667
 20
6.543333333333333
 30
0.0
 10
1.773333333333333
 20
6.556666666666667
 30
0.0
 10
1.766666666666667
 20
6.563333333333333
 30
0.0
 10
1.753333333333333
 20
6.576666666666667
 30
0.0
 10
1.746666666666667
 20
6.583333333333333
 30
0.0
 10
1.74
 20
6.59
 30
0.0
 10
1.733333333333333
 20
6.593333333333333
 30
0.0
 10
1.726666666666667
 20
6.596666666666667
 30
0.0
 10
1.72
 20
6.599999999999999
 30
0.0
 10
1.713333333333333
 20
6.606666666666666
 30
0.0
 10
1.706666666666667
 20
6.613333333333333
 30
0.0
 10
1.693333333333334
 20
6.626666666666666
 30
0.0
 10
1.686666666666667
 20
6.633333333333333
 30
0.0
 10
1.68
 20
6.64
 30
0.0
 10
1.673333333333333
 20
6.643333333333334
 30
0.0
 10
1.666666666666667
 20
6.646666666666666
 30
0.0
 10
1.66
 20
6.650000000000001
 30
0.0
 10
1.65
 20
6.656666666666666
 30
0.0
 10
1.64
 20
6.663333333333334
 30
0.0
 10
1.63
 20
6.669999999999999
 30
0.0
 10
1.623333333333333
 20
6.673333333333333
 30
0.0
 10
1.616666666666667
 20
6.676666666666667
 30
0.0
 10
1.61
 20
6.68
 30
0.0
 10
1.603333333333333
 20
6.686666666666667
 30
0.0
 10
1.596666666666667
 20
6.693333333333332
 30
0.0
 10
1.59
 20
6.7
 30
0.0
 10
1.58
 20
6.703333333333333
 30
0.0
 10
1.57
 20
6.706666666666667
 30
0.0
 10
1.56
 20
6.71
 30
0.0
 10
1.553333333333333
 20
6.713333333333334
 30
0.0
 10
1.546666666666667
 20
6.716666666666666
 30
0.0
 10
1.54
 20
6.72
 30
0.0
 10
1.53
 20
6.723333333333334
 30
0.0
 10
1.52
 20
6.726666666666667
 30
0.0
 10
1.51
 20
6.73
 30
0.0
 10
1.503333333333333
 20
6.733333333333333
 30
0.0
 10
1.496666666666667
 20
6.736666666666667
 30
0.0
 10
1.49
 20
6.739999999999999
 30
0.0
 10
1.48
 20
6.743333333333333
 30
0.0
 10
1.47
 20
6.746666666666667
 30
0.0
 10
1.45
 20
6.753333333333333
 30
0.0
 10
1.44
 20
6.756666666666667
 30
0.0
 10
1.43
 20
6.760000000000001
 30
0.0
 10
1.423333333333333
 20
6.763333333333333
 30
0.0
 10
1.416666666666667
 20
6.766666666666666
 30
0.0
 10
1.41
 20
6.77
 30
0.0
 10
1.4
 20
6.773333333333333
 30
0.0
 10
1.39
 20
6.776666666666667
 30
0.0
 10
1.38
 20
6.78
 30
0.0
 10
1.37
 20
6.78
 30
0.0
 10
1.36
 20
6.78
 30
0.0
 10
1.35
 20
6.78
 30
0.0
 10
1.34
 20
6.783333333333334
 30
0.0
 10
1.33
 20
6.786666666666666
 30
0.0
 10
1.31
 20
6.793333333333334
 30
0.0
 10
1.3
 20
6.796666666666667
 30
0.0
 10
1.29
 20
6.8
 30
0.0
 10
1.28
 20
6.8
 30
0.0
 10
1.27
 20
6.8
 30
0.0
 10
1.26
 20
6.8
 30
0.0
 10
1.25
 20
6.803333333333334
 30
0.0
 10
1.24
 20
6.806666666666666
 30
0.0
 10
1.23
 20
6.81
 30
0.0
 10
1.223333333333333
 20
6.813333333333333
 30
0.0
 10
1.216666666666667
 20
6.816666666666666
 30
0.0
 10
1.21
 20
6.82
 30
0.0
 10
1.2
 20
6.82
 30
0.0
 10
1.19
 20
6.82
 30
0.0
 10
1.17
 20
6.82
 30
0.0
 10
1.16
 20
6.82
 30
0.0
 10
1.15
 20
6.82
 30
0.0
 10
1.136666666666666
 20
6.823333333333333
 30
0.0
 10
1.123333333333333
 20
6.826666666666667
 30
0.0
 10
1.11
 20
6.830000000000001
 30
0.0
 10
1.1
 20
6.830000000000001
 30
0.0
 10
1.09
 20
6.830000000000001
 30
0.0
 10
1.07
 20
6.830000000000001
 30
0.0
 10
1.06
 20
6.830000000000001
 30
0.0
 10
1.05
 20
6.830000000000001
 30
0.0
 10
1.04
 20
6.833333333333333
 30
0.0
 10
1.03
 20
6.836666666666666
 30
0.0
 10
1.02
 20
6.84
 30
0.0
 10
1.01
 20
6.84
 30
0.0
 10
1.0
 20
6.84
 30
0.0
 10
0.98
 20
6.84
 30
0.0
 10
0.9700000000000001
 20
6.84
 30
0.0
 10
0.9500000000000001
 20
6.84
 30
0.0
 10
0.9400000000000001
 20
6.84
 30
0.0
 10
0.9166666666666666
 20
6.84
 30
0.0
 10
0.9033333333333333
 20
6.84
 30
0.0
 10
0.88
 20
6.84
 30
0.0
 10
0.87
 20
6.84
 30
0.0
 10
0.85
 20
6.84
 30
0.0
 10
0.84
 20
6.84
 30
0.0
 10
0.82
 20
6.84
 30
0.0
 10
0.8099999999999999
 20
6.84
 30
0.0
 10
0.7866666666666667
 20
6.84
 30
0.0
 10
0.7733333333333334
 20
6.84
 30
0.0
 10
0.75
 20
6.84
 30
0.0
 10
0.7399999999999999
 20
6.84
 30
0.0
 10
0.7199999999999999
 20
6.84
 30
0.0
 10
0.71
 20
6.84
 30
0.0
 10
0.6999999999999998
 20
6.84
 30
0.0
 10
0.6333333333333333
 20
6.723333333333333
 30
0.0
 10
0.5666666666666667
 20
6.606666666666666
 30
0.0
 10
0.5
 20
6.489999999999999
 30
0.0
 10
0.5066666666666667
 20
6.48
 30
0.0
 10
0.5133333333333333
 20
6.47
 30
0.0
 10
0.52
 20
6.46
 30
0.0
 10
0.5233333333333333
 20
6.453333333333333
 30
0.0
 10
0.5266666666666667
 20
6.446666666666666
 30
0.0
 10
0.53
 20
6.44
 30
0.0
 10
0.5366666666666667
 20
6.430000000000001
 30
0.0
 10
0.5433333333333333
 20
6.420000000000001
 30
0.0
 10
0.55
 20
6.41
 30
0.0
 10
0.5533333333333333
 20
6.399999999999999
 30
0.0
 10
0.5566666666666668
 20
6.39
 30
0.0
 10
0.56
 20
6.38
 30
0.0
 10
0.5666666666666668
 20
6.37
 30
0.0
 10
0.5733333333333334
 20
6.359999999999999
 30
0.0
 10
0.58
 20
6.349999999999999
 30
0.0
 10
0.5833333333333334
 20
6.34
 30
0.0
 10
0.5866666666666666
 20
6.330000000000001
 30
0.0
 10
0.59
 20
6.32
 30
0.0
 10
0.5966666666666667
 20
6.31
 30
0.0
 10
0.6033333333333334
 20
6.3
 30
0.0
 10
0.61
 20
6.29
 30
0.0
 10
0.6166666666666667
 20
6.283333333333334
 30
0.0
 10
0.6233333333333334
 20
6.276666666666666
 30
0.0
 10
0.63
 20
6.27
 30
0.0
 10
0.6366666666666667
 20
6.259999999999999
 30
0.0
 10
0.6433333333333334
 20
6.25
 30
0.0
 10
0.65
 20
6.239999999999999
 30
0.0
 10
0.6533333333333334
 20
6.23
 30
0.0
 10
0.6566666666666667
 20
6.22
 30
0.0
 10
0.66
 20
6.21
 30
0.0
 10
0.6666666666666666
 20
6.203333333333333
 30
0.0
 10
0.6733333333333333
 20
6.196666666666666
 30
0.0
 10
0.68
 20
6.19
 30
0.0
 10
0.6866666666666666
 20
6.180000000000001
 30
0.0
 10
0.6933333333333334
 20
6.170000000000001
 30
0.0
 10
0.6999999999999998
 20
6.16
 30
0.0
 10
0.7066666666666667
 20
6.153333333333333
 30
0.0
 10
0.7133333333333333
 20
6.146666666666667
 30
0.0
 10
0.7200000000000001
 20
6.14
 30
0.0
 10
0.7233333333333333
 20
6.13
 30
0.0
 10
0.7266666666666666
 20
6.12
 30
0.0
 10
0.73
 20
6.11
 30
0.0
 10
0.7366666666666667
 20
6.103333333333334
 30
0.0
 10
0.7433333333333333
 20
6.096666666666667
 30
0.0
 10
0.7566666666666667
 20
6.083333333333333
 30
0.0
 10
0.7633333333333333
 20
6.076666666666667
 30
0.0
 10
0.77
 20
6.07
 30
0.0
 10
0.7766666666666667
 20
6.06
 30
0.0
 10
0.7833333333333333
 20
6.05
 30
0.0
 10
0.79
 20
6.04
 30
0.0
 10
0.7966666666666667
 20
6.033333333333334
 30
0.0
 10
0.8033333333333333
 20
6.026666666666666
 30
0.0
 10
0.8166666666666668
 20
6.013333333333333
 30
0.0
 10
0.8233333333333334
 20
6.006666666666667
 30
0.0
 10
0.8366666666666666
 20
5.993333333333333
 30
0.0
 10
0.8433333333333333
 20
5.986666666666667
 30
0.0
 10
0.85
 20
5.98
 30
0.0
 10
0.8566666666666666
 20
5.97
 30
0.0
 10
0.8633333333333333
 20
5.96
 30
0.0
 10
0.87
 20
5.95
 30
0.0
 10
0.8766666666666666
 20
5.943333333333332
 30
0.0
 10
0.8833333333333333
 20
5.936666666666667
 30
0.0
 10
0.8966666666666666
 20
5.923333333333333
 30
0.0
 10
0.9033333333333333
 20
5.916666666666667
 30
0.0
 10
0.91
 20
5.91
 30
0.0
 10
0.9166666666666666
 20
5.906666666666667
 30
0.0
 10
0.9233333333333333
 20
5.903333333333333
 30
0.0
 10
0.93
 20
5.900000000000001
 30
0.0
 10
0.9400000000000001
 20
5.893333333333334
 30
0.0
 10
0.9500000000000001
 20
5.886666666666667
 30
0.0
 10
0.96
 20
5.88
 30
0.0
 10
0.9666666666666667
 20
5.873333333333334
 30
0.0
 10
0.9733333333333333
 20
5.866666666666667
 30
0.0
 10
0.9866666666666662
 20
5.853333333333333
 30
0.0
 10
0.9933333333333333
 20
5.846666666666667
 30
0.0
 10
1.006666666666667
 20
5.833333333333333
 30
0.0
 10
1.013333333333333
 20
5.826666666666667
 30
0.0
 10
1.02
 20
5.82
 30
0.0
 10
1.026666666666667
 20
5.816666666666666
 30
0.0
 10
1.033333333333333
 20
5.813333333333333
 30
0.0
 10
1.04
 20
5.81
 30
0.0
 10
1.05
 20
5.803333333333334
 30
0.0
 10
1.06
 20
5.796666666666667
 30
0.0
 10
1.07
 20
5.79
 30
0.0
 10
1.076666666666667
 20
5.786666666666666
 30
0.0
 10
1.083333333333333
 20
5.783333333333334
 30
0.0
 10
1.096666666666667
 20
5.776666666666666
 30
0.0
 10
1.103333333333333
 20
5.773333333333333
 30
0.0
 10
1.11
 20
5.77
 30
0.0
 10
1.12
 20
5.766666666666667
 30
0.0
 10
1.13
 20
5.763333333333333
 30
0.0
 10
1.14
 20
5.760000000000001
 30
0.0
 10
1.146666666666667
 20
5.756666666666667
 30
0.0
 10
1.153333333333333
 20
5.753333333333333
 30
0.0
 10
1.16
 20
5.75
 30
0.0
 10
1.17
 20
5.746666666666667
 30
0.0
 10
1.18
 20
5.743333333333333
 30
0.0
 10
1.19
 20
5.739999999999999
 30
0.0
 10
1.196666666666667
 20
5.736666666666667
 30
0.0
 10
1.203333333333333
 20
5.733333333333334
 30
0.0
 10
1.21
 20
5.73
 30
0.0
 10
1.22
 20
5.726666666666667
 30
0.0
 10
1.23
 20
5.723333333333333
 30
0.0
 10
1.24
 20
5.72
 30
0.0
 10
1.246666666666667
 20
5.716666666666666
 30
0.0
 10
1.253333333333333
 20
5.713333333333334
 30
0.0
 10
1.26
 20
5.71
 30
0.0
 10
1.27
 20
5.706666666666666
 30
0.0
 10
1.28
 20
5.703333333333333
 30
0.0
 10
1.29
 20
5.7
 30
0.0
 10
1.296666666666667
 20
5.696666666666666
 30
0.0
 10
1.303333333333333
 20
5.693333333333334
 30
0.0
 10
1.31
 20
5.69
 30
0.0
 10
1.32
 20
5.686666666666667
 30
0.0
 10
1.33
 20
5.683333333333334
 30
0.0
 10
1.34
 20
5.68
 30
0.0
 10
1.346666666666667
 20
5.676666666666667
 30
0.0
 10
1.353333333333333
 20
5.673333333333333
 30
0.0
 10
1.36
 20
5.669999999999999
 30
0.0
 10
1.37
 20
5.666666666666667
 30
0.0
 10
1.38
 20
5.663333333333334
 30
0.0
 10
1.39
 20
5.66
 30
0.0
 10
1.396666666666667
 20
5.656666666666667
 30
0.0
 10
1.403333333333333
 20
5.653333333333333
 30
0.0
 10
1.41
 20
5.650000000000001
 30
0.0
 10
1.42
 20
5.646666666666666
 30
0.0
 10
1.43
 20
5.643333333333334
 30
0.0
 10
1.44
 20
5.64
 30
0.0
 10
1.446666666666667
 20
5.636666666666666
 30
0.0
 10
1.453333333333333
 20
5.633333333333333
 30
0.0
 10
1.46
 20
5.63
 30
0.0
 10
1.47
 20
5.626666666666666
 30
0.0
 10
1.48
 20
5.623333333333334
 30
0.0
 10
1.49
 20
5.62
 30
0.0
 10
1.496666666666667
 20
5.616666666666667
 30
0.0
 10
1.503333333333333
 20
5.613333333333333
 30
0.0
 10
1.51
 20
5.61
 30
0.0
 10
1.52
 20
5.606666666666666
 30
0.0
 10
1.53
 20
5.603333333333334
 30
0.0
 10
1.54
 20
5.599999999999999
 30
0.0
 10
1.546666666666667
 20
5.596666666666667
 30
0.0
 10
1.553333333333333
 20
5.593333333333334
 30
0.0
 10
1.56
 20
5.59
 30
0.0
 10
1.5
 20
5.36
 30
0.0
 10
1.44
 20
5.13
 30
0.0
 10
1.38
 20
4.9
 30
0.0
 10
1.37
 20
4.9
 30
0.0
 10
1.36
 20
4.9
 30
0.0
 10
1.343333333333333
 20
4.9
 30
0.0
 10
1.336666666666667
 20
4.9
 30
0.0
 10
1.33
 20
4.9
 30
0.0
 10
1.32
 20
4.903333333333333
 30
0.0
 10
1.31
 20
4.906666666666667
 30
0.0
 10
1.3
 20
4.91
 30
0.0
 10
1.29
 20
4.91
 30
0.0
 10
1.28
 20
4.91
 30
0.0
 10
1.263333333333333
 20
4.91
 30
0.0
 10
1.256666666666667
 20
4.91
 30
0.0
 10
1.25
 20
4.91
 30
0.0
 10
1.24
 20
4.913333333333333
 30
0.0
 10
1.23
 20
4.916666666666667
 30
0.0
 10
1.22
 20
4.92
 30
0.0
 10
1.21
 20
4.92
 30
0.0
 10
1.2
 20
4.92
 30
0.0
 10
1.19
 20
4.92
 30
0.0
 10
1.183333333333333
 20
4.923333333333333
 30
0.0
 10
1.176666666666667
 20
4.926666666666667
 30
0.0
 10
1.17
 20
4.93
 30
0.0
 10
1.16
 20
4.93
 30
0.0
 10
1.15
 20
4.93
 30
0.0
 10
1.13
 20
4.93
 30
0.0
 10
1.12
 20
4.93
 30
0.0
 10
1.11
 20
4.93
 30
0.0
 10
1.103333333333333
 20
4.933333333333334
 30
0.0
 10
1.096666666666667
 20
4.936666666666667
 30
0.0
 10
1.09
 20
4.94
 30
0.0
 10
1.08
 20
4.94
 30
0.0
 10
1.07
 20
4.94
 30
0.0
 10
1.06
 20
4.94
 30
0.0
 10
1.05
 20
4.943333333333334
 30
0.0
 10
1.04
 20
4.946666666666666
 30
0.0
 10
1.03
 20
4.95
 30
0.0
 10
1.023333333333333
 20
4.95
 30
0.0
 10
1.016666666666667
 20
4.95
 30
0.0
 10
1.0
 20
4.95
 30
0.0
 10
0.9899999999999999
 20
4.95
 30
0.0
 10
0.98
 20
4.95
 30
0.0
 10
0.9699999999999999
 20
4.953333333333334
 30
0.0
 10
0.96
 20
4.956666666666667
 30
0.0
 10
0.9499999999999998
 20
4.96
 30
0.0
 10
0.9433333333333334
 20
4.96
 30
0.0
 10
0.9366666666666666
 20
4.96
 30
0.0
 10
0.93
 20
4.96
 30
0.0
 10
0.92
 20
4.963333333333334
 30
0.0
 10
0.91
 20
4.966666666666666
 30
0.0
 10
0.9
 20
4.97
 30
0.0
 10
0.89
 20
4.97
 30
0.0
 10
0.88
 20
4.97
 30
0.0
 10
0.8633333333333333
 20
4.97
 30
0.0
 10
0.8566666666666666
 20
4.97
 30
0.0
 10
0.84
 20
4.97
 30
0.0
 10
0.83
 20
4.97
 30
0.0
 10
0.82
 20
4.97
 30
0.0
 10
0.8099999999999999
 20
4.966666666666666
 30
0.0
 10
0.7999999999999999
 20
4.963333333333334
 30
0.0
 10
0.79
 20
4.96
 30
0.0
 10
0.7799999999999999
 20
4.96
 30
0.0
 10
0.77
 20
4.96
 30
0.0
 10
0.75
 20
4.96
 30
0.0
 10
0.7399999999999999
 20
4.96
 30
0.0
 10
0.73
 20
4.96
 30
0.0
 10
0.7233333333333333
 20
4.956666666666666
 30
0.0
 10
0.7166666666666667
 20
4.953333333333333
 30
0.0
 10
0.71
 20
4.95
 30
0.0
 10
0.7000000000000001
 20
4.946666666666666
 30
0.0
 10
0.6900000000000001
 20
4.943333333333334
 30
0.0
 10
0.68
 20
4.94
 30
0.0
 10
0.67
 20
4.94
 30
0.0
 10
0.66
 20
4.94
 30
0.0
 10
0.65
 20
4.94
 30
0.0
 10
0.64
 20
4.936666666666667
 30
0.0
 10
0.63
 20
4.933333333333334
 30
0.0
 10
0.62
 20
4.93
 30
0.0
 10
0.6133333333333333
 20
4.926666666666667
 30
0.0
 10
0.6066666666666666
 20
4.923333333333333
 30
0.0
 10
0.6
 20
4.92
 30
0.0
 10
0.59
 20
4.92
 30
0.0
 10
0.58
 20
4.92
 30
0.0
 10
0.57
 20
4.92
 30
0.0
 10
0.5599999999999999
 20
4.916666666666667
 30
0.0
 10
0.5499999999999999
 20
4.913333333333333
 30
0.0
 10
0.5299999999999999
 20
4.906666666666667
 30
0.0
 10
0.52
 20
4.903333333333333
 30
0.0
 10
0.4999999999999997
 20
4.896666666666667
 30
0.0
 10
0.49
 20
4.893333333333334
 30
0.0
 10
0.47
 20
4.886666666666666
 30
0.0
 10
0.46
 20
4.883333333333333
 30
0.0
 10
0.45
 20
4.88
 30
0.0
 10
0.4433333333333334
 20
4.876666666666666
 30
0.0
 10
0.4366666666666667
 20
4.873333333333334
 30
0.0
 10
0.43
 20
4.87
 30
0.0
 10
0.42
 20
4.866666666666666
 30
0.0
 10
0.41
 20
4.863333333333333
 30
0.0
 10
0.4000000000000001
 20
4.86
 30
0.0
 10
0.39
 20
4.853333333333333
 30
0.0
 10
0.3800000000000001
 20
4.846666666666667
 30
0.0
 10
0.3699999999999999
 20
4.84
 30
0.0
 10
0.36
 20
4.836666666666667
 30
0.0
 10
0.35
 20
4.833333333333333
 30
0.0
 10
0.33
 20
4.826666666666667
 30
0.0
 10
0.32
 20
4.823333333333333
 30
0.0
 10
0.31
 20
4.82
 30
0.0
 10
0.3
 20
4.813333333333333
 30
0.0
 10
0.29
 20
4.806666666666668
 30
0.0
 10
0.28
 20
4.8
 30
0.0
 10
0.2733333333333334
 20
4.796666666666666
 30
0.0
 10
0.2666666666666667
 20
4.793333333333333
 30
0.0
 10
0.26
 20
4.79
 30
0.0
 10
0.25
 20
4.786666666666666
 30
0.0
 10
0.24
 20
4.783333333333334
 30
0.0
 10
0.23
 20
4.78
 30
0.0
 10
0.2200000000000001
 20
4.773333333333333
 30
0.0
 10
0.21
 20
4.766666666666667
 30
0.0
 10
0.2
 20
4.76
 30
0.0
 10
0.19
 20
4.756666666666667
 30
0.0
 10
0.18
 20
4.753333333333333
 30
0.0
 10
0.17
 20
4.75
 30
0.0
 10
0.16
 20
4.743333333333333
 30
0.0
 10
0.15
 20
4.736666666666667
 30
0.0
 10
0.14
 20
4.73
 30
0.0
 10
0.1333333333333333
 20
4.723333333333334
 30
0.0
 10
0.1266666666666667
 20
4.716666666666668
 30
0.0
 10
0.12
 20
4.71
 30
0.0
 10
0.11
 20
4.706666666666666
 30
0.0
 10
0.1
 20
4.703333333333333
 30
0.0
 10
0.09
 20
4.7
 30
0.0
 10
0.08
 20
4.693333333333333
 30
0.0
 10
0.07
 20
4.686666666666667
 30
0.0
 10
0.05
 20
4.673333333333333
 30
0.0
 10
0.04
 20
4.666666666666667
 30
0.0
 10
0.02
 20
4.653333333333333
 30
0.0
 10
0.01
 20
4.646666666666667
 30
0.0
 10
0.0
 20
4.64
 30
0.0
 10
0.0
 20
4.510000000000001
 30
0.0
 10
0.0
 20
4.38
 30
0.0
 10
0.0
 20
4.25
 30
0.0
 10
0.01
 20
4.243333333333333
 30
0.0
 10
0.02
 20
4.236666666666667
 30
0.0
 10
0.04
 20
4.223333333333334
 30
0.0
 10
0.05
 20
4.216666666666668
 30
0.0
 10
0.0699999999999996
 20
4.203333333333332
 30
0.0
 10
0.08
 20
4.196666666666666
 30
0.0
 10
0.09
 20
4.19
 30
0.0
 10
0.1
 20
4.186666666666667
 30
0.0
 10
0.11
 20
4.183333333333334
 30
0.0
 10
0.12
 20
4.18
 30
0.0
 10
0.1266666666666667
 20
4.173333333333333
 30
0.0
 10
0.1333333333333333
 20
4.166666666666667
 30
0.0
 10
0.14
 20
4.16
 30
0.0
 10
0.15
 20
4.153333333333333
 30
0.0
 10
0.16
 20
4.146666666666667
 30
0.0
 10
0.17
 20
4.14
 30
0.0
 10
0.18
 20
4.136666666666666
 30
0.0
 10
0.19
 20
4.133333333333333
 30
0.0
 10
0.2
 20
4.13
 30
0.0
 10
0.21
 20
4.123333333333334
 30
0.0
 10
0.22
 20
4.116666666666667
 30
0.0
 10
0.23
 20
4.11
 30
0.0
 10
0.24
 20
4.106666666666666
 30
0.0
 10
0.25
 20
4.103333333333333
 30
0.0
 10
0.26
 20
4.1
 30
0.0
 10
0.2666666666666667
 20
4.096666666666667
 30
0.0
 10
0.2733333333333334
 20
4.093333333333333
 30
0.0
 10
0.28
 20
4.09
 30
0.0
 10
0.29
 20
4.083333333333333
 30
0.0
 10
0.3
 20
4.076666666666667
 30
0.0
 10
0.31
 20
4.07
 30
0.0
 10
0.32
 20
4.066666666666666
 30
0.0
 10
0.33
 20
4.063333333333333
 30
0.0
 10
0.3500000000000003
 20
4.056666666666667
 30
0.0
 10
0.36
 20
4.053333333333334
 30
0.0
 10
0.3699999999999999
 20
4.05
 30
0.0
 10
0.3800000000000001
 20
4.043333333333333
 30
0.0
 10
0.39
 20
4.036666666666666
 30
0.0
 10
0.4000000000000001
 20
4.03
 30
0.0
 10
0.41
 20
4.026666666666666
 30
0.0
 10
0.42
 20
4.023333333333333
 30
0.0
 10
0.43
 20
4.02
 30
0.0
 10
0.4366666666666667
 20
4.016666666666667
 30
0.0
 10
0.4433333333333334
 20
4.013333333333333
 30
0.0
 10
0.45
 20
4.01
 30
0.0
 10
0.46
 20
4.006666666666667
 30
0.0
 10
0.47
 20
4.003333333333333
 30
0.0
 10
0.4900000000000001
 20
3.996666666666667
 30
0.0
 10
0.5
 20
3.993333333333334
 30
0.0
 10
0.52
 20
3.986666666666667
 30
0.0
 10
0.53
 20
3.983333333333334
 30
0.0
 10
0.5499999999999998
 20
3.976666666666666
 30
0.0
 10
0.5599999999999999
 20
3.973333333333333
 30
0.0
 10
0.57
 20
3.97
 30
0.0
 10
0.58
 20
3.97
 30
0.0
 10
0.59
 20
3.97
 30
0.0
 10
0.6
 20
3.97
 30
0.0
 10
0.6066666666666666
 20
3.966666666666667
 30
0.0
 10
0.6133333333333333
 20
3.963333333333333
 30
0.0
 10
0.62
 20
3.96
 30
0.0
 10
0.63
 20
3.956666666666667
 30
0.0
 10
0.64
 20
3.953333333333333
 30
0.0
 10
0.65
 20
3.950000000000001
 30
0.0
 10
0.66
 20
3.950000000000001
 30
0.0
 10
0.67
 20
3.950000000000001
 30
0.0
 10
0.68
 20
3.950000000000001
 30
0.0
 10
0.6900000000000001
 20
3.946666666666667
 30
0.0
 10
0.7000000000000001
 20
3.943333333333333
 30
0.0
 10
0.71
 20
3.94
 30
0.0
 10
0.7166666666666667
 20
3.936666666666667
 30
0.0
 10
0.7233333333333333
 20
3.933333333333334
 30
0.0
 10
0.73
 20
3.93
 30
0.0
 10
0.7400000000000001
 20
3.93
 30
0.0
 10
0.75
 20
3.93
 30
0.0
 10
0.77
 20
3.93
 30
0.0
 10
0.7799999999999999
 20
3.93
 30
0.0
 10
0.79
 20
3.93
 30
0.0
 10
0.7999999999999999
 20
3.926666666666667
 30
0.0
 10
0.8099999999999999
 20
3.923333333333333
 30
0.0
 10
0.82
 20
3.92
 30
0.0
 10
0.83
 20
3.92
 30
0.0
 10
0.84
 20
3.92
 30
0.0
 10
0.8566666666666666
 20
3.92
 30
0.0
 10
0.8633333333333333
 20
3.92
 30
0.0
 10
0.8799999999999999
 20
3.92
 30
0.0
 10
0.89
 20
3.92
 30
0.0
 10
0.9
 20
3.92
 30
0.0
 10
0.91
 20
3.923333333333333
 30
0.0
 10
0.92
 20
3.926666666666666
 30
0.0
 10
0.93
 20
3.93
 30
0.0
 10
0.9366666666666666
 20
3.93
 30
0.0
 10
0.9433333333333334
 20
3.93
 30
0.0
 10
0.9499999999999998
 20
3.93
 30
0.0
 10
0.96
 20
3.933333333333334
 30
0.0
 10
0.9700000000000001
 20
3.936666666666667
 30
0.0
 10
0.98
 20
3.94
 30
0.0
 10
0.9900000000000001
 20
3.94
 30
0.0
 10
1.0
 20
3.94
 30
0.0
 10
1.016666666666667
 20
3.94
 30
0.0
 10
1.023333333333333
 20
3.94
 30
0.0
 10
1.03
 20
3.94
 30
0.0
 10
1.04
 20
3.943333333333333
 30
0.0
 10
1.05
 20
3.946666666666667
 30
0.0
 10
1.06
 20
3.950000000000001
 30
0.0
 10
1.07
 20
3.950000000000001
 30
0.0
 10
1.08
 20
3.950000000000001
 30
0.0
 10
1.09
 20
3.950000000000001
 30
0.0
 10
1.096666666666667
 20
3.953333333333333
 30
0.0
 10
1.103333333333333
 20
3.956666666666667
 30
0.0
 10
1.11
 20
3.96
 30
0.0
 10
1.12
 20
3.96
 30
0.0
 10
1.13
 20
3.96
 30
0.0
 10
1.15
 20
3.96
 30
0.0
 10
1.16
 20
3.96
 30
0.0
 10
1.17
 20
3.96
 30
0.0
 10
1.176666666666667
 20
3.963333333333333
 30
0.0
 10
1.183333333333333
 20
3.966666666666667
 30
0.0
 10
1.19
 20
3.97
 30
0.0
 10
1.2
 20
3.97
 30
0.0
 10
1.21
 20
3.97
 30
0.0
 10
1.22
 20
3.97
 30
0.0
 10
1.23
 20
3.973333333333333
 30
0.0
 10
1.24
 20
3.976666666666667
 30
0.0
 10
1.25
 20
3.98
 30
0.0
 10
1.256666666666667
 20
3.98
 30
0.0
 10
1.263333333333333
 20
3.98
 30
0.0
 10
1.28
 20
3.98
 30
0.0
 10
1.29
 20
3.98
 30
0.0
 10
1.3
 20
3.98
 30
0.0
 10
1.31
 20
3.983333333333333
 30
0.0
 10
1.32
 20
3.986666666666667
 30
0.0
 10
1.33
 20
3.99
 30
0.0
 10
1.336666666666667
 20
3.99
 30
0.0
 10
1.343333333333333
 20
3.99
 30
0.0
 10
1.36
 20
3.99
 30
0.0
 10
1.37
 20
3.99
 30
0.0
 10
1.38
 20
3.99
 30
0.0
 10
1.44
 20
3.76
 30
0.0
 10
1.5
 20
3.53
 30
0.0
 10
1.56
 20
3.299999999999999
 30
0.0
 10
1.553333333333333
 20
3.296666666666667
 30
0.0
 10
1.546666666666667
 20
3.293333333333333
 30
0.0
 10
1.54
 20
3.29
 30
0.0
 10
1.53
 20
3.286666666666667
 30
0.0
 10
1.52
 20
3.283333333333333
 30
0.0
 10
1.51
 20
3.28
 30
0.0
 10
1.503333333333333
 20
3.276666666666667
 30
0.0
 10
1.496666666666667
 20
3.273333333333333
 30
0.0
 10
1.49
 20
3.27
 30
0.0
 10
1.48
 20
3.266666666666667
 30
0.0
 10
1.47
 20
3.263333333333333
 30
0.0
 10
1.46
 20
3.26
 30
0.0
 10
1.453333333333333
 20
3.256666666666666
 30
0.0
 10
1.446666666666667
 20
3.253333333333333
 30
0.0
 10
1.44
 20
3.25
 30
0.0
 10
1.43
 20
3.246666666666667
 30
0.0
 10
1.42
 20
3.243333333333334
 30
0.0
 10
1.41
 20
3.24
 30
0.0
 10
1.403333333333333
 20
3.236666666666667
 30
0.0
 10
1.396666666666667
 20
3.233333333333334
 30
0.0
 10
1.39
 20
3.23
 30
0.0
 10
1.38
 20
3.226666666666667
 30
0.0
 10
1.37
 20
3.223333333333333
 30
0.0
 10
1.36
 20
3.22
 30
0.0
 10
1.353333333333333
 20
3.216666666666667
 30
0.0
 10
1.346666666666667
 20
3.213333333333333
 30
0.0
 10
1.34
 20
3.21
 30
0.0
 10
1.33
 20
3.206666666666667
 30
0.0
 10
1.32
 20
3.203333333333333
 30
0.0
 10
1.31
 20
3.200000000000001
 30
0.0
 10
1.303333333333333
 20
3.196666666666667
 30
0.0
 10
1.296666666666667
 20
3.193333333333333
 30
0.0
 10
1.29
 20
3.19
 30
0.0
 10
1.28
 20
3.186666666666667
 30
0.0
 10
1.27
 20
3.183333333333334
 30
0.0
 10
1.26
 20
3.18
 30
0.0
 10
1.253333333333333
 20
3.176666666666667
 30
0.0
 10
1.246666666666667
 20
3.173333333333333
 30
0.0
 10
1.24
 20
3.17
 30
0.0
 10
1.23
 20
3.166666666666667
 30
0.0
 10
1.22
 20
3.163333333333334
 30
0.0
 10
1.21
 20
3.16
 30
0.0
 10
1.203333333333333
 20
3.156666666666667
 30
0.0
 10
1.196666666666667
 20
3.153333333333334
 30
0.0
 10
1.19
 20
3.15
 30
0.0
 10
1.18
 20
3.146666666666667
 30
0.0
 10
1.17
 20
3.143333333333333
 30
0.0
 10
1.16
 20
3.14
 30
0.0
 10
1.153333333333333
 20
3.136666666666667
 30
0.0
 10
1.146666666666667
 20
3.133333333333333
 30
0.0
 10
1.14
 20
3.13
 30
0.0
 10
1.13
 20
3.126666666666666
 30
0.0
 10
1.12
 20
3.123333333333334
 30
0.0
 10
1.11
 20
3.12
 30
0.0
 10
1.103333333333333
 20
3.116666666666667
 30
0.0
 10
1.096666666666667
 20
3.113333333333333
 30
0.0
 10
1.083333333333333
 20
3.106666666666666
 30
0.0
 10
1.076666666666667
 20
3.103333333333333
 30
0.0
 10
1.07
 20
3.1
 30
0.0
 10
1.06
 20
3.093333333333333
 30
0.0
 10
1.05
 20
3.086666666666666
 30
0.0
 10
1.04
 20
3.08
 30
0.0
 10
1.033333333333333
 20
3.076666666666667
 30
0.0
 10
1.026666666666667
 20
3.073333333333334
 30
0.0
 10
1.02
 20
3.07
 30
0.0
 10
1.013333333333333
 20
3.063333333333333
 30
0.0
 10
1.006666666666667
 20
3.056666666666666
 30
0.0
 10
0.9933333333333336
 20
3.043333333333333
 30
0.0
 10
0.9866666666666667
 20
3.036666666666667
 30
0.0
 10
0.9733333333333333
 20
3.023333333333333
 30
0.0
 10
0.9666666666666667
 20
3.016666666666666
 30
0.0
 10
0.96
 20
3.01
 30
0.0
 10
0.9500000000000001
 20
3.003333333333333
 30
0.0
 10
0.9400000000000001
 20
2.996666666666667
 30
0.0
 10
0.93
 20
2.99
 30
0.0
 10
0.9233333333333333
 20
2.986666666666667
 30
0.0
 10
0.9166666666666666
 20
2.983333333333334
 30
0.0
 10
0.91
 20
2.98
 30
0.0
 10
0.9033333333333333
 20
2.973333333333333
 30
0.0
 10
0.8966666666666666
 20
2.966666666666666
 30
0.0
 10
0.8833333333333335
 20
2.953333333333333
 30
0.0
 10
0.8766666666666666
 20
2.946666666666667
 30
0.0
 10
0.87
 20
2.94
 30
0.0
 10
0.8633333333333333
 20
2.93
 30
0.0
 10
0.8566666666666666
 20
2.92
 30
0.0
 10
0.85
 20
2.91
 30
0.0
 10
0.8433333333333333
 20
2.903333333333334
 30
0.0
 10
0.8366666666666666
 20
2.896666666666667
 30
0.0
 10
0.823333333333333
 20
2.883333333333333
 30
0.0
 10
0.8166666666666668
 20
2.876666666666666
 30
0.0
 10
0.8033333333333336
 20
2.863333333333333
 30
0.0
 10
0.7966666666666667
 20
2.856666666666667
 30
0.0
 10
0.79
 20
2.85
 30
0.0
 10
0.7833333333333333
 20
2.84
 30
0.0
 10
0.7766666666666667
 20
2.83
 30
0.0
 10
0.77
 20
2.82
 30
0.0
 10
0.7633333333333333
 20
2.813333333333333
 30
0.0
 10
0.7566666666666667
 20
2.806666666666666
 30
0.0
 10
0.7433333333333335
 20
2.793333333333333
 30
0.0
 10
0.7366666666666667
 20
2.786666666666667
 30
0.0
 10
0.73
 20
2.78
 30
0.0
 10
0.7266666666666667
 20
2.77
 30
0.0
 10
0.7233333333333333
 20
2.76
 30
0.0
 10
0.7200000000000001
 20
2.75
 30
0.0
 10
0.7133333333333333
 20
2.743333333333334
 30
0.0
 10
0.7066666666666667
 20
2.736666666666667
 30
0.0
 10
0.6999999999999998
 20
2.73
 30
0.0
 10
0.6933333333333334
 20
2.72
 30
0.0
 10
0.6866666666666666
 20
2.71
 30
0.0
 10
0.68
 20
2.700000000000001
 30
0.0
 10
0.6733333333333333
 20
2.693333333333334
 30
0.0
 10
0.6666666666666666
 20
2.686666666666667
 30
0.0
 10
0.66
 20
2.68
 30
0.0
 10
0.6566666666666666
 20
2.67
 30
0.0
 10
0.6533333333333333
 20
2.66
 30
0.0
 10
0.65
 20
2.65
 30
0.0
 10
0.6433333333333334
 20
2.64
 30
0.0
 10
0.6366666666666667
 20
2.63
 30
0.0
 10
0.63
 20
2.62
 30
0.0
 10
0.6233333333333334
 20
2.613333333333334
 30
0.0
 10
0.6166666666666667
 20
2.606666666666667
 30
0.0
 10
0.61
 20
2.6
 30
0.0
 10
0.6033333333333334
 20
2.59
 30
0.0
 10
0.5966666666666667
 20
2.58
 30
0.0
 10
0.59
 20
2.57
 30
0.0
 10
0.5866666666666666
 20
2.56
 30
0.0
 10
0.5833333333333334
 20
2.55
 30
0.0
 10
0.58
 20
2.54
 30
0.0
 10
0.5733333333333334
 20
2.53
 30
0.0
 10
0.5666666666666668
 20
2.52
 30
0.0
 10
0.56
 20
2.51
 30
0.0
 10
0.5566666666666668
 20
2.5
 30
0.0
 10
0.5533333333333333
 20
2.49
 30
0.0
 10
0.55
 20
2.48
 30
0.0
 10
0.5433333333333333
 20
2.47
 30
0.0
 10
0.5366666666666667
 20
2.46
 30
0.0
 10
0.53
 20
2.45
 30
0.0
 10
0.5266666666666667
 20
2.443333333333334
 30
0.0
 10
0.5233333333333333
 20
2.436666666666667
 30
0.0
 10
0.52
 20
2.43
 30
0.0
 10
0.5133333333333333
 20
2.42
 30
0.0
 10
0.5066666666666667
 20
2.41
 30
0.0
 10
0.5
 20
2.4
 30
0.0
 10
0.5666666666666668
 20
2.283333333333333
 30
0.0
 10
0.6333333333333333
 20
2.166666666666667
 30
0.0
 10
0.6999999999999998
 20
2.05
 30
0.0
 10
0.71
 20
2.05
 30
0.0
 10
0.7200000000000001
 20
2.05
 30
0.0
 10
0.7400000000000001
 20
2.05
 30
0.0
 10
0.75
 20
2.05
 30
0.0
 10
0.7733333333333334
 20
2.05
 30
0.0
 10
0.7866666666666667
 20
2.05
 30
0.0
 10
0.8099999999999999
 20
2.05
 30
0.0
 10
0.82
 20
2.05
 30
0.0
 10
0.8399999999999999
 20
2.05
 30
0.0
 10
0.85
 20
2.05
 30
0.0
 10
0.87
 20
2.05
 30
0.0
 10
0.88
 20
2.05
 30
0.0
 10
0.9033333333333333
 20
2.05
 30
0.0
 10
0.9166666666666666
 20
2.05
 30
0.0
 10
0.9400000000000001
 20
2.05
 30
0.0
 10
0.9500000000000001
 20
2.05
 30
0.0
 10
0.9700000000000001
 20
2.05
 30
0.0
 10
0.98
 20
2.05
 30
0.0
 10
1.0
 20
2.05
 30
0.0
 10
1.01
 20
2.05
 30
0.0
 10
1.02
 20
2.05
 30
0.0
 10
1.03
 20
2.053333333333333
 30
0.0
 10
1.04
 20
2.056666666666667
 30
0.0
 10
1.05
 20
2.06
 30
0.0
 10
1.06
 20
2.06
 30
0.0
 10
1.07
 20
2.06
 30
0.0
 10
1.09
 20
2.06
 30
0.0
 10
1.1
 20
2.06
 30
0.0
 10
1.11
 20
2.06
 30
0.0
 10
1.123333333333333
 20
2.063333333333333
 30
0.0
 10
1.136666666666666
 20
2.066666666666666
 30
0.0
 10
1.15
 20
2.07
 30
0.0
 10
1.16
 20
2.07
 30
0.0
 10
1.17
 20
2.07
 30
0.0
 10
1.19
 20
2.07
 30
0.0
 10
1.2
 20
2.07
 30
0.0
 10
1.21
 20
2.07
 30
0.0
 10
1.216666666666667
 20
2.073333333333333
 30
0.0
 10
1.223333333333333
 20
2.076666666666667
 30
0.0
 10
1.23
 20
2.08
 30
0.0
 10
1.24
 20
2.083333333333333
 30
0.0
 10
1.25
 20
2.086666666666666
 30
0.0
 10
1.26
 20
2.09
 30
0.0
 10
1.27
 20
2.09
 30
0.0
 10
1.28
 20
2.09
 30
0.0
 10
1.29
 20
2.09
 30
0.0
 10
1.3
 20
2.093333333333333
 30
0.0
 10
1.31
 20
2.096666666666666
 30
0.0
 10
1.33
 20
2.103333333333334
 30
0.0
 10
1.34
 20
2.106666666666667
 30
0.0
 10
1.35
 20
2.11
 30
0.0
 10
1.36
 20
2.11
 30
0.0
 10
1.37
 20
2.11
 30
0.0
 10
1.38
 20
2.11
 30
0.0
 10
1.39
 20
2.113333333333333
 30
0.0
 10
1.4
 20
2.116666666666667
 30
0.0
 10
1.41
 20
2.12
 30
0.0
 10
1.416666666666667
 20
2.123333333333334
 30
0.0
 10
1.423333333333333
 20
2.126666666666666
 30
0.0
 10
1.43
 20
2.13
 30
0.0
 10
1.44
 20
2.133333333333333
 30
0.0
 10
1.45
 20
2.136666666666667
 30
0.0
 10
1.47
 20
2.143333333333334
 30
0.0
 10
1.48
 20
2.146666666666667
 30
0.0
 10
1.49
 20
2.15
 30
0.0
 10
1.496666666666667
 20
2.153333333333333
 30
0.0
 10
1.503333333333333
 20
2.156666666666667
 30
0.0
 10
1.51
 20
2.16
 30
0.0
 10
1.52
 20
2.163333333333334
 30
0.0
 10
1.53
 20
2.166666666666667
 30
0.0
 10
1.54
 20
2.17
 30
0.0
 10
1.546666666666667
 20
2.173333333333333
 30
0.0
 10
1.553333333333333
 20
2.176666666666666
 30
0.0
 10
1.56
 20
2.18
 30
0.0
 10
1.57
 20
2.183333333333334
 30
0.0
 10
1.58
 20
2.186666666666667
 30
0.0
 10
1.59
 20
2.19
 30
0.0
 10
1.596666666666667
 20
2.196666666666667
 30
0.0
 10
1.603333333333333
 20
2.203333333333334
 30
0.0
 10
1.61
 20
2.21
 30
0.0
 10
1.616666666666667
 20
2.213333333333333
 30
0.0
 10
1.623333333333333
 20
2.216666666666667
 30
0.0
 10
1.63
 20
2.22
 30
0.0
 10
1.64
 20
2.226666666666667
 30
0.0
 10
1.65
 20
2.233333333333334
 30
0.0
 10
1.66
 20
2.24
 30
0.0
 10
1.666666666666667
 20
2.243333333333334
 30
0.0
 10
1.673333333333333
 20
2.246666666666667
 30
0.0
 10
1.68
 20
2.25
 30
0.0
 10
1.686666666666667
 20
2.256666666666666
 30
0.0
 10
1.693333333333333
 20
2.263333333333333
 30
0.0
 10
1.706666666666667
 20
2.276666666666667
 30
0.0
 10
1.713333333333333
 20
2.283333333333334
 30
0.0
 10
1.72
 20
2.29
 30
0.0
 10
1.726666666666667
 20
2.293333333333333
 30
0.0
 10
1.733333333333333
 20
2.296666666666666
 30
0.0
 10
1.74
 20
2.3
 30
0.0
 10
1.746666666666667
 20
2.306666666666666
 30
0.0
 10
1.753333333333333
 20
2.313333333333333
 30
0.0
 10
1.766666666666667
 20
2.326666666666667
 30
0.0
 10
1.773333333333333
 20
2.333333333333333
 30
0.0
 10
1.786666666666667
 20
2.346666666666666
 30
0.0
 10
1.793333333333333
 20
2.353333333333333
 30
0.0
 10
1.8
 20
2.36
 30
0.0
 10
1.806666666666667
 20
2.363333333333333
 30
0.0
 10
1.813333333333333
 20
2.366666666666667
 30
0.0
 10
1.82
 20
2.37
 30
0.0
 10
1.83
 20
2.376666666666666
 30
0.0
 10
1.84
 20
2.383333333333333
 30
0.0
 10
1.85
 20
2.39
 30
0.0
 10
1.856666666666667
 20
2.396666666666667
 30
0.0
 10
1.863333333333333
 20
2.403333333333334
 30
0.0
 10
1.87
 20
2.41
 30
0.0
 10
1.876666666666667
 20
2.413333333333334
 30
0.0
 10
1.883333333333333
 20
2.416666666666667
 30
0.0
 10
1.89
 20
2.42
 30
0.0
 10
1.896666666666667
 20
2.426666666666666
 30
0.0
 10
1.903333333333333
 20
2.433333333333333
 30
0.0
 10
1.916666666666667
 20
2.446666666666667
 30
0.0
 10
1.923333333333333
 20
2.453333333333334
 30
0.0
 10
1.93
 20
2.46
 30
0.0
 10
1.936666666666667
 20
2.463333333333333
 30
0.0
 10
1.943333333333333
 20
2.466666666666667
 30
0.0
 10
1.95
 20
2.47
 30
0.0
 10
1.956666666666667
 20
2.476666666666667
 30
0.0
 10
1.963333333333333
 20
2.483333333333334
 30
0.0
 10
1.976666666666667
 20
2.496666666666667
 30
0.0
 10
1.983333333333333
 20
2.503333333333333
 30
0.0
 10
1.99
 20
2.51
 30
0.0
 10
1.996666666666667
 20
2.513333333333333
 30
0.0
 10
2.003333333333333
 20
2.516666666666666
 30
0.0
 10
2.01
 20
2.52
 30
0.0
 10
2.18
 20
2.35
 30
0.0
 10
2.35
 20
2.18
 30
0.0
 10
2.52
 20
2.01
 30
0.0
 10
2.516666666666667
 20
2.003333333333333
 30
0.0
 10
2.513333333333333
 20
1.996666666666667
 30
0.0
 10
2.51
 20
1.99
 30
0.0
 10
2.503333333333333
 20
1.983333333333333
 30
0.0
 10
2.496666666666667
 20
1.976666666666667
 30
0.0
 10
2.483333333333334
 20
1.963333333333333
 30
0.0
 10
2.476666666666667
 20
1.956666666666667
 30
0.0
 10
2.47
 20
1.95
 30
0.0
 10
2.466666666666667
 20
1.943333333333333
 30
0.0
 10
2.463333333333333
 20
1.936666666666667
 30
0.0
 10
2.46
 20
1.93
 30
0.0
 10
2.453333333333334
 20
1.923333333333333
 30
0.0
 10
2.446666666666667
 20
1.916666666666667
 30
0.0
 10
2.433333333333333
 20
1.903333333333333
 30
0.0
 10
2.426666666666666
 20
1.896666666666667
 30
0.0
 10
2.42
 20
1.89
 30
0.0
 10
2.416666666666667
 20
1.883333333333333
 30
0.0
 10
2.413333333333334
 20
1.876666666666667
 30
0.0
 10
2.41
 20
1.87
 30
0.0
 10
2.403333333333334
 20
1.863333333333334
 30
0.0
 10
2.396666666666667
 20
1.856666666666667
 30
0.0
 10
2.39
 20
1.85
 30
0.0
 10
2.383333333333333
 20
1.84
 30
0.0
 10
2.376666666666666
 20
1.83
 30
0.0
 10
2.37
 20
1.82
 30
0.0
 10
2.366666666666667
 20
1.813333333333333
 30
0.0
 10
2.363333333333333
 20
1.806666666666667
 30
0.0
 10
2.36
 20
1.8
 30
0.0
 10
2.353333333333333
 20
1.793333333333333
 30
0.0
 10
2.346666666666666
 20
1.786666666666667
 30
0.0
 10
2.333333333333333
 20
1.773333333333333
 30
0.0
 10
2.326666666666667
 20
1.766666666666667
 30
0.0
 10
2.313333333333333
 20
1.753333333333333
 30
0.0
 10
2.306666666666666
 20
1.746666666666667
 30
0.0
 10
2.3
 20
1.74
 30
0.0
 10
2.296666666666666
 20
1.733333333333333
 30
0.0
 10
2.293333333333333
 20
1.726666666666667
 30
0.0
 10
2.29
 20
1.72
 30
0.0
 10
2.283333333333334
 20
1.713333333333333
 30
0.0
 10
2.276666666666667
 20
1.706666666666667
 30
0.0
 10
2.263333333333333
 20
1.693333333333333
 30
0.0
 10
2.256666666666666
 20
1.686666666666667
 30
0.0
 10
2.25
 20
1.68
 30
0.0
 10
2.246666666666667
 20
1.673333333333333
 30
0.0
 10
2.243333333333334
 20
1.666666666666667
 30
0.0
 10
2.24
 20
1.66
 30
0.0
 10
2.233333333333334
 20
1.65
 30
0.0
 10
2.226666666666667
 20
1.64
 30
0.0
 10
2.22
 20
1.63
 30
0.0
 10
2.216666666666667
 20
1.623333333333333
 30
0.0
 10
2.213333333333333
 20
1.616666666666667
 30
0.0
 10
2.21
 20
1.61
 30
0.0
 10
2.203333333333334
 20
1.603333333333333
 30
0.0
 10
2.196666666666667
 20
1.596666666666667
 30
0.0
 10
2.19
 20
1.59
 30
0.0
 10
2.186666666666667
 20
1.58
 30
0.0
 10
2.183333333333334
 20
1.57
 30
0.0
 10
2.18
 20
1.56
 30
0.0
 10
2.176666666666667
 20
1.553333333333333
 30
0.0
 10
2.173333333333333
 20
1.546666666666667
 30
0.0
 10
2.17
 20
1.54
 30
0.0
 10
2.166666666666667
 20
1.53
 30
0.0
 10
2.163333333333334
 20
1.52
 30
0.0
 10
2.16
 20
1.51
 30
0.0
 10
2.156666666666667
 20
1.503333333333333
 30
0.0
 10
2.153333333333334
 20
1.496666666666667
 30
0.0
 10
2.15
 20
1.49
 30
0.0
 10
2.146666666666667
 20
1.48
 30
0.0
 10
2.143333333333333
 20
1.47
 30
0.0
 10
2.136666666666667
 20
1.45
 30
0.0
 10
2.133333333333333
 20
1.44
 30
0.0
 10
2.13
 20
1.43
 30
0.0
 10
2.126666666666666
 20
1.423333333333333
 30
0.0
 10
2.123333333333334
 20
1.416666666666667
 30
0.0
 10
2.12
 20
1.41
 30
0.0
 10
2.116666666666667
 20
1.4
 30
0.0
 10
2.113333333333333
 20
1.39
 30
0.0
 10
2.11
 20
1.38
 30
0.0
 10
2.11
 20
1.37
 30
0.0
 10
2.11
 20
1.36
 30
0.0
 10
2.11
 20
1.35
 30
0.0
 10
2.106666666666667
 20
1.34
 30
0.0
 10
2.103333333333333
 20
1.33
 30
0.0
 10
2.096666666666667
 20
1.31
 30
0.0
 10
2.093333333333333
 20
1.3
 30
0.0
 10
2.09
 20
1.29
 30
0.0
 10
2.09
 20
1.28
 30
0.0
 10
2.09
 20
1.27
 30
0.0
 10
2.09
 20
1.26
 30
0.0
 10
2.086666666666666
 20
1.25
 30
0.0
 10
2.083333333333333
 20
1.24
 30
0.0
 10
2.08
 20
1.23
 30
0.0
 10
2.076666666666667
 20
1.223333333333333
 30
0.0
 10
2.073333333333334
 20
1.216666666666667
 30
0.0
 10
2.07
 20
1.21
 30
0.0
 10
2.07
 20
1.2
 30
0.0
 10
2.07
 20
1.19
 30
0.0
 10
2.07
 20
1.17
 30
0.0
 10
2.07
 20
1.16
 30
0.0
 10
2.07
 20
1.15
 30
0.0
 10
2.066666666666666
 20
1.136666666666666
 30
0.0
 10
2.063333333333333
 20
1.123333333333333
 30
0.0
 10
2.06
 20
1.11
 30
0.0
 10
2.06
 20
1.1
 30
0.0
 10
2.06
 20
1.09
 30
0.0
 10
2.06
 20
1.07
 30
0.0
 10
2.06
 20
1.06
 30
0.0
 10
2.06
 20
1.05
 30
0.0
 10
2.056666666666667
 20
1.04
 30
0.0
 10
2.053333333333333
 20
1.03
 30
0.0
 10
2.05
 20
1.02
 30
0.0
 10
2.05
 20
1.01
 30
0.0
 10
2.05
 20
1.0
 30
0.0
 10
2.05
 20
0.98
 30
0.0
 10
2.05
 20
0.9700000000000001
 30
0.0
 10
2.05
 20
0.9500000000000001
 30
0.0
 10
2.05
 20
0.9400000000000001
 30
0.0
 10
2.05
 20
0.9166666666666666
 30
0.0
 10
2.05
 20
0.9033333333333333
 30
0.0
 10
2.05
 20
0.88
 30
0.0
 10
2.05
 20
0.87
 30
0.0
 10
2.05
 20
0.85
 30
0.0
 10
2.05
 20
0.84
 30
0.0
 10
2.05
 20
0.82
 30
0.0
 10
2.05
 20
0.8099999999999999
 30
0.0
 10
2.05
 20
0.7866666666666667
 30
0.0
 10
2.05
 20
0.7733333333333334
 30
0.0
 10
2.05
 20
0.75
 30
0.0
 10
2.05
 20
0.7399999999999999
 30
0.0
 10
2.05
 20
0.7199999999999999
 30
0.0
 10
2.05
 20
0.71
 30
0.0
 10
2.05
 20
0.6999999999999998
 30
0.0
 10
2.166666666666667
 20
0.6333333333333333
 30
0.0
 10
2.283333333333333
 20
0.5666666666666667
 30
0.0
 10
2.4
 20
0.5
 30
0.0
 10
2.41
 20
0.5066666666666667
 30
0.0
 10
2.42
 20
0.5133333333333333
 30
0.0
 10
2.43
 20
0.52
 30
0.0
 10
2.436666666666667
 20
0.5233333333333333
 30
0.0
 10
2.443333333333334
 20
0.5266666666666667
 30
0.0
 10
2.45
 20
0.53
 30
0.0
 10
2.46
 20
0.5366666666666667
 30
0.0
 10
2.47
 20
0.5433333333333333
 30
0.0
 10
2.48
 20
0.55
 30
0.0
 10
2.49
 20
0.5533333333333333
 30
0.0
 10
2.5
 20
0.5566666666666668
 30
0.0
 10
2.51
 20
0.56
 30
0.0
 10
2.52
 20
0.5666666666666668
 30
0.0
 10
2.53
 20
0.5733333333333334
 30
0.0
 10
2.54
 20
0.58
 30
0.0
 10
2.55
 20
0.5833333333333334
 30
0.0
 10
2.56
 20
0.5866666666666666
 30
0.0
 10
2.57
 20
0.59
 30
0.0
 10
2.58
 20
0.5966666666666667
 30
0.0
 10
2.59
 20
0.6033333333333334
 30
0.0
 10
2.6
 20
0.61
 30
0.0
 10
2.606666666666667
 20
0.6166666666666667
 30
0.0
 10
2.613333333333334
 20
0.6233333333333334
 30
0.0
 10
2.62
 20
0.63
 30
0.0
 10
2.63
 20
0.6366666666666667
 30
0.0
 10
2.64
 20
0.6433333333333334
 30
0.0
 10
2.65
 20
0.65
 30
0.0
 10
2.66
 20
0.6533333333333334
 30
0.0
 10
2.67
 20
0.6566666666666667
 30
0.0
 10
2.68
 20
0.66
 30
0.0
 10
2.686666666666667
 20
0.6666666666666666
 30
0.0
 10
2.693333333333334
 20
0.6733333333333333
 30
0.0
 10
2.700000000000001
 20
0.68
 30
0.0
 10
2.71
 20
0.6866666666666666
 30
0.0
 10
2.72
 20
0.6933333333333334
 30
0.0
 10
2.73
 20
0.6999999999999998
 30
0.0
 10
2.736666666666667
 20
0.7066666666666667
 30
0.0
 10
2.743333333333334
 20
0.7133333333333333
 30
0.0
 10
2.75
 20
0.7200000000000001
 30
0.0
 10
2.76
 20
0.7233333333333333
 30
0.0
 10
2.77
 20
0.7266666666666666
 30
0.0
 10
2.78
 20
0.73
 30
0.0
 10
2.786666666666667
 20
0.7366666666666667
 30
0.0
 10
2.793333333333333
 20
0.7433333333333333
 30
0.0
 10
2.806666666666666
 20
0.7566666666666669
 30
0.0
 10
2.813333333333333
 20
0.7633333333333333
 30
0.0
 10
2.82
 20
0.77
 30
0.0
 10
2.83
 20
0.7766666666666667
 30
0.0
 10
2.84
 20
0.7833333333333333
 30
0.0
 10
2.85
 20
0.79
 30
0.0
 10
2.856666666666667
 20
0.7966666666666667
 30
0.0
 10
2.863333333333333
 20
0.8033333333333333
 30
0.0
 10
2.876666666666666
 20
0.816666666666667
 30
0.0
 10
2.883333333333333
 20
0.8233333333333334
 30
0.0
 10
2.896666666666667
 20
0.8366666666666666
 30
0.0
 10
2.903333333333334
 20
0.8433333333333333
 30
0.0
 10
2.91
 20
0.85
 30
0.0
 10
2.92
 20
0.8566666666666666
 30
0.0
 10
2.93
 20
0.8633333333333333
 30
0.0
 10
2.94
 20
0.87
 30
0.0
 10
2.946666666666667
 20
0.8766666666666666
 30
0.0
 10
2.953333333333333
 20
0.8833333333333333
 30
0.0
 10
2.966666666666666
 20
0.896666666666667
 30
0.0
 10
2.973333333333333
 20
0.9033333333333333
 30
0.0
 10
2.98
 20
0.91
 30
0.0
 10
2.983333333333333
 20
0.9166666666666666
 30
0.0
 10
2.986666666666667
 20
0.9233333333333333
 30
0.0
 10
2.99
 20
0.93
 30
0.0
 10
2.996666666666667
 20
0.9400000000000001
 30
0.0
 10
3.003333333333333
 20
0.9500000000000001
 30
0.0
 10
3.01
 20
0.96
 30
0.0
 10
3.016666666666666
 20
0.9666666666666667
 30
0.0
 10
3.023333333333333
 20
0.9733333333333333
 30
0.0
 10
3.036666666666667
 20
0.9866666666666667
 30
0.0
 10
3.043333333333333
 20
0.9933333333333333
 30
0.0
 10
3.056666666666666
 20
1.006666666666667
 30
0.0
 10
3.063333333333333
 20
1.013333333333333
 30
0.0
 10
3.07
 20
1.02
 30
0.0
 10
3.073333333333333
 20
1.026666666666667
 30
0.0
 10
3.076666666666667
 20
1.033333333333333
 30
0.0
 10
3.08
 20
1.04
 30
0.0
 10
3.086666666666666
 20
1.05
 30
0.0
 10
3.093333333333333
 20
1.06
 30
0.0
 10
3.1
 20
1.07
 30
0.0
 10
3.103333333333333
 20
1.076666666666667
 30
0.0
 10
3.106666666666667
 20
1.083333333333333
 30
0.0
 10
3.113333333333333
 20
1.096666666666667
 30
0.0
 10
3.116666666666667
 20
1.103333333333333
 30
0.0
 10
3.12
 20
1.11
 30
0.0
 10
3.123333333333334
 20
1.12
 30
0.0
 10
3.126666666666666
 20
1.13
 30
0.0
 10
3.13
 20
1.14
 30
0.0
 10
3.133333333333333
 20
1.146666666666667
 30
0.0
 10
3.136666666666667
 20
1.153333333333333
 30
0.0
 10
3.14
 20
1.16
 30
0.0
 10
3.143333333333333
 20
1.17
 30
0.0
 10
3.146666666666667
 20
1.18
 30
0.0
 10
3.15
 20
1.19
 30
0.0
 10
3.153333333333334
 20
1.196666666666667
 30
0.0
 10
3.156666666666667
 20
1.203333333333333
 30
0.0
 10
3.16
 20
1.21
 30
0.0
 10
3.163333333333334
 20
1.22
 30
0.0
 10
3.166666666666667
 20
1.23
 30
0.0
 10
3.17
 20
1.24
 30
0.0
 10
3.173333333333333
 20
1.246666666666667
 30
0.0
 10
3.176666666666666
 20
1.253333333333333
 30
0.0
 10
3.18
 20
1.26
 30
0.0
 10
3.183333333333334
 20
1.27
 30
0.0
 10
3.186666666666667
 20
1.28
 30
0.0
 10
3.19
 20
1.29
 30
0.0
 10
3.193333333333333
 20
1.296666666666667
 30
0.0
 10
3.196666666666667
 20
1.303333333333333
 30
0.0
 10
3.200000000000001
 20
1.31
 30
0.0
 10
3.203333333333333
 20
1.32
 30
0.0
 10
3.206666666666667
 20
1.33
 30
0.0
 10
3.21
 20
1.34
 30
0.0
 10
3.213333333333333
 20
1.346666666666667
 30
0.0
 10
3.216666666666667
 20
1.353333333333333
 30
0.0
 10
3.22
 20
1.36
 30
0.0
 10
3.223333333333333
 20
1.37
 30
0.0
 10
3.226666666666667
 20
1.38
 30
0.0
 10
3.23
 20
1.39
 30
0.0
 10
3.233333333333333
 20
1.396666666666667
 30
0.0
 10
3.236666666666667
 20
1.403333333333333
 30
0.0
 10
3.24
 20
1.41
 30
0.0
 10
3.243333333333334
 20
1.42
 30
0.0
 10
3.246666666666667
 20
1.43
 30
0.0
 10
3.25
 20
1.44
 30
0.0
 10
3.253333333333333
 20
1.446666666666667
 30
0.0
 10
3.256666666666666
 20
1.453333333333333
 30
0.0
 10
3.26
 20
1.46
 30
0.0
 10
3.263333333333333
 20
1.47
 30
0.0
 10
3.266666666666666
 20
1.48
 30
0.0
 10
3.27
 20
1.49
 30
0.0
 10
3.273333333333333
 20
1.496666666666667
 30
0.0
 10
3.276666666666667
 20
1.503333333333333
 30
0.0
 10
3.28
 20
1.51
 30
0.0
 10
3.283333333333333
 20
1.52
 30
0.0
 10
3.286666666666667
 20
1.53
 30
0.0
 10
3.29
 20
1.54
 30
0.0
 10
3.293333333333333
 20
1.546666666666667
 30
0.0
 10
3.296666666666667
 20
1.553333333333333
 30
0.0
 10
3.299999999999999
 20
1.56
 30
0.0
 10
3.53
 20
1.5
 30
0.0
 10
3.76
 20
1.44
 30
0.0
 10
3.99
 20
1.38
 30
0.0
 10
3.99
 20
1.37
 30
0.0
 10
3.99
 20
1.36
 30
0.0
 10
3.99
 20
1.343333333333333
 30
0.0
 10
3.99
 20
1.336666666666667
 30
0.0
 10
3.99
 20
1.33
 30
0.0
 10
3.986666666666667
 20
1.32
 30
0.0
 10
3.983333333333334
 20
1.31
 30
0.0
 10
3.98
 20
1.3
 30
0.0
 10
3.98
 20
1.29
 30
0.0
 10
3.98
 20
1.28
 30
0.0
 10
3.98
 20
1.263333333333333
 30
0.0
 10
3.98
 20
1.256666666666667
 30
0.0
 10
3.98
 20
1.25
 30
0.0
 10
3.976666666666667
 20
1.24
 30
0.0
 10
3.973333333333333
 20
1.23
 30
0.0
 10
3.97
 20
1.22
 30
0.0
 10
3.97
 20
1.21
 30
0.0
 10
3.97
 20
1.2
 30
0.0
 10
3.97
 20
1.19
 30
0.0
 10
3.966666666666667
 20
1.183333333333333
 30
0.0
 10
3.963333333333333
 20
1.176666666666667
 30
0.0
 10
3.96
 20
1.17
 30
0.0
 10
3.96
 20
1.16
 30
0.0
 10
3.96
 20
1.15
 30
0.0
 10
3.96
 20
1.13
 30
0.0
 10
3.96
 20
1.12
 30
0.0
 10
3.96
 20
1.11
 30
0.0
 10
3.956666666666667
 20
1.103333333333333
 30
0.0
 10
3.953333333333333
 20
1.096666666666667
 30
0.0
 10
3.950000000000001
 20
1.09
 30
0.0
 10
3.950000000000001
 20
1.08
 30
0.0
 10
3.950000000000001
 20
1.07
 30
0.0
 10
3.950000000000001
 20
1.06
 30
0.0
 10
3.946666666666667
 20
1.05
 30
0.0
 10
3.943333333333333
 20
1.04
 30
0.0
 10
3.94
 20
1.03
 30
0.0
 10
3.94
 20
1.023333333333333
 30
0.0
 10
3.94
 20
1.016666666666667
 30
0.0
 10
3.94
 20
1.0
 30
0.0
 10
3.94
 20
0.9899999999999999
 30
0.0
 10
3.94
 20
0.98
 30
0.0
 10
3.936666666666667
 20
0.9699999999999999
 30
0.0
 10
3.933333333333334
 20
0.96
 30
0.0
 10
3.93
 20
0.9499999999999998
 30
0.0
 10
3.93
 20
0.9433333333333334
 30
0.0
 10
3.93
 20
0.9366666666666666
 30
0.0
 10
3.93
 20
0.93
 30
0.0
 10
3.926666666666667
 20
0.92
 30
0.0
 10
3.923333333333333
 20
0.91
 30
0.0
 10
3.92
 20
0.9
 30
0.0
 10
3.92
 20
0.89
 30
0.0
 10
3.92
 20
0.88
 30
0.0
 10
3.92
 20
0.8633333333333333
 30
0.0
 10
3.92
 20
0.8566666666666666
 30
0.0
 10
3.92
 20
0.84
 30
0.0
 10
3.92
 20
0.83
 30
0.0
 10
3.92
 20
0.82
 30
0.0
 10
3.923333333333333
 20
0.8099999999999999
 30
0.0
 10
3.926666666666666
 20
0.7999999999999999
 30
0.0
 10
3.93
 20
0.79
 30
0.0
 10
3.93
 20
0.7799999999999999
 30
0.0
 10
3.93
 20
0.77
 30
0.0
 10
3.93
 20
0.75
 30
0.0
 10
3.93
 20
0.7399999999999999
 30
0.0
 10
3.93
 20
0.73
 30
0.0
 10
3.933333333333334
 20
0.7233333333333333
 30
0.0
 10
3.936666666666667
 20
0.7166666666666667
 30
0.0
 10
3.94
 20
0.71
 30
0.0
 10
3.943333333333333
 20
0.7000000000000001
 30
0.0
 10
3.946666666666667
 20
0.6900000000000001
 30
0.0
 10
3.950000000000001
 20
0.68
 30
0.0
 10
3.950000000000001
 20
0.67
 30
0.0
 10
3.950000000000001
 20
0.66
 30
0.0
 10
3.950000000000001
 20
0.65
 30
0.0
 10
3.953333333333333
 20
0.64
 30
0.0
 10
3.956666666666667
 20
0.63
 30
0.0
 10
3.96
 20
0.62
 30
0.0
 10
3.963333333333333
 20
0.6133333333333333
 30
0.0
 10
3.966666666666667
 20
0.6066666666666666
 30
0.0
 10
3.97
 20
0.6
 30
0.0
 10
3.97
 20
0.59
 30
0.0
 10
3.97
 20
0.58
 30
0.0
 10
3.97
 20
0.57
 30
0.0
 10
3.973333333333333
 20
0.5599999999999999
 30
0.0
 10
3.976666666666667
 20
0.5499999999999999
 30
0.0
 10
3.983333333333333
 20
0.53
 30
0.0
 10
3.986666666666667
 20
0.52
 30
0.0
 10
3.993333333333334
 20
0.5
 30
0.0
 10
3.996666666666667
 20
0.49
 30
0.0
 10
4.003333333333333
 20
0.4700000000000001
 30
0.0
 10
4.006666666666667
 20
0.46
 30
0.0
 10
4.01
 20
0.45
 30
0.0
 10
4.013333333333333
 20
0.4433333333333334
 30
0.0
 10
4.016666666666667
 20
0.4366666666666667
 30
0.0
 10
4.02
 20
0.43
 30
0.0
 10
4.023333333333333
 20
0.42
 30
0.0
 10
4.026666666666667
 20
0.41
 30
0.0
 10
4.03
 20
0.4000000000000001
 30
0.0
 10
4.036666666666666
 20
0.39
 30
0.0
 10
4.043333333333333
 20
0.3800000000000001
 30
0.0
 10
4.05
 20
0.3699999999999999
 30
0.0
 10
4.053333333333334
 20
0.36
 30
0.0
 10
4.056666666666666
 20
0.35
 30
0.0
 10
4.063333333333333
 20
0.33
 30
0.0
 10
4.066666666666666
 20
0.32
 30
0.0
 10
4.07
 20
0.31
 30
0.0
 10
4.076666666666667
 20
0.3
 30
0.0
 10
4.083333333333333
 20
0.29
 30
0.0
 10
4.09
 20
0.28
 30
0.0
 10
4.093333333333333
 20
0.2733333333333334
 30
0.0
 10
4.096666666666667
 20
0.2666666666666667
 30
0.0
 10
4.1
 20
0.26
 30
0.0
 10
4.103333333333333
 20
0.25
 30
0.0
 10
4.106666666666666
 20
0.24
 30
0.0
 10
4.11
 20
0.23
 30
0.0
 10
4.116666666666667
 20
0.2200000000000001
 30
0.0
 10
4.123333333333334
 20
0.21
 30
0.0
 10
4.13
 20
0.2
 30
0.0
 10
4.133333333333334
 20
0.19
 30
0.0
 10
4.136666666666667
 20
0.18
 30
0.0
 10
4.14
 20
0.17
 30
0.0
 10
4.146666666666667
 20
0.16
 30
0.0
 10
4.153333333333333
 20
0.15
 30
0.0
 10
4.16
 20
0.14
 30
0.0
 10
4.166666666666667
 20
0.1333333333333333
 30
0.0
 10
4.173333333333333
 20
0.1266666666666667
 30
0.0
 10
4.18
 20
0.12
 30
0.0
 10
4.183333333333334
 20
0.11
 30
0.0
 10
4.186666666666667
 20
0.1
 30
0.0
 10
4.19
 20
0.09
 30
0.0
 10
4.196666666666666
 20
0.08
 30
0.0
 10
4.203333333333333
 20
0.07
 30
0.0
 10
4.216666666666667
 20
0.05
 30
0.0
 10
4.223333333333334
 20
0.04
 30
0.0
 10
4.236666666666667
 20
0.02
 30
0.0
 10
4.243333333333333
 20
0.01
 30
0.0
 10
4.25
 20
0.0
 30
0.0
 10
4.38
 20
0.0
 30
0.0
 10
4.510000000000001
 20
0.0
 30
0.0
 10
4.64
 20
0.0
 30
0.0
 10
4.646666666666667
 20
0.01
 30
0.0
 10
4.653333333333333
 20
0.02
 30
0.0
 10
4.666666666666667
 20
0.04
 30
0.0
 10
4.673333333333333
 20
0.05
 30
0.0
 10
4.686666666666667
 20
0.07
 30
0.0
 10
4.693333333333332
 20
0.08
 30
0.0
 10
4.7
 20
0.09
 30
0.0
 10
4.703333333333334
 20
0.1
 30
0.0
 10
4.706666666666667
 20
0.11
 30
0.0
 10
4.71
 20
0.12
 30
0.0
 10
4.716666666666667
 20
0.1266666666666667
 30
0.0
 10
4.723333333333334
 20
0.1333333333333333
 30
0.0
 10
4.73
 20
0.14
 30
0.0
 10
4.736666666666667
 20
0.15
 30
0.0
 10
4.743333333333333
 20
0.16
 30
0.0
 10
4.75
 20
0.17
 30
0.0
 10
4.753333333333333
 20
0.18
 30
0.0
 10
4.756666666666667
 20
0.19
 30
0.0
 10
4.76
 20
0.2
 30
0.0
 10
4.766666666666667
 20
0.21
 30
0.0
 10
4.773333333333333
 20
0.22
 30
0.0
 10
4.78
 20
0.23
 30
0.0
 10
4.783333333333334
 20
0.24
 30
0.0
 10
4.786666666666666
 20
0.25
 30
0.0
 10
4.79
 20
0.26
 30
0.0
 10
4.793333333333334
 20
0.2666666666666667
 30
0.0
 10
4.796666666666667
 20
0.2733333333333334
 30
0.0
 10
4.8
 20
0.28
 30
0.0
 10
4.806666666666667
 20
0.29
 30
0.0
 10
4.813333333333333
 20
0.3
 30
0.0
 10
4.82
 20
0.31
 30
0.0
 10
4.823333333333333
 20
0.32
 30
0.0
 10
4.826666666666667
 20
0.33
 30
0.0
 10
4.833333333333333
 20
0.35
 30
0.0
 10
4.836666666666667
 20
0.36
 30
0.0
 10
4.84
 20
0.3699999999999999
 30
0.0
 10
4.846666666666667
 20
0.3800000000000001
 30
0.0
 10
4.853333333333333
 20
0.39
 30
0.0
 10
4.86
 20
0.4000000000000001
 30
0.0
 10
4.863333333333334
 20
0.41
 30
0.0
 10
4.866666666666667
 20
0.42
 30
0.0
 10
4.87
 20
0.43
 30
0.0
 10
4.873333333333334
 20
0.4366666666666667
 30
0.0
 10
4.876666666666666
 20
0.4433333333333334
 30
0.0
 10
4.88
 20
0.45
 30
0.0
 10
4.883333333333334
 20
0.46
 30
0.0
 10
4.886666666666667
 20
0.47
 30
0.0
 10
4.893333333333333
 20
0.4900000000000003
 30
0.0
 10
4.896666666666667
 20
0.5
 30
0.0
 10
4.903333333333334
 20
0.5199999999999998
 30
0.0
 10
4.906666666666667
 20
0.53
 30
0.0
 10
4.913333333333333
 20
0.5499999999999999
 30
0.0
 10
4.916666666666667
 20
0.5599999999999999
 30
0.0
 10
4.92
 20
0.57
 30
0.0
 10
4.92
 20
0.58
 30
0.0
 10
4.92
 20
0.59
 30
0.0
 10
4.92
 20
0.6
 30
0.0
 10
4.923333333333333
 20
0.6066666666666666
 30
0.0
 10
4.926666666666667
 20
0.6133333333333333
 30
0.0
 10
4.93
 20
0.62
 30
0.0
 10
4.933333333333334
 20
0.63
 30
0.0
 10
4.936666666666667
 20
0.64
 30
0.0
 10
4.94
 20
0.65
 30
0.0
 10
4.94
 20
0.66
 30
0.0
 10
4.94
 20
0.67
 30
0.0
 10
4.94
 20
0.68
 30
0.0
 10
4.943333333333334
 20
0.6900000000000001
 30
0.0
 10
4.946666666666666
 20
0.7000000000000001
 30
0.0
 10
4.95
 20
0.71
 30
0.0
 10
4.953333333333334
 20
0.7166666666666667
 30
0.0
 10
4.956666666666667
 20
0.7233333333333333
 30
0.0
 10
4.96
 20
0.73
 30
0.0
 10
4.96
 20
0.7400000000000001
 30
0.0
 10
4.96
 20
0.75
 30
0.0
 10
4.96
 20
0.77
 30
0.0
 10
4.96
 20
0.7799999999999999
 30
0.0
 10
4.96
 20
0.79
 30
0.0
 10
4.963333333333334
 20
0.7999999999999999
 30
0.0
 10
4.966666666666666
 20
0.8099999999999999
 30
0.0
 10
4.97
 20
0.82
 30
0.0
 10
4.97
 20
0.83
 30
0.0
 10
4.97
 20
0.84
 30
0.0
 10
4.97
 20
0.8566666666666666
 30
0.0
 10
4.97
 20
0.8633333333333333
 30
0.0
 10
4.97
 20
0.8799999999999999
 30
0.0
 10
4.97
 20
0.89
 30
0.0
 10
4.97
 20
0.9
 30
0.0
 10
4.966666666666666
 20
0.91
 30
0.0
 10
4.963333333333334
 20
0.92
 30
0.0
 10
4.96
 20
0.93
 30
0.0
 10
4.96
 20
0.9366666666666666
 30
0.0
 10
4.96
 20
0.9433333333333334
 30
0.0
 10
4.96
 20
0.9499999999999998
 30
0.0
 10
4.956666666666666
 20
0.96
 30
0.0
 10
4.953333333333333
 20
0.9700000000000001
 30
0.0
 10
4.95
 20
0.98
 30
0.0
 10
4.95
 20
0.9900000000000001
 30
0.0
 10
4.95
 20
1.0
 30
0.0
 10
4.95
 20
1.016666666666667
 30
0.0
 10
4.95
 20
1.023333333333333
 30
0.0
 10
4.95
 20
1.03
 30
0.0
 10
4.946666666666666
 20
1.04
 30
0.0
 10
4.943333333333334
 20
1.05
 30
0.0
 10
4.94
 20
1.06
 30
0.0
 10
4.94
 20
1.07
 30
0.0
 10
4.94
 20
1.08
 30
0.0
 10
4.94
 20
1.09
 30
0.0
 10
4.936666666666667
 20
1.096666666666667
 30
0.0
 10
4.933333333333334
 20
1.103333333333333
 30
0.0
 10
4.93
 20
1.11
 30
0.0
 10
4.93
 20
1.12
 30
0.0
 10
4.93
 20
1.13
 30
0.0
 10
4.93
 20
1.15
 30
0.0
 10
4.93
 20
1.16
 30
0.0
 10
4.93
 20
1.17
 30
0.0
 10
4.926666666666667
 20
1.176666666666667
 30
0.0
 10
4.923333333333333
 20
1.183333333333333
 30
0.0
 10
4.92
 20
1.19
 30
0.0
 10
4.92
 20
1.2
 30
0.0
 10
4.92
 20
1.21
 30
0.0
 10
4.92
 20
1.22
 30
0.0
 10
4.916666666666667
 20
1.23
 30
0.0
 10
4.913333333333333
 20
1.24
 30
0.0
 10
4.91
 20
1.25
 30
0.0
 10
4.91
 20
1.256666666666667
 30
0.0
 10
4.91
 20
1.263333333333333
 30
0.0
 10
4.91
 20
1.28
 30
0.0
 10
4.91
 20
1.29
 30
0.0
 10
4.91
 20
1.3
 30
0.0
 10
4.906666666666667
 20
1.31
 30
0.0
 10
4.903333333333333
 20
1.32
 30
0.0
 10
4.9
 20
1.33
 30
0.0
 10
4.9
 20
1.336666666666667
 30
0.0
 10
4.9
 20
1.343333333333333
 30
0.0
 10
4.9
 20
1.36
 30
0.0
 10
4.9
 20
1.37
 30
0.0
 10
4.9
 20
1.38
 30
0.0
 10
5.13
 20
1.44
 30
0.0
 10
5.359999999999999
 20
1.5
 30
0.0
 10
5.59
 20
1.56
 30
0.0
 10
5.593333333333333
 20
1.553333333333333
 30
0.0
 10
5.596666666666667
 20
1.546666666666667
 30
0.0
 10
5.599999999999999
 20
1.54
 30
0.0
 10
5.603333333333334
 20
1.53
 30
0.0
 10
5.606666666666666
 20
1.52
 30
0.0
 10
5.61
 20
1.51
 30
0.0
 10
5.613333333333334
 20
1.503333333333333
 30
0.0
 10
5.616666666666667
 20
1.496666666666667
 30
0.0
 10
5.62
 20
1.49
 30
0.0
 10
5.623333333333334
 20
1.48
 30
0.0
 10
5.626666666666666
 20
1.47
 30
0.0
 10
5.63
 20
1.46
 30
0.0
 10
5.633333333333333
 20
1.453333333333333
 30
0.0
 10
5.636666666666667
 20
1.446666666666667
 30
0.0
 10
5.64
 20
1.44
 30
0.0
 10
5.643333333333334
 20
1.43
 30
0.0
 10
5.646666666666666
 20
1.42
 30
0.0
 10
5.650000000000001
 20
1.41
 30
0.0
 10
5.653333333333333
 20
1.403333333333333
 30
0.0
 10
5.656666666666666
 20
1.396666666666667
 30
0.0
 10
5.66
 20
1.39
 30
0.0
 10
5.663333333333333
 20
1.38
 30
0.0
 10
5.666666666666667
 20
1.37
 30
0.0
 10
5.669999999999999
 20
1.36
 30
0.0
 10
5.673333333333333
 20
1.353333333333333
 30
0.0
 10
5.676666666666667
 20
1.346666666666667
 30
0.0
 10
5.68
 20
1.34
 30
0.0
 10
5.683333333333334
 20
1.33
 30
0.0
 10
5.686666666666667
 20
1.32
 30
0.0
 10
5.69
 20
1.31
 30
0.0
 10
5.693333333333334
 20
1.303333333333333
 30
0.0
 10
5.696666666666666
 20
1.296666666666667
 30
0.0
 10
5.7
 20
1.29
 30
0.0
 10
5.703333333333333
 20
1.28
 30
0.0
 10
5.706666666666667
 20
1.27
 30
0.0
 10
5.71
 20
1.26
 30
0.0
 10
5.713333333333334
 20
1.253333333333333
 30
0.0
 10
5.716666666666666
 20
1.246666666666667
 30
0.0
 10
5.72
 20
1.24
 30
0.0
 10
5.723333333333334
 20
1.23
 30
0.0
 10
5.726666666666667
 20
1.22
 30
0.0
 10
5.73
 20
1.21
 30
0.0
 10
5.733333333333333
 20
1.203333333333333
 30
0.0
 10
5.736666666666667
 20
1.196666666666667
 30
0.0
 10
5.739999999999999
 20
1.19
 30
0.0
 10
5.743333333333333
 20
1.18
 30
0.0
 10
5.746666666666667
 20
1.17
 30
0.0
 10
5.75
 20
1.16
 30
0.0
 10
5.753333333333333
 20
1.153333333333333
 30
0.0
 10
5.756666666666667
 20
1.146666666666667
 30
0.0
 10
5.760000000000001
 20
1.14
 30
0.0
 10
5.763333333333333
 20
1.13
 30
0.0
 10
5.766666666666666
 20
1.12
 30
0.0
 10
5.77
 20
1.11
 30
0.0
 10
5.773333333333333
 20
1.103333333333333
 30
0.0
 10
5.776666666666667
 20
1.096666666666667
 30
0.0
 10
5.783333333333333
 20
1.083333333333333
 30
0.0
 10
5.786666666666666
 20
1.076666666666667
 30
0.0
 10
5.79
 20
1.07
 30
0.0
 10
5.796666666666667
 20
1.06
 30
0.0
 10
5.803333333333334
 20
1.05
 30
0.0
 10
5.81
 20
1.04
 30
0.0
 10
5.813333333333333
 20
1.033333333333333
 30
0.0
 10
5.816666666666666
 20
1.026666666666667
 30
0.0
 10
5.82
 20
1.02
 30
0.0
 10
5.826666666666667
 20
1.013333333333333
 30
0.0
 10
5.833333333333333
 20
1.006666666666667
 30
0.0
 10
5.846666666666667
 20
0.9933333333333333
 30
0.0
 10
5.853333333333333
 20
0.9866666666666667
 30
0.0
 10
5.866666666666668
 20
0.9733333333333337
 30
0.0
 10
5.873333333333334
 20
0.9666666666666667
 30
0.0
 10
5.88
 20
0.96
 30
0.0
 10
5.886666666666667
 20
0.9500000000000001
 30
0.0
 10
5.893333333333334
 20
0.9400000000000001
 30
0.0
 10
5.900000000000001
 20
0.93
 30
0.0
 10
5.903333333333333
 20
0.9233333333333333
 30
0.0
 10
5.906666666666666
 20
0.9166666666666666
 30
0.0
 10
5.91
 20
0.91
 30
0.0
 10
5.916666666666667
 20
0.9033333333333333
 30
0.0
 10
5.923333333333333
 20
0.8966666666666666
 30
0.0
 10
5.936666666666667
 20
0.8833333333333333
 30
0.0
 10
5.943333333333332
 20
0.8766666666666666
 30
0.0
 10
5.95
 20
0.87
 30
0.0
 10
5.96
 20
0.8633333333333333
 30
0.0
 10
5.97
 20
0.8566666666666666
 30
0.0
 10
5.98
 20
0.85
 30
0.0
 10
5.986666666666667
 20
0.8433333333333333
 30
0.0
 10
5.993333333333333
 20
0.8366666666666666
 30
0.0
 10
6.006666666666667
 20
0.8233333333333333
 30
0.0
 10
6.013333333333333
 20
0.8166666666666668
 30
0.0
 10
6.026666666666666
 20
0.8033333333333333
 30
0.0
 10
6.033333333333332
 20
0.7966666666666667
 30
0.0
 10
6.04
 20
0.79
 30
0.0
 10
6.05
 20
0.7833333333333333
 30
0.0
 10
6.06
 20
0.7766666666666667
 30
0.0
 10
6.07
 20
0.77
 30
0.0
 10
6.076666666666667
 20
0.7633333333333333
 30
0.0
 10
6.083333333333333
 20
0.7566666666666667
 30
0.0
 10
6.096666666666667
 20
0.7433333333333333
 30
0.0
 10
6.103333333333333
 20
0.7366666666666667
 30
0.0
 10
6.11
 20
0.73
 30
0.0
 10
6.12
 20
0.7266666666666667
 30
0.0
 10
6.13
 20
0.7233333333333333
 30
0.0
 10
6.14
 20
0.7200000000000001
 30
0.0
 10
6.146666666666666
 20
0.7133333333333333
 30
0.0
 10
6.153333333333333
 20
0.7066666666666667
 30
0.0
 10
6.16
 20
0.6999999999999998
 30
0.0
 10
6.170000000000001
 20
0.6933333333333334
 30
0.0
 10
6.180000000000001
 20
0.6866666666666666
 30
0.0
 10
6.19
 20
0.68
 30
0.0
 10
6.196666666666666
 20
0.6733333333333333
 30
0.0
 10
6.203333333333333
 20
0.6666666666666666
 30
0.0
 10
6.21
 20
0.66
 30
0.0
 10
6.219999999999999
 20
0.6566666666666666
 30
0.0
 10
6.23
 20
0.6533333333333333
 30
0.0
 10
6.239999999999999
 20
0.65
 30
0.0
 10
6.25
 20
0.6433333333333334
 30
0.0
 10
6.260000000000001
 20
0.6366666666666667
 30
0.0
 10
6.27
 20
0.63
 30
0.0
 10
6.276666666666666
 20
0.6233333333333334
 30
0.0
 10
6.283333333333332
 20
0.6166666666666667
 30
0.0
 10
6.29
 20
0.61
 30
0.0
 10
6.3
 20
0.6033333333333334
 30
0.0
 10
6.31
 20
0.5966666666666667
 30
0.0
 10
6.32
 20
0.59
 30
0.0
 10
6.330000000000001
 20
0.5866666666666666
 30
0.0
 10
6.34
 20
0.5833333333333334
 30
0.0
 10
6.349999999999999
 20
0.58
 30
0.0
 10
6.359999999999999
 20
0.5733333333333334
 30
0.0
 10
6.37
 20
0.5666666666666668
 30
0.0
 10
6.38
 20
0.56
 30
0.0
 10
6.39
 20
0.5566666666666668
 30
0.0
 10
6.399999999999999
 20
0.5533333333333333
 30
0.0
 10
6.41
 20
0.55
 30
0.0
 10
6.420000000000001
 20
0.5433333333333333
 30
0.0
 10
6.430000000000001
 20
0.5366666666666667
 30
0.0
 10
6.44
 20
0.53
 30
0.0
 10
6.446666666666666
 20
0.5266666666666667
 30
0.0
 10
6.453333333333333
 20
0.5233333333333333
 30
0.0
 10
6.46
 20
0.52
 30
0.0
 10
6.469999999999999
 20
0.5133333333333333
 30
0.0
 10
6.48
 20
0.5066666666666667
 30
0.0
 10
6.489999999999999
 20
0.5
 30
0.0
 10
6.606666666666666
 20
0.5666666666666668
 30
0.0
 10
6.723333333333334
 20
0.6333333333333333
 30
0.0
 10
6.84
 20
0.6999999999999998
 30
0.0
 10
6.84
 20
0.71
 30
0.0
 10
6.84
 20
0.7200000000000001
 30
0.0
 10
6.84
 20
0.7400000000000001
 30
0.0
 10
6.84
 20
0.75
 30
0.0
 10
6.84
 20
0.7733333333333334
 30
0.0
 10
6.84
 20
0.7866666666666667
 30
0.0
 10
6.84
 20
0.8099999999999999
 30
0.0
 10
6.84
 20
0.82
 30
0.0
 10
6.84
 20
0.8399999999999999
 30
0.0
 10
6.84
 20
0.85
 30
0.0
 10
6.84
 20
0.87
 30
0.0
 10
6.84
 20
0.88
 30
0.0
 10
6.84
 20
0.9033333333333333
 30
0.0
 10
6.84
 20
0.9166666666666666
 30
0.0
 10
6.84
 20
0.9400000000000001
 30
0.0
 10
6.84
 20
0.9500000000000001
 30
0.0
 10
6.84
 20
0.9700000000000001
 30
0.0
 10
6.84
 20
0.98
 30
0.0
 10
6.84
 20
1.0
 30
0.0
 10
6.84
 20
1.01
 30
0.0
 10
6.84
 20
1.02
 30
0.0
 10
6.836666666666667
 20
1.03
 30
0.0
 10
6.833333333333333
 20
1.04
 30
0.0
 10
6.830000000000001
 20
1.05
 30
0.0
 10
6.830000000000001
 20
1.06
 30
0.0
 10
6.830000000000001
 20
1.07
 30
0.0
 10
6.830000000000001
 20
1.09
 30
0.0
 10
6.830000000000001
 20
1.1
 30
0.0
 10
6.830000000000001
 20
1.11
 30
0.0
 10
6.826666666666667
 20
1.123333333333333
 30
0.0
 10
6.823333333333333
 20
1.136666666666666
 30
0.0
 10
6.82
 20
1.15
 30
0.0
 10
6.82
 20
1.16
 30
0.0
 10
6.82
 20
1.17
 30
0.0
 10
6.82
 20
1.19
 30
0.0
 10
6.82
 20
1.2
 30
0.0
 10
6.82
 20
1.21
 30
0.0
 10
6.816666666666666
 20
1.216666666666667
 30
0.0
 10
6.813333333333333
 20
1.223333333333333
 30
0.0
 10
6.81
 20
1.23
 30
0.0
 10
6.806666666666666
 20
1.24
 30
0.0
 10
6.803333333333334
 20
1.25
 30
0.0
 10
6.8
 20
1.26
 30
0.0
 10
6.8
 20
1.27
 30
0.0
 10
6.8
 20
1.28
 30
0.0
 10
6.8
 20
1.29
 30
0.0
 10
6.796666666666667
 20
1.3
 30
0.0
 10
6.793333333333333
 20
1.31
 30
0.0
 10
6.786666666666667
 20
1.33
 30
0.0
 10
6.783333333333334
 20
1.34
 30
0.0
 10
6.78
 20
1.35
 30
0.0
 10
6.78
 20
1.36
 30
0.0
 10
6.78
 20
1.37
 30
0.0
 10
6.78
 20
1.38
 30
0.0
 10
6.776666666666666
 20
1.39
 30
0.0
 10
6.773333333333333
 20
1.4
 30
0.0
 10
6.77
 20
1.41
 30
0.0
 10
6.766666666666667
 20
1.416666666666667
 30
0.0
 10
6.763333333333333
 20
1.423333333333333
 30
0.0
 10
6.760000000000001
 20
1.43
 30
0.0
 10
6.756666666666667
 20
1.44
 30
0.0
 10
6.753333333333333
 20
1.45
 30
0.0
 10
6.746666666666667
 20
1.47
 30
0.0
 10
6.743333333333333
 20
1.48
 30
0.0
 10
6.739999999999999
 20
1.49
 30
0.0
 10
6.736666666666667
 20
1.496666666666667
 30
0.0
 10
6.733333333333334
 20
1.503333333333333
 30
0.0
 10
6.73
 20
1.51
 30
0.0
 10
6.726666666666667
 20
1.52
 30
0.0
 10
6.723333333333333
 20
1.53
 30
0.0
 10
6.72
 20
1.54
 30
0.0
 10
6.716666666666666
 20
1.546666666666667
 30
0.0
 10
6.713333333333334
 20
1.553333333333333
 30
0.0
 10
6.71
 20
1.56
 30
0.0
 10
6.706666666666666
 20
1.57
 30
0.0
 10
6.703333333333333
 20
1.58
 30
0.0
 10
6.7
 20
1.59
 30
0.0
 10
6.693333333333332
 20
1.596666666666667
 30
0.0
 10
6.686666666666667
 20
1.603333333333333
 30
0.0
 10
6.68
 20
1.61
 30
0.0
 10
6.676666666666667
 20
1.616666666666667
 30
0.0
 10
6.673333333333333
 20
1.623333333333333
 30
0.0
 10
6.669999999999999
 20
1.63
 30
0.0
 10
6.663333333333334
 20
1.64
 30
0.0
 10
6.656666666666666
 20
1.65
 30
0.0
 10
6.650000000000001
 20
1.66
 30
0.0
 10
6.646666666666666
 20
1.666666666666667
 30
0.0
 10
6.643333333333334
 20
1.673333333333333
 30
0.0
 10
6.64
 20
1.68
 30
0.0
 10
6.633333333333333
 20
1.686666666666667
 30
0.0
 10
6.626666666666666
 20
1.693333333333333
 30
0.0
 10
6.613333333333333
 20
1.706666666666667
 30
0.0
 10
6.606666666666666
 20
1.713333333333333
 30
0.0
 10
6.599999999999999
 20
1.72
 30
0.0
 10
6.596666666666667
 20
1.726666666666667
 30
0.0
 10
6.593333333333334
 20
1.733333333333333
 30
0.0
 10
6.59
 20
1.74
 30
0.0
 10
6.583333333333333
 20
1.746666666666667
 30
0.0
 10
6.576666666666667
 20
1.753333333333333
 30
0.0
 10
6.563333333333333
 20
1.766666666666667
 30
0.0
 10
6.556666666666668
 20
1.773333333333333
 30
0.0
 10
6.543333333333332
 20
1.786666666666666
 30
0.0
 10
6.536666666666666
 20
1.793333333333333
 30
0.0
 10
6.53
 20
1.8
 30
0.0
 10
6.526666666666666
 20
1.806666666666667
 30
0.0
 10
6.523333333333333
 20
1.813333333333333
 30
0.0
 10
6.52
 20
1.82
 30
0.0
 10
6.513333333333333
 20
1.83
 30
0.0
 10
6.506666666666667
 20
1.84
 30
0.0
 10
6.5
 20
1.85
 30
0.0
 10
6.493333333333333
 20
1.856666666666667
 30
0.0
 10
6.486666666666667
 20
1.863333333333333
 30
0.0
 10
6.48
 20
1.87
 30
0.0
 10
6.476666666666667
 20
1.876666666666667
 30
0.0
 10
6.473333333333333
 20
1.883333333333333
 30
0.0
 10
6.47
 20
1.89
 30
0.0
 10
6.463333333333334
 20
1.896666666666667
 30
0.0
 10
6.456666666666667
 20
1.903333333333333
 30
0.0
 10
6.443333333333332
 20
1.916666666666667
 30
0.0
 10
6.436666666666667
 20
1.923333333333333
 30
0.0
 10
6.43
 20
1.93
 30
0.0
 10
6.426666666666667
 20
1.936666666666667
 30
0.0
 10
6.423333333333333
 20
1.943333333333333
 30
0.0
 10
6.419999999999999
 20
1.95
 30
0.0
 10
6.413333333333334
 20
1.956666666666667
 30
0.0
 10
6.406666666666666
 20
1.963333333333333
 30
0.0
 10
6.393333333333335
 20
1.976666666666668
 30
0.0
 10
6.386666666666667
 20
1.983333333333333
 30
0.0
 10
6.38
 20
1.99
 30
0.0
 10
6.376666666666666
 20
1.996666666666667
 30
0.0
 10
6.373333333333334
 20
2.003333333333333
 30
0.0
 10
6.37
 20
2.01
 30
0.0
 10
6.54
 20
2.18
 30
0.0
 10
6.71
 20
2.35
 30
0.0
 10
6.88
 20
2.52
 30
0.0
 10
6.886666666666667
 20
2.516666666666667
 30
0.0
 10
6.893333333333334
 20
2.513333333333333
 30
0.0
 10
6.900000000000001
 20
2.51
 30
0.0
 10
6.906666666666666
 20
2.503333333333333
 30
0.0
 10
6.913333333333334
 20
2.496666666666667
 30
0.0
 10
6.926666666666666
 20
2.483333333333333
 30
0.0
 10
6.933333333333334
 20
2.476666666666667
 30
0.0
 10
6.94
 20
2.47
 30
0.0
 10
6.946666666666666
 20
2.466666666666667
 30
0.0
 10
6.953333333333333
 20
2.463333333333333
 30
0.0
 10
6.96
 20
2.46
 30
0.0
 10
6.966666666666666
 20
2.453333333333334
 30
0.0
 10
6.973333333333334
 20
2.446666666666667
 30
0.0
 10
6.986666666666667
 20
2.433333333333333
 30
0.0
 10
6.993333333333333
 20
2.426666666666666
 30
0.0
 10
7.0
 20
2.42
 30
0.0
 10
7.006666666666667
 20
2.416666666666667
 30
0.0
 10
7.013333333333333
 20
2.413333333333334
 30
0.0
 10
7.02
 20
2.41
 30
0.0
 10
7.026666666666666
 20
2.403333333333334
 30
0.0
 10
7.033333333333332
 20
2.396666666666667
 30
0.0
 10
7.04
 20
2.39
 30
0.0
 10
7.05
 20
2.383333333333333
 30
0.0
 10
7.06
 20
2.376666666666666
 30
0.0
 10
7.07
 20
2.37
 30
0.0
 10
7.076666666666667
 20
2.366666666666667
 30
0.0
 10
7.083333333333333
 20
2.363333333333333
 30
0.0
 10
7.09
 20
2.36
 30
0.0
 10
7.096666666666667
 20
2.353333333333333
 30
0.0
 10
7.103333333333333
 20
2.346666666666666
 30
0.0
 10
7.116666666666667
 20
2.333333333333334
 30
0.0
 10
7.123333333333334
 20
2.326666666666667
 30
0.0
 10
7.136666666666667
 20
2.313333333333333
 30
0.0
 10
7.143333333333334
 20
2.306666666666666
 30
0.0
 10
7.150000000000001
 20
2.3
 30
0.0
 10
7.156666666666666
 20
2.296666666666666
 30
0.0
 10
7.163333333333334
 20
2.293333333333333
 30
0.0
 10
7.169999999999999
 20
2.29
 30
0.0
 10
7.176666666666667
 20
2.283333333333334
 30
0.0
 10
7.183333333333334
 20
2.276666666666667
 30
0.0
 10
7.196666666666667
 20
2.263333333333334
 30
0.0
 10
7.203333333333333
 20
2.256666666666666
 30
0.0
 10
7.21
 20
2.25
 30
0.0
 10
7.216666666666666
 20
2.246666666666667
 30
0.0
 10
7.223333333333334
 20
2.243333333333334
 30
0.0
 10
7.23
 20
2.24
 30
0.0
 10
7.240000000000001
 20
2.233333333333334
 30
0.0
 10
7.25
 20
2.226666666666667
 30
0.0
 10
7.260000000000001
 20
2.22
 30
0.0
 10
7.266666666666666
 20
2.216666666666667
 30
0.0
 10
7.273333333333333
 20
2.213333333333333
 30
0.0
 10
7.28
 20
2.21
 30
0.0
 10
7.286666666666666
 20
2.203333333333334
 30
0.0
 10
7.293333333333333
 20
2.196666666666667
 30
0.0
 10
7.3
 20
2.19
 30
0.0
 10
7.31
 20
2.186666666666667
 30
0.0
 10
7.32
 20
2.183333333333334
 30
0.0
 10
7.330000000000001
 20
2.18
 30
0.0
 10
7.336666666666666
 20
2.176666666666667
 30
0.0
 10
7.343333333333334
 20
2.173333333333333
 30
0.0
 10
7.349999999999999
 20
2.17
 30
0.0
 10
7.359999999999999
 20
2.166666666666667
 30
0.0
 10
7.37
 20
2.163333333333334
 30
0.0
 10
7.38
 20
2.16
 30
0.0
 10
7.386666666666667
 20
2.156666666666667
 30
0.0
 10
7.393333333333334
 20
2.153333333333334
 30
0.0
 10
7.400000000000001
 20
2.15
 30
0.0
 10
7.41
 20
2.146666666666667
 30
0.0
 10
7.419999999999999
 20
2.143333333333333
 30
0.0
 10
7.44
 20
2.136666666666667
 30
0.0
 10
7.45
 20
2.133333333333333
 30
0.0
 10
7.46
 20
2.13
 30
0.0
 10
7.466666666666666
 20
2.126666666666666
 30
0.0
 10
7.473333333333334
 20
2.123333333333334
 30
0.0
 10
7.48
 20
2.12
 30
0.0
 10
7.490000000000001
 20
2.116666666666667
 30
0.0
 10
7.5
 20
2.113333333333333
 30
0.0
 10
7.510000000000001
 20
2.11
 30
0.0
 10
7.52
 20
2.11
 30
0.0
 10
7.53
 20
2.11
 30
0.0
 10
7.54
 20
2.11
 30
0.0
 10
7.55
 20
2.106666666666667
 30
0.0
 10
7.56
 20
2.103333333333333
 30
0.0
 10
7.580000000000001
 20
2.096666666666667
 30
0.0
 10
7.59
 20
2.093333333333333
 30
0.0
 10
7.599999999999999
 20
2.09
 30
0.0
 10
7.609999999999999
 20
2.09
 30
0.0
 10
7.62
 20
2.09
 30
0.0
 10
7.63
 20
2.09
 30
0.0
 10
7.64
 20
2.086666666666666
 30
0.0
 10
7.649999999999999
 20
2.083333333333333
 30
0.0
 10
7.66
 20
2.08
 30
0.0
 10
7.666666666666667
 20
2.076666666666667
 30
0.0
 10
7.673333333333333
 20
2.073333333333334
 30
0.0
 10
7.68
 20
2.07
 30
0.0
 10
7.69
 20
2.07
 30
0.0
 10
7.7
 20
2.07
 30
0.0
 10
7.719999999999999
 20
2.07
 30
0.0
 10
7.73
 20
2.07
 30
0.0
 10
7.739999999999999
 20
2.07
 30
0.0
 10
7.753333333333333
 20
2.066666666666666
 30
0.0
 10
7.766666666666667
 20
2.063333333333333
 30
0.0
 10
7.78
 20
2.06
 30
0.0
 10
7.789999999999999
 20
2.06
 30
0.0
 10
7.8
 20
2.06
 30
0.0
 10
7.819999999999999
 20
2.06
 30
0.0
 10
7.829999999999999
 20
2.06
 30
0.0
 10
7.84
 20
2.06
 30
0.0
 10
7.850000000000001
 20
2.056666666666667
 30
0.0
 10
7.86
 20
2.053333333333333
 30
0.0
 10
7.87
 20
2.05
 30
0.0
 10
7.88
 20
2.05
 30
0.0
 10
7.890000000000001
 20
2.05
 30
0.0
 10
7.91
 20
2.05
 30
0.0
 10
7.919999999999999
 20
2.05
 30
0.0
 10
7.94
 20
2.05
 30
0.0
 10
7.95
 20
2.05
 30
0.0
 10
7.973333333333334
 20
2.05
 30
0.0
 10
7.986666666666667
 20
2.05
 30
0.0
 10
8.01
 20
2.05
 30
0.0
 10
8.020000000000001
 20
2.05
 30
0.0
 10
8.04
 20
2.05
 30
0.0
 10
8.049999999999999
 20
2.05
 30
0.0
 10
8.069999999999999
 20
2.05
 30
0.0
 10
8.08
 20
2.05
 30
0.0
 10
8.103333333333333
 20
2.05
 30
0.0
 10
8.116666666666667
 20
2.05
 30
0.0
 10
8.139999999999999
 20
2.05
 30
0.0
 10
8.15
 20
2.05
 30
0.0
 10
8.17
 20
2.05
 30
0.0
 10
8.18
 20
2.05
 30
0.0
 10
8.19
 20
2.05
 30
0.0
 10
8.256666666666666
 20
2.166666666666667
 30
0.0
 10
8.323333333333332
 20
2.283333333333333
 30
0.0
 10
8.39
 20
2.4
 30
0.0
 10
8.383333333333333
 20
2.41
 30
0.0
 10
8.376666666666665
 20
2.42
 30
0.0
 10
8.37
 20
2.43
 30
0.0
 10
8.366666666666665
 20
2.436666666666667
 30
0.0
 10
8.363333333333332
 20
2.443333333333334
 30
0.0
 10
8.36
 20
2.45
 30
0.0
 10
8.353333333333333
 20
2.46
 30
0.0
 10
8.346666666666666
 20
2.47
 30
0.0
 10
8.34
 20
2.48
 30
0.0
 10
8.336666666666668
 20
2.49
 30
0.0
 10
8.333333333333334
 20
2.5
 30
0.0
 10
8.33
 20
2.51
 30
0.0
 10
8.323333333333332
 20
2.52
 30
0.0
 10
8.316666666666668
 20
2.53
 30
0.0
 10
8.31
 20
2.54
 30
0.0
 10
8.306666666666667
 20
2.55
 30
0.0
 10
8.303333333333333
 20
2.56
 30
0.0
 10
8.3
 20
2.57
 30
0.0
 10
8.293333333333333
 20
2.58
 30
0.0
 10
8.286666666666667
 20
2.59
 30
0.0
 10
8.28
 20
2.6
 30
0.0
 10
8.273333333333332
 20
2.606666666666667
 30
0.0
 10
8.266666666666666
 20
2.613333333333334
 30
0.0
 10
8.26
 20
2.62
 30
0.0
 10
8.253333333333332
 20
2.63
 30
0.0
 10
8.246666666666668
 20
2.64
 30
0.0
 10
8.24
 20
2.65
 30
0.0
 10
8.236666666666666
 20
2.66
 30
0.0
 10
8.233333333333333
 20
2.67
 30
0.0
 10
8.23
 20
2.68
 30
0.0
 10
8.223333333333334
 20
2.686666666666667
 30
0.0
 10
8.216666666666667
 20
2.693333333333334
 30
0.0
 10
8.21
 20
2.700000000000001
 30
0.0
 10
8.203333333333333
 20
2.71
 30
0.0
 10
8.196666666666665
 20
2.72
 30
0.0
 10
8.19
 20
2.73
 30
0.0
 10
8.183333333333332
 20
2.736666666666667
 30
0.0
 10
8.176666666666668
 20
2.743333333333334
 30
0.0
 10
8.17
 20
2.75
 30
0.0
 10
8.166666666666666
 20
2.76
 30
0.0
 10
8.163333333333332
 20
2.77
 30
0.0
 10
8.16
 20
2.78
 30
0.0
 10
8.153333333333334
 20
2.786666666666667
 30
0.0
 10
8.146666666666667
 20
2.793333333333333
 30
0.0
 10
8.133333333333333
 20
2.806666666666667
 30
0.0
 10
8.126666666666665
 20
2.813333333333333
 30
0.0
 10
8.12
 20
2.82
 30
0.0
 10
8.113333333333332
 20
2.83
 30
0.0
 10
8.106666666666667
 20
2.84
 30
0.0
 10
8.1
 20
2.85
 30
0.0
 10
8.093333333333332
 20
2.856666666666667
 30
0.0
 10
8.086666666666666
 20
2.863333333333333
 30
0.0
 10
8.073333333333332
 20
2.876666666666667
 30
0.0
 10
8.066666666666668
 20
2.883333333333333
 30
0.0
 10
8.053333333333333
 20
2.896666666666667
 30
0.0
 10
8.046666666666667
 20
2.903333333333334
 30
0.0
 10
8.04
 20
2.91
 30
0.0
 10
8.033333333333333
 20
2.92
 30
0.0
 10
8.026666666666666
 20
2.93
 30
0.0
 10
8.02
 20
2.94
 30
0.0
 10
8.013333333333334
 20
2.946666666666667
 30
0.0
 10
8.006666666666666
 20
2.953333333333333
 30
0.0
 10
7.993333333333333
 20
2.966666666666667
 30
0.0
 10
7.986666666666667
 20
2.973333333333333
 30
0.0
 10
7.98
 20
2.98
 30
0.0
 10
7.973333333333334
 20
2.983333333333333
 30
0.0
 10
7.966666666666668
 20
2.986666666666667
 30
0.0
 10
7.96
 20
2.99
 30
0.0
 10
7.95
 20
2.996666666666667
 30
0.0
 10
7.94
 20
3.003333333333333
 30
0.0
 10
7.93
 20
3.01
 30
0.0
 10
7.923333333333333
 20
3.016666666666666
 30
0.0
 10
7.916666666666667
 20
3.023333333333333
 30
0.0
 10
7.903333333333333
 20
3.036666666666667
 30
0.0
 10
7.896666666666667
 20
3.043333333333333
 30
0.0
 10
7.883333333333332
 20
3.056666666666666
 30
0.0
 10
7.876666666666666
 20
3.063333333333333
 30
0.0
 10
7.87
 20
3.07
 30
0.0
 10
7.863333333333333
 20
3.073333333333333
 30
0.0
 10
7.856666666666666
 20
3.076666666666667
 30
0.0
 10
7.849999999999999
 20
3.08
 30
0.0
 10
7.84
 20
3.086666666666666
 30
0.0
 10
7.830000000000001
 20
3.093333333333333
 30
0.0
 10
7.82
 20
3.1
 30
0.0
 10
7.813333333333333
 20
3.103333333333333
 30
0.0
 10
7.806666666666668
 20
3.106666666666667
 30
0.0
 10
7.793333333333333
 20
3.113333333333332
 30
0.0
 10
7.786666666666666
 20
3.116666666666667
 30
0.0
 10
7.78
 20
3.12
 30
0.0
 10
7.77
 20
3.123333333333334
 30
0.0
 10
7.760000000000001
 20
3.126666666666666
 30
0.0
 10
7.75
 20
3.13
 30
0.0
 10
7.743333333333333
 20
3.133333333333333
 30
0.0
 10
7.736666666666667
 20
3.136666666666667
 30
0.0
 10
7.73
 20
3.14
 30
0.0
 10
7.72
 20
3.143333333333333
 30
0.0
 10
7.71
 20
3.146666666666667
 30
0.0
 10
7.7
 20
3.15
 30
0.0
 10
7.693333333333332
 20
3.153333333333334
 30
0.0
 10
7.686666666666667
 20
3.156666666666667
 30
0.0
 10
7.68
 20
3.16
 30
0.0
 10
7.669999999999999
 20
3.163333333333334
 30
0.0
 10
7.66
 20
3.166666666666667
 30
0.0
 10
7.650000000000001
 20
3.17
 30
0.0
 10
7.643333333333334
 20
3.173333333333333
 30
0.0
 10
7.636666666666667
 20
3.176666666666666
 30
0.0
 10
7.63
 20
3.18
 30
0.0
 10
7.62
 20
3.183333333333334
 30
0.0
 10
7.609999999999999
 20
3.186666666666667
 30
0.0
 10
7.599999999999999
 20
3.19
 30
0.0
 10
7.593333333333334
 20
3.193333333333333
 30
0.0
 10
7.586666666666666
 20
3.196666666666667
 30
0.0
 10
7.580000000000001
 20
3.200000000000001
 30
0.0
 10
7.57
 20
3.203333333333333
 30
0.0
 10
7.56
 20
3.206666666666667
 30
0.0
 10
7.55
 20
3.21
 30
0.0
 10
7.543333333333333
 20
3.213333333333333
 30
0.0
 10
7.536666666666666
 20
3.216666666666667
 30
0.0
 10
7.53
 20
3.22
 30
0.0
 10
7.52
 20
3.223333333333333
 30
0.0
 10
7.510000000000001
 20
3.226666666666667
 30
0.0
 10
7.5
 20
3.23
 30
0.0
 10
7.493333333333333
 20
3.233333333333333
 30
0.0
 10
7.486666666666667
 20
3.236666666666667
 30
0.0
 10
7.48
 20
3.24
 30
0.0
 10
7.47
 20
3.243333333333334
 30
0.0
 10
7.46
 20
3.246666666666667
 30
0.0
 10
7.45
 20
3.25
 30
0.0
 10
7.443333333333332
 20
3.253333333333333
 30
0.0
 10
7.436666666666667
 20
3.256666666666666
 30
0.0
 10
7.43
 20
3.26
 30
0.0
 10
7.419999999999999
 20
3.263333333333333
 30
0.0
 10
7.41
 20
3.266666666666666
 30
0.0
 10
7.400000000000001
 20
3.27
 30
0.0
 10
7.393333333333334
 20
3.273333333333333
 30
0.0
 10
7.386666666666667
 20
3.276666666666667
 30
0.0
 10
7.38
 20
3.28
 30
0.0
 10
7.37
 20
3.283333333333333
 30
0.0
 10
7.359999999999999
 20
3.286666666666667
 30
0.0
 10
7.349999999999999
 20
3.29
 30
0.0
 10
7.343333333333334
 20
3.293333333333333
 30
0.0
 10
7.336666666666666
 20
3.296666666666667
 30
0.0
 10
7.330000000000001
 20
3.299999999999999
 30
0.0
 10
7.390000000000001
 20
3.53
 30
0.0
 10
7.45
 20
3.76
 30
0.0
 10
7.510000000000001
 20
3.99
 30
0.0
 10
7.52
 20
3.99
 30
0.0
 10
7.53
 20
3.99
 30
0.0
 10
7.546666666666667
 20
3.99
 30
0.0
 10
7.553333333333334
 20
3.99
 30
0.0
 10
7.56
 20
3.99
 30
0.0
 10
7.569999999999999
 20
3.986666666666667
 30
0.0
 10
7.579999999999999
 20
3.983333333333334
 30
0.0
 10
7.59
 20
3.98
 30
0.0
 10
7.600000000000001
 20
3.98
 30
0.0
 10
7.61
 20
3.98
 30
0.0
 10
7.626666666666666
 20
3.98
 30
0.0
 10
7.633333333333333
 20
3.98
 30
0.0
 10
7.64
 20
3.98
 30
0.0
 10
7.649999999999999
 20
3.976666666666667
 30
0.0
 10
7.659999999999999
 20
3.973333333333333
 30
0.0
 10
7.669999999999999
 20
3.97
 30
0.0
 10
7.68
 20
3.97
 30
0.0
 10
7.69
 20
3.97
 30
0.0
 10
7.7
 20
3.97
 30
0.0
 10
7.706666666666667
 20
3.966666666666667
 30
0.0
 10
7.713333333333334
 20
3.963333333333333
 30
0.0
 10
7.72
 20
3.96
 30
0.0
 10
7.73
 20
3.96
 30
0.0
 10
7.739999999999999
 20
3.96
 30
0.0
 10
7.760000000000001
 20
3.96
 30
0.0
 10
7.77
 20
3.96
 30
0.0
 10
7.78
 20
3.96
 30
0.0
 10
7.786666666666666
 20
3.956666666666667
 30
0.0
 10
7.793333333333333
 20
3.953333333333333
 30
0.0
 10
7.8
 20
3.950000000000001
 30
0.0
 10
7.81
 20
3.950000000000001
 30
0.0
 10
7.82
 20
3.950000000000001
 30
0.0
 10
7.830000000000001
 20
3.950000000000001
 30
0.0
 10
7.840000000000001
 20
3.946666666666667
 30
0.0
 10
7.850000000000001
 20
3.943333333333333
 30
0.0
 10
7.86
 20
3.94
 30
0.0
 10
7.866666666666667
 20
3.94
 30
0.0
 10
7.873333333333334
 20
3.94
 30
0.0
 10
7.89
 20
3.94
 30
0.0
 10
7.899999999999999
 20
3.94
 30
0.0
 10
7.91
 20
3.94
 30
0.0
 10
7.920000000000001
 20
3.936666666666667
 30
0.0
 10
7.930000000000001
 20
3.933333333333334
 30
0.0
 10
7.94
 20
3.93
 30
0.0
 10
7.946666666666666
 20
3.93
 30
0.0
 10
7.953333333333333
 20
3.93
 30
0.0
 10
7.96
 20
3.93
 30
0.0
 10
7.969999999999999
 20
3.926666666666667
 30
0.0
 10
7.98
 20
3.923333333333333
 30
0.0
 10
7.989999999999999
 20
3.92
 30
0.0
 10
8.0
 20
3.92
 30
0.0
 10
8.01
 20
3.92
 30
0.0
 10
8.026666666666666
 20
3.92
 30
0.0
 10
8.033333333333333
 20
3.92
 30
0.0
 10
8.049999999999999
 20
3.92
 30
0.0
 10
8.06
 20
3.92
 30
0.0
 10
8.07
 20
3.92
 30
0.0
 10
8.08
 20
3.923333333333333
 30
0.0
 10
8.090000000000002
 20
3.926666666666666
 30
0.0
 10
8.1
 20
3.93
 30
0.0
 10
8.11
 20
3.93
 30
0.0
 10
8.12
 20
3.93
 30
0.0
 10
8.139999999999999
 20
3.93
 30
0.0
 10
8.15
 20
3.93
 30
0.0
 10
8.16
 20
3.93
 30
0.0
 10
8.166666666666666
 20
3.933333333333334
 30
0.0
 10
8.173333333333334
 20
3.936666666666667
 30
0.0
 10
8.18
 20
3.94
 30
0.0
 10
8.19
 20
3.943333333333333
 30
0.0
 10
8.200000000000001
 20
3.946666666666667
 30
0.0
 10
8.21
 20
3.950000000000001
 30
0.0
 10
8.22
 20
3.950000000000001
 30
0.0
 10
8.230000000000002
 20
3.950000000000001
 30
0.0
 10
8.24
 20
3.950000000000001
 30
0.0
 10
8.249999999999998
 20
3.953333333333333
 30
0.0
 10
8.26
 20
3.956666666666667
 30
0.0
 10
8.27
 20
3.96
 30
0.0
 10
8.276666666666666
 20
3.963333333333333
 30
0.0
 10
8.283333333333333
 20
3.966666666666667
 30
0.0
 10
8.29
 20
3.97
 30
0.0
 10
8.299999999999999
 20
3.97
 30
0.0
 10
8.31
 20
3.97
 30
0.0
 10
8.32
 20
3.97
 30
0.0
 10
8.33
 20
3.973333333333333
 30
0.0
 10
8.340000000000002
 20
3.976666666666667
 30
0.0
 10
8.36
 20
3.983333333333334
 30
0.0
 10
8.37
 20
3.986666666666667
 30
0.0
 10
8.389999999999999
 20
3.993333333333333
 30
0.0
 10
8.4
 20
3.996666666666667
 30
0.0
 10
8.42
 20
4.003333333333333
 30
0.0
 10
8.43
 20
4.006666666666667
 30
0.0
 10
8.44
 20
4.01
 30
0.0
 10
8.446666666666667
 20
4.013333333333333
 30
0.0
 10
8.453333333333333
 20
4.016666666666667
 30
0.0
 10
8.46
 20
4.02
 30
0.0
 10
8.47
 20
4.023333333333333
 30
0.0
 10
8.480000000000002
 20
4.026666666666667
 30
0.0
 10
8.49
 20
4.03
 30
0.0
 10
8.499999999999998
 20
4.036666666666666
 30
0.0
 10
8.51
 20
4.043333333333333
 30
0.0
 10
8.52
 20
4.05
 30
0.0
 10
8.53
 20
4.053333333333334
 30
0.0
 10
8.540000000000001
 20
4.056666666666666
 30
0.0
 10
8.56
 20
4.063333333333333
 30
0.0
 10
8.57
 20
4.066666666666666
 30
0.0
 10
8.58
 20
4.07
 30
0.0
 10
8.589999999999998
 20
4.076666666666667
 30
0.0
 10
8.6
 20
4.083333333333333
 30
0.0
 10
8.61
 20
4.09
 30
0.0
 10
8.616666666666667
 20
4.093333333333333
 30
0.0
 10
8.623333333333335
 20
4.096666666666667
 30
0.0
 10
8.63
 20
4.1
 30
0.0
 10
8.639999999999999
 20
4.103333333333333
 30
0.0
 10
8.65
 20
4.106666666666666
 30
0.0
 10
8.66
 20
4.11
 30
0.0
 10
8.67
 20
4.116666666666667
 30
0.0
 10
8.68
 20
4.123333333333334
 30
0.0
 10
8.69
 20
4.13
 30
0.0
 10
8.700000000000001
 20
4.133333333333334
 30
0.0
 10
8.71
 20
4.136666666666667
 30
0.0
 10
8.72
 20
4.14
 30
0.0
 10
8.729999999999999
 20
4.146666666666667
 30
0.0
 10
8.74
 20
4.153333333333333
 30
0.0
 10
8.75
 20
4.16
 30
0.0
 10
8.756666666666666
 20
4.166666666666667
 30
0.0
 10
8.763333333333334
 20
4.173333333333333
 30
0.0
 10
8.77
 20
4.18
 30
0.0
 10
8.78
 20
4.183333333333334
 30
0.0
 10
8.790000000000001
 20
4.186666666666667
 30
0.0
 10
8.8
 20
4.19
 30
0.0
 10
8.81
 20
4.196666666666666
 30
0.0
 10
8.82
 20
4.203333333333333
 30
0.0
 10
8.839999999999998
 20
4.216666666666666
 30
0.0
 10
8.85
 20
4.223333333333334
 30
0.0
 10
8.87
 20
4.236666666666667
 30
0.0
 10
8.88
 20
4.243333333333333
 30
0.0
 10
8.89
 20
4.25
 30
0.0
 10
8.89
 20
4.38
 30
0.0
 10
8.89
 20
4.510000000000001
 30
0.0
 10
8.89
 20
4.64
 30
0.0
 10
8.88
 20
4.646666666666667
 30
0.0
 10
8.87
 20
4.653333333333333
 30
0.0
 10
8.85
 20
4.666666666666667
 30
0.0
 10
8.839999999999998
 20
4.673333333333333
 30
0.0
 10
8.820000000000002
 20
4.686666666666667
 30
0.0
 10
8.81
 20
4.693333333333332
 30
0.0
 10
8.8
 20
4.7
 30
0.0
 10
8.790000000000001
 20
4.703333333333334
 30
0.0
 10
8.78
 20
4.706666666666667
 30
0.0
 10
8.77
 20
4.71
 30
0.0
 10
8.763333333333334
 20
4.716666666666667
 30
0.0
 10
8.756666666666666
 20
4.723333333333334
 30
0.0
 10
8.75
 20
4.73
 30
0.0
 10
8.74
 20
4.736666666666667
 30
0.0
 10
8.729999999999999
 20
4.743333333333333
 30
0.0
 10
8.72
 20
4.75
 30
0.0
 10
8.71
 20
4.753333333333333
 30
0.0
 10
8.700000000000001
 20
4.756666666666667
 30
0.0
 10
8.69
 20
4.76
 30
0.0
 10
8.680000000000001
 20
4.766666666666667
 30
0.0
 10
8.67
 20
4.773333333333333
 30
0.0
 10
8.66
 20
4.78
 30
0.0
 10
8.65
 20
4.783333333333334
 30
0.0
 10
8.64
 20
4.786666666666666
 30
0.0
 10
8.63
 20
4.79
 30
0.0
 10
8.623333333333333
 20
4.793333333333334
 30
0.0
 10
8.616666666666667
 20
4.796666666666667
 30
0.0
 10
8.61
 20
4.8
 30
0.0
 10
8.6
 20
4.806666666666667
 30
0.0
 10
8.589999999999998
 20
4.813333333333333
 30
0.0
 10
8.58
 20
4.82
 30
0.0
 10
8.570000000000002
 20
4.823333333333333
 30
0.0
 10
8.56
 20
4.826666666666667
 30
0.0
 10
8.540000000000001
 20
4.833333333333333
 30
0.0
 10
8.53
 20
4.836666666666667
 30
0.0
 10
8.52
 20
4.84
 30
0.0
 10
8.51
 20
4.846666666666667
 30
0.0
 10
8.5
 20
4.853333333333333
 30
0.0
 10
8.49
 20
4.86
 30
0.0
 10
8.480000000000002
 20
4.863333333333334
 30
0.0
 10
8.47
 20
4.866666666666667
 30
0.0
 10
8.46
 20
4.87
 30
0.0
 10
8.453333333333333
 20
4.873333333333334
 30
0.0
 10
8.446666666666665
 20
4.876666666666666
 30
0.0
 10
8.44
 20
4.88
 30
0.0
 10
8.430000000000001
 20
4.883333333333334
 30
0.0
 10
8.42
 20
4.886666666666667
 30
0.0
 10
8.4
 20
4.893333333333333
 30
0.0
 10
8.39
 20
4.896666666666667
 30
0.0
 10
8.37
 20
4.903333333333334
 30
0.0
 10
8.36
 20
4.906666666666667
 30
0.0
 10
8.340000000000002
 20
4.913333333333332
 30
0.0
 10
8.33
 20
4.916666666666667
 30
0.0
 10
8.32
 20
4.92
 30
0.0
 10
8.31
 20
4.92
 30
0.0
 10
8.299999999999999
 20
4.92
 30
0.0
 10
8.29
 20
4.92
 30
0.0
 10
8.283333333333333
 20
4.923333333333333
 30
0.0
 10
8.276666666666666
 20
4.926666666666667
 30
0.0
 10
8.27
 20
4.93
 30
0.0
 10
8.26
 20
4.933333333333334
 30
0.0
 10
8.25
 20
4.936666666666667
 30
0.0
 10
8.24
 20
4.94
 30
0.0
 10
8.230000000000002
 20
4.94
 30
0.0
 10
8.22
 20
4.94
 30
0.0
 10
8.21
 20
4.94
 30
0.0
 10
8.200000000000001
 20
4.943333333333334
 30
0.0
 10
8.19
 20
4.946666666666666
 30
0.0
 10
8.18
 20
4.95
 30
0.0
 10
8.173333333333334
 20
4.953333333333334
 30
0.0
 10
8.166666666666666
 20
4.956666666666667
 30
0.0
 10
8.16
 20
4.96
 30
0.0
 10
8.15
 20
4.96
 30
0.0
 10
8.14
 20
4.96
 30
0.0
 10
8.12
 20
4.96
 30
0.0
 10
8.11
 20
4.96
 30
0.0
 10
8.1
 20
4.96
 30
0.0
 10
8.090000000000002
 20
4.963333333333334
 30
0.0
 10
8.08
 20
4.966666666666666
 30
0.0
 10
8.07
 20
4.97
 30
0.0
 10
8.06
 20
4.97
 30
0.0
 10
8.049999999999999
 20
4.97
 30
0.0
 10
8.033333333333333
 20
4.97
 30
0.0
 10
8.026666666666666
 20
4.97
 30
0.0
 10
8.01
 20
4.97
 30
0.0
 10
8.0
 20
4.97
 30
0.0
 10
7.989999999999999
 20
4.97
 30
0.0
 10
7.98
 20
4.966666666666666
 30
0.0
 10
7.97
 20
4.963333333333334
 30
0.0
 10
7.96
 20
4.96
 30
0.0
 10
7.953333333333333
 20
4.96
 30
0.0
 10
7.946666666666666
 20
4.96
 30
0.0
 10
7.94
 20
4.96
 30
0.0
 10
7.930000000000001
 20
4.956666666666666
 30
0.0
 10
7.920000000000001
 20
4.953333333333333
 30
0.0
 10
7.91
 20
4.95
 30
0.0
 10
7.899999999999999
 20
4.95
 30
0.0
 10
7.89
 20
4.95
 30
0.0
 10
7.873333333333334
 20
4.95
 30
0.0
 10
7.866666666666667
 20
4.95
 30
0.0
 10
7.86
 20
4.95
 30
0.0
 10
7.850000000000001
 20
4.946666666666666
 30
0.0
 10
7.840000000000001
 20
4.943333333333334
 30
0.0
 10
7.830000000000001
 20
4.94
 30
0.0
 10
7.82
 20
4.94
 30
0.0
 10
7.81
 20
4.94
 30
0.0
 10
7.8
 20
4.94
 30
0.0
 10
7.793333333333333
 20
4.936666666666667
 30
0.0
 10
7.786666666666666
 20
4.933333333333334
 30
0.0
 10
7.78
 20
4.93
 30
0.0
 10
7.77
 20
4.93
 30
0.0
 10
7.760000000000001
 20
4.93
 30
0.0
 10
7.739999999999999
 20
4.93
 30
0.0
 10
7.73
 20
4.93
 30
0.0
 10
7.72
 20
4.93
 30
0.0
 10
7.713333333333334
 20
4.926666666666667
 30
0.0
 10
7.706666666666667
 20
4.923333333333333
 30
0.0
 10
7.7
 20
4.92
 30
0.0
 10
7.69
 20
4.92
 30
0.0
 10
7.68
 20
4.92
 30
0.0
 10
7.669999999999999
 20
4.92
 30
0.0
 10
7.659999999999999
 20
4.916666666666667
 30
0.0
 10
7.649999999999999
 20
4.913333333333333
 30
0.0
 10
7.64
 20
4.91
 30
0.0
 10
7.633333333333333
 20
4.91
 30
0.0
 10
7.626666666666666
 20
4.91
 30
0.0
 10
7.61
 20
4.91
 30
0.0
 10
7.600000000000001
 20
4.91
 30
0.0
 10
7.59
 20
4.91
 30
0.0
 10
7.579999999999999
 20
4.906666666666667
 30
0.0
 10
7.569999999999999
 20
4.903333333333333
 30
0.0
 10
7.56
 20
4.9
 30
0.0
 10
7.553333333333334
 20
4.9
 30
0.0
 10
7.546666666666667
 20
4.9
 30
0.0
 10
7.530000000000001
 20
4.9
 30
0.0
 10
7.52
 20
4.9
 30
0.0
 10
7.510000000000001
 20
4.9
 30
0.0
 10
7.45
 20
5.13
 30
0.0
 10
7.390000000000001
 20
5.359999999999999
 30
0.0
 10
7.330000000000001
 20
5.59
 30
0.0
 10
7.336666666666666
 20
5.593333333333333
 30
0.0
 10
7.343333333333334
 20
5.596666666666667
 30
0.0
 10
7.349999999999999
 20
5.599999999999999
 30
0.0
 10
7.359999999999999
 20
5.603333333333334
 30
0.0
 10
7.37
 20
5.606666666666666
 30
0.0
 10
7.38
 20
5.61
 30
0.0
 10
7.386666666666667
 20
5.613333333333334
 30
0.0
 10
7.393333333333334
 20
5.616666666666667
 30
0.0
 10
7.400000000000001
 20
5.62
 30
0.0
 10
7.41
 20
5.623333333333334
 30
0.0
 10
7.419999999999999
 20
5.626666666666666
 30
0.0
 10
7.43
 20
5.63
 30
0.0
 10
7.436666666666667
 20
5.633333333333333
 30
0.0
 10
7.443333333333332
 20
5.636666666666667
 30
0.0
 10
7.45
 20
5.64
 30
0.0
 10
7.46
 20
5.643333333333334
 30
0.0
 10
7.47
 20
5.646666666666666
 30
0.0
 10
7.48
 20
5.650000000000001
 30
0.0
 10
7.486666666666667
 20
5.653333333333333
 30
0.0
 10
7.493333333333333
 20
5.656666666666666
 30
0.0
 10
7.5
 20
5.66
 30
0.0
 10
7.510000000000001
 20
5.663333333333333
 30
0.0
 10
7.52
 20
5.666666666666667
 30
0.0
 10
7.53
 20
5.669999999999999
 30
0.0
 10
7.536666666666666
 20
5.673333333333333
 30
0.0
 10
7.543333333333333
 20
5.676666666666667
 30
0.0
 10
7.55
 20
5.68
 30
0.0
 10
7.56
 20
5.683333333333334
 30
0.0
 10
7.57
 20
5.686666666666667
 30
0.0
 10
7.580000000000001
 20
5.69
 30
0.0
 10
7.586666666666666
 20
5.693333333333334
 30
0.0
 10
7.593333333333334
 20
5.696666666666666
 30
0.0
 10
7.599999999999999
 20
5.7
 30
0.0
 10
7.609999999999999
 20
5.703333333333333
 30
0.0
 10
7.62
 20
5.706666666666667
 30
0.0
 10
7.63
 20
5.71
 30
0.0
 10
7.636666666666667
 20
5.713333333333334
 30
0.0
 10
7.643333333333334
 20
5.716666666666666
 30
0.0
 10
7.650000000000001
 20
5.72
 30
0.0
 10
7.66
 20
5.723333333333334
 30
0.0
 10
7.669999999999999
 20
5.726666666666667
 30
0.0
 10
7.68
 20
5.73
 30
0.0
 10
7.686666666666667
 20
5.733333333333333
 30
0.0
 10
7.693333333333332
 20
5.736666666666667
 30
0.0
 10
7.7
 20
5.739999999999999
 30
0.0
 10
7.71
 20
5.743333333333333
 30
0.0
 10
7.72
 20
5.746666666666667
 30
0.0
 10
7.73
 20
5.75
 30
0.0
 10
7.736666666666667
 20
5.753333333333333
 30
0.0
 10
7.743333333333333
 20
5.756666666666667
 30
0.0
 10
7.75
 20
5.760000000000001
 30
0.0
 10
7.760000000000001
 20
5.763333333333333
 30
0.0
 10
7.77
 20
5.766666666666666
 30
0.0
 10
7.78
 20
5.77
 30
0.0
 10
7.786666666666666
 20
5.773333333333333
 30
0.0
 10
7.793333333333333
 20
5.776666666666667
 30
0.0
 10
7.806666666666668
 20
5.783333333333334
 30
0.0
 10
7.813333333333333
 20
5.786666666666666
 30
0.0
 10
7.82
 20
5.79
 30
0.0
 10
7.830000000000001
 20
5.796666666666667
 30
0.0
 10
7.84
 20
5.803333333333334
 30
0.0
 10
7.849999999999999
 20
5.81
 30
0.0
 10
7.856666666666666
 20
5.813333333333333
 30
0.0
 10
7.863333333333333
 20
5.816666666666666
 30
0.0
 10
7.87
 20
5.82
 30
0.0
 10
7.876666666666666
 20
5.826666666666667
 30
0.0
 10
7.883333333333333
 20
5.833333333333333
 30
0.0
 10
7.896666666666667
 20
5.846666666666666
 30
0.0
 10
7.903333333333333
 20
5.853333333333333
 30
0.0
 10
7.916666666666666
 20
5.866666666666668
 30
0.0
 10
7.923333333333333
 20
5.873333333333334
 30
0.0
 10
7.93
 20
5.88
 30
0.0
 10
7.94
 20
5.886666666666667
 30
0.0
 10
7.95
 20
5.893333333333334
 30
0.0
 10
7.96
 20
5.900000000000001
 30
0.0
 10
7.966666666666666
 20
5.903333333333333
 30
0.0
 10
7.973333333333334
 20
5.906666666666666
 30
0.0
 10
7.98
 20
5.91
 30
0.0
 10
7.986666666666667
 20
5.916666666666667
 30
0.0
 10
7.993333333333333
 20
5.923333333333333
 30
0.0
 10
8.006666666666666
 20
5.936666666666666
 30
0.0
 10
8.013333333333334
 20
5.943333333333332
 30
0.0
 10
8.02
 20
5.95
 30
0.0
 10
8.026666666666666
 20
5.96
 30
0.0
 10
8.033333333333333
 20
5.97
 30
0.0
 10
8.04
 20
5.98
 30
0.0
 10
8.046666666666667
 20
5.986666666666667
 30
0.0
 10
8.053333333333335
 20
5.993333333333333
 30
0.0
 10
8.066666666666666
 20
6.006666666666668
 30
0.0
 10
8.073333333333332
 20
6.013333333333333
 30
0.0
 10
8.086666666666668
 20
6.026666666666666
 30
0.0
 10
8.093333333333334
 20
6.033333333333332
 30
0.0
 10
8.1
 20
6.04
 30
0.0
 10
8.106666666666667
 20
6.05
 30
0.0
 10
8.113333333333332
 20
6.06
 30
0.0
 10
8.12
 20
6.07
 30
0.0
 10
8.126666666666667
 20
6.076666666666667
 30
0.0
 10
8.133333333333333
 20
6.083333333333333
 30
0.0
 10
8.146666666666668
 20
6.096666666666666
 30
0.0
 10
8.153333333333334
 20
6.103333333333333
 30
0.0
 10
8.16
 20
6.11
 30
0.0
 10
8.163333333333332
 20
6.12
 30
0.0
 10
8.166666666666666
 20
6.13
 30
0.0
 10
8.17
 20
6.14
 30
0.0
 10
8.176666666666668
 20
6.146666666666666
 30
0.0
 10
8.183333333333332
 20
6.153333333333333
 30
0.0
 10
8.19
 20
6.16
 30
0.0
 10
8.196666666666667
 20
6.170000000000001
 30
0.0
 10
8.203333333333333
 20
6.180000000000001
 30
0.0
 10
8.21
 20
6.19
 30
0.0
 10
8.216666666666667
 20
6.196666666666666
 30
0.0
 10
8.223333333333334
 20
6.203333333333333
 30
0.0
 10
8.23
 20
6.21
 30
0.0
 10
8.233333333333333
 20
6.219999999999999
 30
0.0
 10
8.236666666666666
 20
6.23
 30
0.0
 10
8.24
 20
6.239999999999999
 30
0.0
 10
8.246666666666668
 20
6.25
 30
0.0
 10
8.253333333333332
 20
6.260000000000001
 30
0.0
 10
8.26
 20
6.27
 30
0.0
 10
8.266666666666667
 20
6.276666666666666
 30
0.0
 10
8.273333333333333
 20
6.283333333333332
 30
0.0
 10
8.28
 20
6.29
 30
0.0
 10
8.286666666666667
 20
6.3
 30
0.0
 10
8.293333333333333
 20
6.31
 30
0.0
 10
8.3
 20
6.32
 30
0.0
 10
8.303333333333333
 20
6.330000000000001
 30
0.0
 10
8.306666666666667
 20
6.34
 30
0.0
 10
8.31
 20
6.349999999999999
 30
0.0
 10
8.316666666666668
 20
6.359999999999999
 30
0.0
 10
8.323333333333332
 20
6.37
 30
0.0
 10
8.33
 20
6.38
 30
0.0
 10
8.333333333333334
 20
6.39
 30
0.0
 10
8.336666666666668
 20
6.399999999999999
 30
0.0
 10
8.34
 20
6.41
 30
0.0
 10
8.346666666666666
 20
6.420000000000001
 30
0.0
 10
8.353333333333333
 20
6.430000000000001
 30
0.0
 10
8.36
 20
6.44
 30
0.0
 10
8.363333333333332
 20
6.446666666666666
 30
0.0
 10
8.366666666666665
 20
6.453333333333333
 30
0.0
 10
8.37
 20
6.46
 30
0.0
 10
8.376666666666667
 20
6.469999999999999
 30
0.0
 10
8.383333333333333
 20
6.48
 30
0.0
 10
8.39
 20
6.489999999999999
 30
0.0
 10
8.323333333333332
 20
6.606666666666666
 30
0.0
 10
8.256666666666666
 20
6.723333333333334
 30
0.0
 10
8.19
 20
6.84
 30
0.0
 10
8.180000000000001
 20
6.84
 30
0.0
 10
8.17
 20
6.84
 30
0.0
 10
8.15
 20
6.84
 30
0.0
 10
8.14
 20
6.84
 30
0.0
 10
8.116666666666667
 20
6.84
 30
0.0
 10
8.103333333333333
 20
6.84
 30
0.0
 10
8.08
 20
6.84
 30
0.0
 10
8.07
 20
6.84
 30
0.0
 10
8.049999999999999
 20
6.84
 30
0.0
 10
8.04
 20
6.84
 30
0.0
 10
8.020000000000001
 20
6.84
 30
0.0
 10
8.01
 20
6.84
 30
0.0
 10
7.986666666666667
 20
6.84
 30
0.0
 10
7.973333333333334
 20
6.84
 30
0.0
 10
7.95
 20
6.84
 30
0.0
 10
7.94
 20
6.84
 30
0.0
 10
7.919999999999999
 20
6.84
 30
0.0
 10
7.91
 20
6.84
 30
0.0
 10
7.890000000000001
 20
6.84
 30
0.0
 10
7.88
 20
6.84
 30
0.0
 10
7.87
 20
6.84
 30
0.0
 10
7.86
 20
6.836666666666667
 30
0.0
 10
7.850000000000001
 20
6.833333333333333
 30
0.0
 10
7.84
 20
6.830000000000001
 30
0.0
 10
7.829999999999999
 20
6.830000000000001
 30
0.0
 10
7.819999999999999
 20
6.830000000000001
 30
0.0
 10
7.8
 20
6.830000000000001
 30
0.0
 10
7.79
 20
6.830000000000001
 30
0.0
 10
7.78
 20
6.830000000000001
 30
0.0
 10
7.766666666666666
 20
6.826666666666667
 30
0.0
 10
7.753333333333333
 20
6.823333333333333
 30
0.0
 10
7.739999999999999
 20
6.82
 30
0.0
 10
7.73
 20
6.82
 30
0.0
 10
7.72
 20
6.82
 30
0.0
 10
7.7
 20
6.82
 30
0.0
 10
7.69
 20
6.82
 30
0.0
 10
7.68
 20
6.82
 30
0.0
 10
7.673333333333333
 20
6.816666666666666
 30
0.0
 10
7.666666666666667
 20
6.813333333333333
 30
0.0
 10
7.66
 20
6.81
 30
0.0
 10
7.649999999999999
 20
6.806666666666666
 30
0.0
 10
7.64
 20
6.803333333333334
 30
0.0
 10
7.63
 20
6.8
 30
0.0
 10
7.62
 20
6.8
 30
0.0
 10
7.609999999999999
 20
6.8
 30
0.0
 10
7.599999999999999
 20
6.8
 30
0.0
 10
7.59
 20
6.796666666666667
 30
0.0
 10
7.580000000000001
 20
6.793333333333333
 30
0.0
 10
7.56
 20
6.786666666666667
 30
0.0
 10
7.55
 20
6.783333333333334
 30
0.0
 10
7.54
 20
6.78
 30
0.0
 10
7.530000000000001
 20
6.78
 30
0.0
 10
7.52
 20
6.78
 30
0.0
 10
7.510000000000001
 20
6.78
 30
0.0
 10
7.5
 20
6.776666666666666
 30
0.0
 10
7.489999999999999
 20
6.773333333333333
 30
0.0
 10
7.48
 20
6.77
 30
0.0
 10
7.473333333333334
 20
6.766666666666667
 30
0.0
 10
7.466666666666668
 20
6.763333333333333
 30
0.0
 10
7.46
 20
6.760000000000001
 30
0.0
 10
7.45
 20
6.756666666666667
 30
0.0
 10
7.44
 20
6.753333333333333
 30
0.0
 10
7.419999999999999
 20
6.746666666666667
 30
0.0
 10
7.41
 20
6.743333333333333
 30
0.0
 10
7.400000000000001
 20
6.739999999999999
 30
0.0
 10
7.393333333333334
 20
6.736666666666667
 30
0.0
 10
7.386666666666667
 20
6.733333333333334
 30
0.0
 10
7.38
 20
6.73
 30
0.0
 10
7.37
 20
6.726666666666667
 30
0.0
 10
7.359999999999999
 20
6.723333333333333
 30
0.0
 10
7.349999999999999
 20
6.72
 30
0.0
 10
7.343333333333334
 20
6.716666666666666
 30
0.0
 10
7.336666666666666
 20
6.713333333333334
 30
0.0
 10
7.330000000000001
 20
6.71
 30
0.0
 10
7.32
 20
6.706666666666666
 30
0.0
 10
7.31
 20
6.703333333333333
 30
0.0
 10
7.3
 20
6.7
 30
0.0
 10
7.293333333333333
 20
6.693333333333332
 30
0.0
 10
7.286666666666666
 20
6.686666666666667
 30
0.0
 10
7.28
 20
6.68
 30
0.0
 10
7.273333333333333
 20
6.676666666666667
 30
0.0
 10
7.266666666666666
 20
6.673333333333333
 30
0.0
 10
7.260000000000001
 20
6.669999999999999
 30
0.0
 10
7.25
 20
6.663333333333334
 30
0.0
 10
7.239999999999999
 20
6.656666666666666
 30
0.0
 10
7.23
 20
6.650000000000001
 30
0.0
 10
7.223333333333334
 20
6.646666666666666
 30
0.0
 10
7.216666666666668
 20
6.643333333333334
 30
0.0
 10
7.21
 20
6.64
 30
0.0
 10
7.203333333333333
 20
6.633333333333333
 30
0.0
 10
7.196666666666666
 20
6.626666666666666
 30
0.0
 10
7.183333333333334
 20
6.613333333333333
 30
0.0
 10
7.176666666666667
 20
6.606666666666666
 30
0.0
 10
7.169999999999999
 20
6.599999999999999
 30
0.0
 10
7.163333333333334
 20
6.596666666666667
 30
0.0
 10
7.156666666666666
 20
6.593333333333334
 30
0.0
 10
7.150000000000001
 20
6.59
 30
0.0
 10
7.143333333333334
 20
6.583333333333333
 30
0.0
 10
7.136666666666667
 20
6.576666666666667
 30
0.0
 10
7.123333333333333
 20
6.563333333333334
 30
0.0
 10
7.116666666666667
 20
6.556666666666668
 30
0.0
 10
7.103333333333334
 20
6.543333333333333
 30
0.0
 10
7.096666666666667
 20
6.536666666666666
 30
0.0
 10
7.09
 20
6.53
 30
0.0
 10
7.083333333333333
 20
6.526666666666666
 30
0.0
 10
7.076666666666667
 20
6.523333333333333
 30
0.0
 10
7.07
 20
6.52
 30
0.0
 10
7.06
 20
6.513333333333333
 30
0.0
 10
7.05
 20
6.506666666666667
 30
0.0
 10
7.04
 20
6.5
 30
0.0
 10
7.033333333333334
 20
6.493333333333333
 30
0.0
 10
7.026666666666666
 20
6.486666666666667
 30
0.0
 10
7.02
 20
6.48
 30
0.0
 10
7.013333333333333
 20
6.476666666666667
 30
0.0
 10
7.006666666666667
 20
6.473333333333333
 30
0.0
 10
7.0
 20
6.47
 30
0.0
 10
6.993333333333333
 20
6.463333333333334
 30
0.0
 10
6.986666666666667
 20
6.456666666666667
 30
0.0
 10
6.973333333333333
 20
6.443333333333333
 30
0.0
 10
6.966666666666668
 20
6.436666666666667
 30
0.0
 10
6.96
 20
6.43
 30
0.0
 10
6.953333333333333
 20
6.426666666666667
 30
0.0
 10
6.946666666666666
 20
6.423333333333333
 30
0.0
 10
6.94
 20
6.419999999999999
 30
0.0
 10
6.933333333333334
 20
6.413333333333334
 30
0.0
 10
6.926666666666667
 20
6.406666666666666
 30
0.0
 10
6.913333333333331
 20
6.393333333333336
 30
0.0
 10
6.906666666666666
 20
6.386666666666667
 30
0.0
 10
6.900000000000001
 20
6.38
 30
0.0
 10
6.893333333333334
 20
6.376666666666666
 30
0.0
 10
6.886666666666667
 20
6.373333333333334
 30
0.0
 10
6.88
 20
6.37
 30
0.0
 10
6.71
 20
6.54
 30
0.0
 10
6.54
 20
6.71
 30
0.0
 10
6.37
 20
6.88
 30
0.0
 10
6.373333333333334
 20
6.886666666666667
 30
0.0
 10
6.376666666666666
 20
6.893333333333334
 30
0.0
 10
6.38
 20
6.900000000000001
 30
0.0
 10
6.386666666666667
 20
6.906666666666666
 30
0.0
 10
6.393333333333334
 20
6.913333333333334
 30
0.0
 10
6.406666666666669
 20
6.926666666666664
 30
0.0
 10
6.413333333333334
 20
6.933333333333334
 30
0.0
 10
6.419999999999999
 20
6.94
 30
0.0
 10
6.423333333333333
 20
6.946666666666666
 30
0.0
 10
6.426666666666667
 20
6.953333333333333
 30
0.0
 10
6.43
 20
6.96
 30
0.0
 10
6.436666666666667
 20
6.966666666666666
 30
0.0
 10
6.443333333333332
 20
6.973333333333334
 30
0.0
 10
6.456666666666668
 20
6.986666666666666
 30
0.0
 10
6.463333333333334
 20
6.993333333333333
 30
0.0
 10
6.47
 20
7.0
 30
0.0
 10
6.473333333333334
 20
7.006666666666667
 30
0.0
 10
6.476666666666667
 20
7.013333333333333
 30
0.0
 10
6.48
 20
7.02
 30
0.0
 10
6.486666666666667
 20
7.026666666666666
 30
0.0
 10
6.493333333333333
 20
7.033333333333332
 30
0.0
 10
6.5
 20
7.04
 30
0.0
 10
6.506666666666667
 20
7.05
 30
0.0
 10
6.513333333333333
 20
7.06
 30
0.0
 10
6.52
 20
7.07
 30
0.0
 10
6.523333333333333
 20
7.076666666666667
 30
0.0
 10
6.526666666666667
 20
7.083333333333333
 30
0.0
 10
6.53
 20
7.09
 30
0.0
 10
6.536666666666666
 20
7.096666666666667
 30
0.0
 10
6.543333333333333
 20
7.103333333333333
 30
0.0
 10
6.556666666666667
 20
7.116666666666668
 30
0.0
 10
6.563333333333333
 20
7.123333333333334
 30
0.0
 10
6.576666666666667
 20
7.136666666666667
 30
0.0
 10
6.583333333333333
 20
7.143333333333334
 30
0.0
 10
6.59
 20
7.150000000000001
 30
0.0
 10
6.593333333333333
 20
7.156666666666666
 30
0.0
 10
6.596666666666667
 20
7.163333333333334
 30
0.0
 10
6.599999999999999
 20
7.169999999999999
 30
0.0
 10
6.606666666666666
 20
7.176666666666667
 30
0.0
 10
6.613333333333333
 20
7.183333333333334
 30
0.0
 10
6.626666666666666
 20
7.196666666666666
 30
0.0
 10
6.633333333333333
 20
7.203333333333333
 30
0.0
 10
6.64
 20
7.21
 30
0.0
 10
6.643333333333334
 20
7.216666666666666
 30
0.0
 10
6.646666666666666
 20
7.223333333333334
 30
0.0
 10
6.650000000000001
 20
7.23
 30
0.0
 10
6.656666666666666
 20
7.240000000000001
 30
0.0
 10
6.663333333333334
 20
7.25
 30
0.0
 10
6.669999999999999
 20
7.260000000000001
 30
0.0
 10
6.673333333333333
 20
7.266666666666666
 30
0.0
 10
6.676666666666667
 20
7.273333333333333
 30
0.0
 10
6.68
 20
7.28
 30
0.0
 10
6.686666666666667
 20
7.286666666666666
 30
0.0
 10
6.693333333333332
 20
7.293333333333333
 30
0.0
 10
6.7
 20
7.3
 30
0.0
 10
6.703333333333333
 20
7.31
 30
0.0
 10
6.706666666666667
 20
7.32
 30
0.0
 10
6.71
 20
7.330000000000001
 30
0.0
 10
6.713333333333334
 20
7.336666666666666
 30
0.0
 10
6.716666666666666
 20
7.343333333333334
 30
0.0
 10
6.72
 20
7.349999999999999
 30
0.0
 10
6.723333333333334
 20
7.359999999999999
 30
0.0
 10
6.726666666666667
 20
7.37
 30
0.0
 10
6.73
 20
7.38
 30
0.0
 10
6.733333333333333
 20
7.386666666666667
 30
0.0
 10
6.736666666666667
 20
7.393333333333334
 30
0.0
 10
6.739999999999999
 20
7.400000000000001
 30
0.0
 10
6.743333333333333
 20
7.41
 30
0.0
 10
6.746666666666667
 20
7.419999999999999
 30
0.0
 10
6.753333333333333
 20
7.44
 30
0.0
 10
6.756666666666667
 20
7.45
 30
0.0
 10
6.760000000000001
 20
7.46
 30
0.0
 10
6.763333333333333
 20
7.466666666666666
 30
0.0
 10
6.766666666666666
 20
7.473333333333334
 30
0.0
 10
6.77
 20
7.48
 30
0.0
 10
6.773333333333333
 20
7.490000000000001
 30
0.0
 10
6.776666666666667
 20
7.5
 30
0.0
 10
6.78
 20
7.510000000000001
 30
0.0
 10
6.78
 20
7.52
 30
0.0
 10
6.78
 20
7.53
 30
0.0
 10
6.78
 20
7.54
 30
0.0
 10
6.783333333333334
 20
7.55
 30
0.0
 10
6.786666666666666
 20
7.56
 30
0.0
 10
6.793333333333334
 20
7.580000000000001
 30
0.0
 10
6.796666666666667
 20
7.59
 30
0.0
 10
6.8
 20
7.599999999999999
 30
0.0
 10
6.8
 20
7.609999999999999
 30
0.0
 10
6.8
 20
7.62
 30
0.0
 10
6.8
 20
7.63
 30
0.0
 10
6.803333333333334
 20
7.64
 30
0.0
 10
6.806666666666666
 20
7.649999999999999
 30
0.0
 10
6.81
 20
7.66
 30
0.0
 10
6.813333333333333
 20
7.666666666666667
 30
0.0
 10
6.816666666666666
 20
7.673333333333333
 30
0.0
 10
6.82
 20
7.68
 30
0.0
 10
6.82
 20
7.69
 30
0.0
 10
6.82
 20
7.7
 30
0.0
 10
6.82
 20
7.719999999999999
 30
0.0
 10
6.82
 20
7.73
 30
0.0
 10
6.82
 20
7.739999999999999
 30
0.0
 10
6.823333333333333
 20
7.753333333333333
 30
0.0
 10
6.826666666666667
 20
7.766666666666667
 30
0.0
 10
6.830000000000001
 20
7.78
 30
0.0
 10
6.830000000000001
 20
7.789999999999999
 30
0.0
 10
6.830000000000001
 20
7.8
 30
0.0
 10
6.830000000000001
 20
7.819999999999999
 30
0.0
 10
6.830000000000001
 20
7.829999999999999
 30
0.0
 10
6.830000000000001
 20
7.84
 30
0.0
 10
6.833333333333333
 20
7.850000000000001
 30
0.0
 10
6.836666666666666
 20
7.86
 30
0.0
 10
6.84
 20
7.87
 30
0.0
 10
6.84
 20
7.88
 30
0.0
 10
6.84
 20
7.890000000000001
 30
0.0
 10
6.84
 20
7.91
 30
0.0
 10
6.84
 20
7.919999999999999
 30
0.0
 10
6.84
 20
7.94
 30
0.0
 10
6.84
 20
7.95
 30
0.0
 10
6.84
 20
7.973333333333334
 30
0.0
 10
6.84
 20
7.986666666666667
 30
0.0
 10
6.84
 20
8.01
 30
0.0
 10
6.84
 20
8.020000000000001
 30
0.0
 10
6.84
 20
8.04
 30
0.0
 10
6.84
 20
8.049999999999999
 30
0.0
 10
6.84
 20
8.069999999999999
 30
0.0
 10
6.84
 20
8.08
 30
0.0
 10
6.84
 20
8.103333333333333
 30
0.0
 10
6.84
 20
8.116666666666667
 30
0.0
 10
6.84
 20
8.139999999999999
 30
0.0
 10
6.84
 20
8.15
 30
0.0
 10
6.84
 20
8.17
 30
0.0
 10
6.84
 20
8.18
 30
0.0
 10
6.84
 20
8.19
 30
0.0
 10
6.723333333333333
 20
8.256666666666666
 30
0.0
 10
6.606666666666666
 20
8.323333333333332
 30
0.0
 10
6.489999999999999
 20
8.39
 30
0.0
 10
6.48
 20
8.383333333333333
 30
0.0
 10
6.47
 20
8.376666666666665
 30
0.0
 10
6.46
 20
8.37
 30
0.0
 10
6.453333333333333
 20
8.366666666666665
 30
0.0
 10
6.446666666666666
 20
8.363333333333332
 30
0.0
 10
6.44
 20
8.36
 30
0.0
 10
6.430000000000001
 20
8.353333333333333
 30
0.0
 10
6.420000000000001
 20
8.346666666666666
 30
0.0
 10
6.41
 20
8.34
 30
0.0
 10
6.399999999999999
 20
8.336666666666668
 30
0.0
 10
6.39
 20
8.333333333333334
 30
0.0
 10
6.38
 20
8.33
 30
0.0
 10
6.37
 20
8.323333333333332
 30
0.0
 10
6.359999999999999
 20
8.316666666666668
 30
0.0
 10
6.349999999999999
 20
8.31
 30
0.0
 10
6.34
 20
8.306666666666667
 30
0.0
 10
6.330000000000001
 20
8.303333333333333
 30
0.0
 10
6.32
 20
8.3
 30
0.0
 10
6.31
 20
8.293333333333333
 30
0.0
 10
6.3
 20
8.286666666666667
 30
0.0
 10
6.29
 20
8.28
 30
0.0
 10
6.283333333333334
 20
8.273333333333332
 30
0.0
 10
6.276666666666666
 20
8.266666666666666
 30
0.0
 10
6.27
 20
8.26
 30
0.0
 10
6.259999999999999
 20
8.253333333333332
 30
0.0
 10
6.25
 20
8.246666666666668
 30
0.0
 10
6.239999999999999
 20
8.24
 30
0.0
 10
6.23
 20
8.236666666666666
 30
0.0
 10
6.22
 20
8.233333333333333
 30
0.0
 10
6.21
 20
8.23
 30
0.0
 10
6.203333333333333
 20
8.223333333333334
 30
0.0
 10
6.196666666666666
 20
8.216666666666667
 30
0.0
 10
6.19
 20
8.21
 30
0.0
 10
6.180000000000001
 20
8.203333333333333
 30
0.0
 10
6.170000000000001
 20
8.196666666666665
 30
0.0
 10
6.16
 20
8.19
 30
0.0
 10
6.153333333333333
 20
8.183333333333332
 30
0.0
 10
6.146666666666667
 20
8.176666666666668
 30
0.0
 10
6.14
 20
8.17
 30
0.0
 10
6.13
 20
8.166666666666666
 30
0.0
 10
6.12
 20
8.163333333333332
 30
0.0
 10
6.11
 20
8.16
 30
0.0
 10
6.103333333333334
 20
8.153333333333334
 30
0.0
 10
6.096666666666667
 20
8.146666666666667
 30
0.0
 10
6.083333333333332
 20
8.133333333333333
 30
0.0
 10
6.076666666666667
 20
8.126666666666665
 30
0.0
 10
6.07
 20
8.12
 30
0.0
 10
6.06
 20
8.113333333333332
 30
0.0
 10
6.05
 20
8.106666666666667
 30
0.0
 10
6.04
 20
8.1
 30
0.0
 10
6.033333333333334
 20
8.093333333333332
 30
0.0
 10
6.026666666666666
 20
8.086666666666666
 30
0.0
 10
6.013333333333332
 20
8.073333333333334
 30
0.0
 10
6.006666666666667
 20
8.066666666666668
 30
0.0
 10
5.993333333333333
 20
8.053333333333333
 30
0.0
 10
5.986666666666667
 20
8.046666666666667
 30
0.0
 10
5.98
 20
8.04
 30
0.0
 10
5.97
 20
8.033333333333333
 30
0.0
 10
5.96
 20
8.026666666666666
 30
0.0
 10
5.95
 20
8.02
 30
0.0
 10
5.943333333333332
 20
8.013333333333334
 30
0.0
 10
5.936666666666667
 20
8.006666666666666
 30
0.0
 10
5.923333333333333
 20
7.993333333333334
 30
0.0
 10
5.916666666666667
 20
7.986666666666667
 30
0.0
 10
5.91
 20
7.98
 30
0.0
 10
5.906666666666667
 20
7.973333333333334
 30
0.0
 10
5.903333333333333
 20
7.966666666666668
 30
0.0
 10
5.900000000000001
 20
7.96
 30
0.0
 10
5.893333333333334
 20
7.95
 30
0.0
 10
5.886666666666667
 20
7.94
 30
0.0
 10
5.88
 20
7.93
 30
0.0
 10
5.873333333333334
 20
7.923333333333333
 30
0.0
 10
5.866666666666667
 20
7.916666666666667
 30
0.0
 10
5.853333333333333
 20
7.903333333333334
 30
0.0
 10
5.846666666666667
 20
7.896666666666667
 30
0.0
 10
5.833333333333334
 20
7.883333333333332
 30
0.0
 10
5.826666666666667
 20
7.876666666666666
 30
0.0
 10
5.82
 20
7.87
 30
0.0
 10
5.816666666666666
 20
7.863333333333333
 30
0.0
 10
5.813333333333333
 20
7.856666666666666
 30
0.0
 10
5.81
 20
7.849999999999999
 30
0.0
 10
5.803333333333334
 20
7.84
 30
0.0
 10
5.796666666666667
 20
7.830000000000001
 30
0.0
 10
5.79
 20
7.82
 30
0.0
 10
5.786666666666666
 20
7.813333333333333
 30
0.0
 10
5.783333333333334
 20
7.806666666666668
 30
0.0
 10
5.776666666666666
 20
7.793333333333333
 30
0.0
 10
5.773333333333333
 20
7.786666666666666
 30
0.0
 10
5.77
 20
7.78
 30
0.0
 10
5.766666666666667
 20
7.77
 30
0.0
 10
5.763333333333333
 20
7.760000000000001
 30
0.0
 10
5.760000000000001
 20
7.75
 30
0.0
 10
5.756666666666667
 20
7.743333333333333
 30
0.0
 10
5.753333333333333
 20
7.736666666666667
 30
0.0
 10
5.75
 20
7.73
 30
0.0
 10
5.746666666666667
 20
7.72
 30
0.0
 10
5.743333333333333
 20
7.71
 30
0.0
 10
5.739999999999999
 20
7.7
 30
0.0
 10
5.736666666666667
 20
7.693333333333332
 30
0.0
 10
5.733333333333334
 20
7.686666666666667
 30
0.0
 10
5.73
 20
7.68
 30
0.0
 10
5.726666666666667
 20
7.669999999999999
 30
0.0
 10
5.723333333333333
 20
7.66
 30
0.0
 10
5.72
 20
7.650000000000001
 30
0.0
 10
5.716666666666666
 20
7.643333333333334
 30
0.0
 10
5.713333333333334
 20
7.636666666666667
 30
0.0
 10
5.71
 20
7.63
 30
0.0
 10
5.706666666666666
 20
7.62
 30
0.0
 10
5.703333333333333
 20
7.609999999999999
 30
0.0
 10
5.7
 20
7.599999999999999
 30
0.0
 10
5.696666666666666
 20
7.593333333333334
 30
0.0
 10
5.693333333333334
 20
7.586666666666666
 30
0.0
 10
5.69
 20
7.580000000000001
 30
0.0
 10
5.686666666666667
 20
7.57
 30
0.0
 10
5.683333333333334
 20
7.56
 30
0.0
 10
5.68
 20
7.55
 30
0.0
 10
5.676666666666667
 20
7.543333333333333
 30
0.0
 10
5.673333333333333
 20
7.536666666666666
 30
0.0
 10
5.669999999999999
 20
7.53
 30
0.0
 10
5.666666666666667
 20
7.52
 30
0.0
 10
5.663333333333334
 20
7.510000000000001
 30
0.0
 10
5.66
 20
7.5
 30
0.0
 10
5.656666666666667
 20
7.493333333333333
 30
0.0
 10
5.653333333333333
 20
7.486666666666667
 30
0.0
 10
5.650000000000001
 20
7.48
 30
0.0
 10
5.646666666666666
 20
7.47
 30
0.0
 10
5.643333333333334
 20
7.46
 30
0.0
 10
5.64
 20
7.45
 30
0.0
 10
5.636666666666666
 20
7.443333333333332
 30
0.0
 10
5.633333333333333
 20
7.436666666666667
 30
0.0
 10
5.63
 20
7.43
 30
0.0
 10
5.626666666666666
 20
7.419999999999999
 30
0.0
 10
5.623333333333334
 20
7.41
 30
0.0
 10
5.62
 20
7.400000000000001
 30
0.0
 10
5.616666666666667
 20
7.393333333333334
 30
0.0
 10
5.613333333333333
 20
7.386666666666667
 30
0.0
 10
5.61
 20
7.38
 30
0.0
 10
5.606666666666666
 20
7.37
 30
0.0
 10
5.603333333333334
 20
7.359999999999999
 30
0.0
 10
5.599999999999999
 20
7.349999999999999
 30
0.0
 10
5.596666666666667
 20
7.343333333333334
 30
0.0
 10
5.593333333333334
 20
7.336666666666666
 30
0.0
 10
5.59
 20
7.330000000000001
 30
0.0
 10
5.36
 20
7.390000000000001
 30
0.0
 10
5.13
 20
7.45
 30
0.0
 10
4.9
 20
7.510000000000001
 30
0.0
  0
ENDSEC
  0
SECTION
  2
OBJECTS
  0
DICTIONARY
  5
C
330
0
100
AcDbDictionary
281
     1
  3
ACAD_DETAILVIEWSTYLE
350
C6
  3
ACAD_GROUP
350
D
  3
ACAD_IMAGE_VARS
350
5E
  3
ACAD_LAYOUT
350
1A
  3
ACAD_MATERIAL
350
43
  3
ACAD_MLEADERSTYLE
350
5B
  3
ACAD_MLINESTYLE
350
17
  3
ACAD_PLOTSETTINGS
350
19
  3
ACAD_PLOTSTYLENAME
350
E
  3
ACAD_SCALELIST
350
47
  3
ACAD_SECTIONVIEWSTYLE
350
C7
  3
ACAD_TABLESTYLE
350
59
  3
ACAD_VISUALSTYLE
350
2A
  3
ACDB_RECOMPOSE_DATA
350
C3
  3
AcDbVariableDictionary
350
83
  0
DICTIONARY
  5
81
330
8
100
AcDbDictionary
280
     1
281
     1
  3
ACAD_XREC_ROUNDTRIP
360
82
  0
DICTIONARY
  5
C6
102
{ACAD_REACTORS
330
C
102
}
330
C
100
AcDbDictionary
281
     1
  0
DICTIONARY
  5
D
102
{ACAD_REACTORS
330
C
102
}
330
C
100
AcDbDictionary
281
     1
  0
RASTERVARIABLES
  5
5E
102
{ACAD_REACTORS
330
C
102
}
330
C
100
AcDbRasterVariables
 90
        0
 70
     0
 71
     1
 72
     1
  0
DICTIONARY
  5
1A
102
{ACAD_REACTORS
330
C
102
}
330
C
100
AcDbDictionary
281
     1
  3
Layout1
350
1E
  3
Layout2
350
26
  3
Model
350
22
  0
DICTIONARY
  5
43
102
{ACAD_REACTORS
330
C
102
}
330
C
100
AcDbDictionary
281
     1
  3
ByBlock
350
45
  3
ByLayer
350
44
  3
Global
350
46
  0
DICTIONARY
  5
5B
102
{ACAD_REACTORS
330
C
102
}
330
C
100
AcDbDictionary
281
     1
  3
Standard
350
5C
  0
DICTIONARY
  5
17
102
{ACAD_REACTORS
330
C
102
}
330
C
100
AcDbDictionary
281
     1
  3
Standard
350
18
  0
DICTIONARY
  5
19
102
{ACAD_REACTORS
330
C
102
}
330
C
100
AcDbDictionary
281
     1
  0
ACDBDICTIONARYWDFLT
  5
E
102
{ACAD_REACTORS
330
C
102
}
330
C
100
AcDbDictionary
281
     1
  3
Normal
350
F
100
AcDbDictionaryWithDefault
340
F
  0
DICTIONARY
  5
47
102
{ACAD_REACTORS
330
C
102
}
330
C
100
AcDbDictionary
281
     1
  3
A0
350
48
  3
A1
350
49
  3
A2
350
4A
  3
A3
350
4B
  3
A4
350
4C
  3
A5
350
4D
  3
A6
350
4E
  3
A7
350
4F
  3
A8
350
50
  3
A9
350
51
  3
B1
350
52
  3
B2
350
53
  3
B3
350
54
  3
B4
350
55
  3
B5
350
56
  3
B6
350
57
  3
B7
350
58
  0
DICTIONARY
  5
C7
102
{ACAD_REACTORS
330
C
102
}
330
C
100
AcDbDictionary
281
     1
  0
DICTIONARY
  5
59
102
{ACAD_REACTORS
330
C
102
}
330
C
100
AcDbDictionary
281
     1
  3
Standard
350
5A
  0
DICTIONARY
  5
2A
102
{ACAD_REACTORS
330
C
102
}
330
C
100
AcDbDictionary
281
     1
  3
2dWireframe
350
2F
  3
Basic
350
32
  3
Brighten
350
36
  3
ColorChange
350
3A
  3
Conceptual
350
34
  3
Dim
350
35
  3
EdgeColorOff
350
3D
  3
Facepattern
350
39
  3
Flat
350
2B
  3
FlatWithEdges
350
2C
  3
Gouraud
350
2D
  3
GouraudWithEdges
350
2E
  3
Hidden
350
31
  3
JitterOff
350
3B
  3
Linepattern
350
38
  3
OverhangOff
350
3C
  3
Realistic
350
33
  3
Shaded
350
42
  3
Shaded with edges
350
41
  3
Shades of Gray
350
3E
  3
Sketchy
350
3F
  3
Thicken
350
37
  3
Wireframe
350
30
  3
X-Ray
350
40
  0
XRECORD
  5
C3
102
{ACAD_REACTORS
330
C
102
}
330
C
100
AcDbXrecord
280
     1
 90
        1
330
5A
  0
DICTIONARY
  5
83
102
{ACAD_REACTORS
330
C
102
}
330
C
100
AcDbDictionary
281
     1
  3
CANNOSCALE
350
84
  3
CMLEADERSTYLE
350
C5
  3
CTABLESTYLE
350
C4
  3
MSLTSCALE
350
85
  3
XCLIPFRAME
350
86
  0
XRECORD
  5
82
102
{ACAD_REACTORS
330
81
102
}
330
81
100
AcDbXrecord
280
     1
102
VTR_0.000_0.000_1.000_1.000_VISUALSTYLE
340
2F
102
VTR_0.000_0.000_1.000_1.000_GRIDDISPLAY
 70
     3
102
VTR_0.000_0.000_1.000_1.000_GRIDMAJOR
 70
     5
102
VTR_0.000_0.000_1.000_1.000_DEFAULTLIGHTING
280
     1
102
VTR_0.000_0.000_1.000_1.000_DEFAULTLIGHTINGTYPE
 70
     1
102
VTR_0.000_0.000_1.000_1.000_BRIGHTNESS
141
0.0
102
VTR_0.000_0.000_1.000_1.000_CONTRAST
142
0.0
102
VTR_0.000_0.000_0.500_1.000_VISUALSTYLE
340
2F
102
VTR_0.000_0.000_0.500_1.000_GRIDDISPLAY
 70
     3
102
VTR_0.000_0.000_0.500_1.000_GRIDMAJOR
 70
     5
102
VTR_0.000_0.000_0.500_1.000_DEFAULTLIGHTING
280
     1
102
VTR_0.000_0.000_0.500_1.000_DEFAULTLIGHTINGTYPE
 70
     1
102
VTR_0.000_0.000_0.500_1.000_BRIGHTNESS
141
0.0
102
VTR_0.000_0.000_0.500_1.000_CONTRAST
142
0.0
102
VTR_0.500_0.000_1.000_1.000_VISUALSTYLE
340
2F
102
VTR_0.500_0.000_1.000_1.000_GRIDDISPLAY
 70
     3
102
VTR_0.500_0.000_1.000_1.000_GRIDMAJOR
 70
     5
102
VTR_0.500_0.000_1.000_1.000_DEFAULTLIGHTING
280
     1
102
VTR_0.500_0.000_1.000_1.000_DEFAULTLIGHTINGTYPE
 70
     1
102
VTR_0.500_0.000_1.000_1.000_BRIGHTNESS
141
0.0
102
VTR_0.500_0.000_1.000_1.000_CONTRAST
142
0.0
102
VTR_0.000_0.500_1.000_1.000_VISUALSTYLE
340
2F
102
VTR_0.000_0.500_1.000_1.000_GRIDDISPLAY
 70
     3
102
VTR_0.000_0.500_1.000_1.000_GRIDMAJOR
 70
     5
102
VTR_0.000_0.500_1.000_1.000_DEFAULTLIGHTING
280
     1
102
VTR_0.000_0.500_1.000_1.000_DEFAULTLIGHTINGTYPE
 70
     1
102
VTR_0.000_0.500_1.000_1.000_BRIGHTNESS
141
0.0
102
VTR_0.000_0.500_1.000_1.000_CONTRAST
142
0.0
102
VTR_0.000_0.000_1.000_0.500_VISUALSTYLE
340
2F
102
VTR_0.000_0.000_1.000_0.500_GRIDDISPLAY
 70
     3
102
VTR_0.000_0.000_1.000_0.500_GRIDMAJOR
 70
     5
102
VTR_0.000_0.000_1.000_0.500_DEFAULTLIGHTING
280
     1
102
VTR_0.000_0.000_1.000_0.500_DEFAULTLIGHTINGTYPE
 70
     1
102
VTR_0.000_0.000_1.000_0.500_BRIGHTNESS
141
0.0
102
VTR_0.000_0.000_1.000_0.500_CONTRAST
142
0.0
102
VTR_0.000_0.500_0.500_1.000_VISUALSTYLE
340
2F
102
VTR_0.000_0.500_0.500_1.000_GRIDDISPLAY
 70
     3
102
VTR_0.000_0.500_0.500_1.000_GRIDMAJOR
 70
     5
102
VTR_0.000_0.500_0.500_1.000_DEFAULTLIGHTING
280
     1
102
VTR_0.000_0.500_0.500_1.000_DEFAULTLIGHTINGTYPE
 70
     1
102
VTR_0.000_0.500_0.500_1.000_BRIGHTNESS
141
0.0
102
VTR_0.000_0.500_0.500_1.000_CONTRAST
142
0.0
102
VTR_0.000_0.000_0.500_0.500_VISUALSTYLE
340
2F
102
VTR_0.000_0.000_0.500_0.500_GRIDDISPLAY
 70
     3
102
VTR_0.000_0.000_0.500_0.500_GRIDMAJOR
 70
     5
102
VTR_0.000_0.000_0.500_0.500_DEFAULTLIGHTING
280
     1
102
VTR_0.000_0.000_0.500_0.500_DEFAULTLIGHTINGTYPE
 70
     1
102
VTR_0.000_0.000_0.500_0.500_BRIGHTNESS
141
0.0
102
VTR_0.000_0.000_0.500_0.500_CONTRAST
142
0.0
102
VTR_0.500_0.000_1.000_0.500_VISUALSTYLE
340
2F
102
VTR_0.500_0.000_1.000_0.500_GRIDDISPLAY
 70
     3
102
VTR_0.500_0.000_1.000_0.500_GRIDMAJOR
 70
     5
102
VTR_0.500_0.000_1.000_0.500_DEFAULTLIGHTING
280
     1
102
VTR_0.500_0.000_1.000_0.500_DEFAULTLIGHTINGTYPE
 70
     1
102
VTR_0.500_0.000_1.000_0.500_BRIGHTNESS
141
0.0
102
VTR_0.500_0.000_1.000_0.500_CONTRAST
142
0.0
102
VTR_0.500_0.500_1.000_1.000_VISUALSTYLE
340
2F
102
VTR_0.500_0.500_1.000_1.000_GRIDDISPLAY
 70
     3
102
VTR_0.500_0.500_1.000_1.000_GRIDMAJOR
 70
     5
102
VTR_0.500_0.500_1.000_1.000_DEFAULTLIGHTING
280
     1
102
VTR_0.500_0.500_1.000_1.000_DEFAULTLIGHTINGTYPE
 70
     1
102
VTR_0.500_0.500_1.000_1.000_BRIGHTNESS
141
0.0
102
VTR_0.500_0.500_1.000_1.000_CONTRAST
142
0.0
102
VTR_0.000_0.500_0.333_1.000_VISUALSTYLE
340
2F
102
VTR_0.000_0.500_0.333_1.000_GRIDDISPLAY
 70
     3
102
VTR_0.000_0.500_0.333_1.000_GRIDMAJOR
 70
     5
102
VTR_0.000_0.500_0.333_1.000_DEFAULTLIGHTING
280
     1
102
VTR_0.000_0.500_0.333_1.000_DEFAULTLIGHTINGTYPE
 70
     1
102
VTR_0.000_0.500_0.333_1.000_BRIGHTNESS
141
0.0
102
VTR_0.000_0.500_0.333_1.000_CONTRAST
142
0.0
102
VTR_0.000_0.000_0.333_0.500_VISUALSTYLE
340
2F
102
VTR_0.000_0.000_0.333_0.500_GRIDDISPLAY
 70
     3
102
VTR_0.000_0.000_0.333_0.500_GRIDMAJOR
 70
     5
102
VTR_0.000_0.000_0.333_0.500_DEFAULTLIGHTING
280
     1
102
VTR_0.000_0.000_0.333_0.500_DEFAULTLIGHTINGTYPE
 70
     1
102
VTR_0.000_0.000_0.333_0.500_BRIGHTNESS
141
0.0
102
VTR_0.000_0.000_0.333_0.500_CONTRAST
142
0.0
102
VTR_0.333_0.500_0.667_1.000_VISUALSTYLE
340
2F
102
VTR_0.333_0.500_0.667_1.000_GRIDDISPLAY
 70
     3
102
VTR_0.333_0.500_0.667_1.000_GRIDMAJOR
 70
     5
102
VTR_0.333_0.500_0.667_1.000_DEFAULTLIGHTING
280
     1
102
VTR_0.333_0.500_0.667_1.000_DEFAULTLIGHTINGTYPE
 70
     1
102
VTR_0.333_0.500_0.667_1.000_BRIGHTNESS
141
0.0
102
VTR_0.333_0.500_0.667_1.000_CONTRAST
142
0.0
102
VTR_0.333_0.000_0.667_0.500_VISUALSTYLE
340
2F
102
VTR_0.333_0.000_0.667_0.500_GRIDDISPLAY
 70
     3
102
VTR_0.333_0.000_0.667_0.500_GRIDMAJOR
 70
     5
102
VTR_0.333_0.000_0.667_0.500_DEFAULTLIGHTING
280
     1
102
VTR_0.333_0.000_0.667_0.500_DEFAULTLIGHTINGTYPE
 70
     1
102
VTR_0.333_0.000_0.667_0.500_BRIGHTNESS
141
0.0
102
VTR_0.333_0.000_0.667_0.500_CONTRAST
142
0.0
102
VTR_0.667_0.500_1.000_1.000_VISUALSTYLE
340
2F
102
VTR_0.667_0.500_1.000_1.000_GRIDDISPLAY
 70
     3
102
VTR_0.667_0.500_1.000_1.000_GRIDMAJOR
 70
     5
102
VTR_0.667_0.500_1.000_1.000_DEFAULTLIGHTING
280
     1
102
VTR_0.667_0.500_1.000_1.000_DEFAULTLIGHTINGTYPE
 70
     1
102
VTR_0.667_0.500_1.000_1.000_BRIGHTNESS
141
0.0
102
VTR_0.667_0.500_1.000_1.000_CONTRAST
142
0.0
102
VTR_0.667_0.000_1.000_0.500_VISUALSTYLE
340
2F
102
VTR_0.667_0.000_1.000_0.500_GRIDDISPLAY
 70
     3
102
VTR_0.667_0.000_1.000_0.500_GRIDMAJOR
 70
     5
102
VTR_0.667_0.000_1.000_0.500_DEFAULTLIGHTING
280
     1
102
VTR_0.667_0.000_1.000_0.500_DEFAULTLIGHTINGTYPE
 70
     1
102
VTR_0.667_0.000_1.000_0.500_BRIGHTNESS
141
0.0
102
VTR_0.667_0.000_1.000_0.500_CONTRAST
142
0.0
  0
LAYOUT
  5
1E
102
{ACAD_REACTORS
330
1A
102
}
330
1A
100
AcDbPlotSettings
  1

  2
none_device
  4

  6

 40
0.0
 41
0.0
 42
0.0
 43
0.0
 44
0.0
 45
0.0
 46
0.0
 47
0.0
 48
0.0
 49
0.0
140
0.0
141
0.0
142
1.0
143
1.0
 70
   688
 72
     0
 73
     0
 74
     5
  7

 75
    16
 76
     0
 77
     2
 78
   300
147
1.0
148
0.0
149
0.0
100
AcDbLayout
  1
Layout1
 70
     1
 71
     1
 10
-0.5
 20
-0.5
 11
5.0
 21
5.0
 12
0.0
 22
0.0
 32
0.0
 14
-0.5
 24
-0.5
 34
-0.5
 15
5.0
 25
5.0
 35
5.0
146
0.0
 13
0.0
 23
0.0
 33
0.0
 16
1.0
 26
0.0
 36
0.0
 17
0.0
 27
1.0
 37
0.0
 76
     0
330
1B
  0
LAYOUT
  5
26
102
{ACAD_REACTORS
330
1A
102
}
330
1A
100
AcDbPlotSettings
  1

  2
none_device
  4

  6

 40
0.0
 41
0.0
 42
0.0
 43
0.0
 44
0.0
 45
0.0
 46
0.0
 47
0.0
 48
0.0
 49
0.0
140
0.0
141
0.0
142
1.0
143
1.0
 70
   688
 72
     0
 73
     0
 74
     5
  7

 75
    16
 76
     0
 77
     2
 78
   300
147
1.0
148
0.0
149
0.0
100
AcDbLayout
  1
Layout2
 70
     1
 71
     2
 10
0.0
 20
0.0
 11
0.0
 21
0.0
 12
0.0
 22
0.0
 32
0.0
 14
0.0
 24
0.0
 34
0.0
 15
0.0
 25
0.0
 35
0.0
146
0.0
 13
0.0
 23
0.0
 33
0.0
 16
1.0
 26
0.0
 36
0.0
 17
0.0
 27
1.0
 37
0.0
 76
     0
330
23
  0
LAYOUT
  5
22
102
{ACAD_REACTORS
330
1A
102
}
330
1A
100
AcDbPlotSettings
  1

  2
none_device
  4
Letter_(8.50_x_11.00_Inches)
  6

 40
6.35
 41
6.35
 42
6.350005
 43
6.350005
 44
215.9
 45
279.4
 46
0.0
 47
0.0
 48
0.0
 49
0.0
140
0.0
141
0.0
142
1.0
143
1.0
 70
  1712
 72
     0
 73
     0
 74
     0
  7

 75
     0
 76
     0
 77
     2
 78
   300
147
1.0
148
0.0
149
0.0
100
AcDbLayout
  1
Model
 70
     1
 71
     0
 10
-0.5
 20
-0.5
 11
5.0
 21
5.0
 12
0.0
 22
0.0
 32
0.0
 14
-0.5
 24
-0.5
 34
-0.5
 15
5.0
 25
5.0
 35
5.0
146
0.0
 13
0.0
 23
0.0
 33
0.0
 16
1.0
 26
0.0
 36
0.0
 17
0.0
 27
1.0
 37
0.0
 76
     0
330
1F
331
29
  0
MATERIAL
  5
45
102
{ACAD_REACTORS
330
43
102
}
102
{ACAD_XDICTIONARY
360
B9
102
}
330
43
100
AcDbMaterial
  1
ByBlock
  0
MATERIAL
  5
44
102
{ACAD_REACTORS
330
43
102
}
102
{ACAD_XDICTIONARY
360
B7
102
}
330
43
100
AcDbMaterial
  1
ByLayer
  0
MATERIAL
  5
46
102
{ACAD_REACTORS
330
43
102
}
102
{ACAD_XDICTIONARY
360
BB
102
}
330
43
100
AcDbMaterial
  1
Global
  0
MLEADERSTYLE
  5
5C
102
{ACAD_REACTORS
330
5B
102
}
102
{ACAD_XDICTIONARY
360
C1
102
}
330
5B
100
AcDbMLeaderStyle
170
     2
171
     1
172
     0
 90
        2
 40
0.0
 41
0.0
173
     1
 91
-1056964608
340
14
 92
       -2
290
     1
 42
0.09
291
     1
 43
0.36
  3
Standard
341
0
 44
0.18
300

342
11
174
     1
178
     6
175
     1
176
     0
 93
-1056964608
 45
0.18
292
     0
297
     0
 46
0.18
343
0
 94
-1056964608
 47
1.0
 49
1.0
140
1.0
293
     1
141
0.0
294
     1
177
     0
142
1.0
295
     0
296
     0
143
0.125
1001
ACAD_MLEADERVER
1070
     2
  0
MLINESTYLE
  5
18
102
{ACAD_REACTORS
330
17
102
}
330
17
100
AcDbMlineStyle
  2
Standard
 70
     0
  3

 62
   256
 51
90.0
 52
90.0
 71
     2
 49
0.5
 62
   256
  6
BYLAYER
 49
-0.5
 62
   256
  6
BYLAYER
  0
ACDBPLACEHOLDER
  5
F
102
{ACAD_REACTORS
330
E
102
}
330
E
  0
SCALE
  5
48
102
{ACAD_REACTORS
330
47
102
}
330
47
100
AcDbScale
 70
     0
300
1:1
140
1.0
141
1.0
290
     1
  0
SCALE
  5
49
102
{ACAD_REACTORS
330
47
102
}
330
47
100
AcDbScale
 70
     0
300
1/128" = 1'-0"
140
0.007813
141
12.0
290
     0
  0
SCALE
  5
4A
102
{ACAD_REACTORS
330
47
102
}
330
47
100
AcDbScale
 70
     0
300
1/64" = 1'-0"
140
0.015625
141
12.0
290
     0
  0
SCALE
  5
4B
102
{ACAD_REACTORS
330
47
102
}
330
47
100
AcDbScale
 70
     0
300
1/32" = 1'-0"
140
0.03125
141
12.0
290
     0
  0
SCALE
  5
4C
102
{ACAD_REACTORS
330
47
102
}
330
47
100
AcDbScale
 70
     0
300
1/16" = 1'-0"
140
0.0625
141
12.0
290
     0
  0
SCALE
  5
4D
102
{ACAD_REACTORS
330
47
102
}
330
47
100
AcDbScale
 70
     0
300
3/32" = 1'-0"
140
0.09375
141
12.0
290
     0
  0
SCALE
  5
4E
102
{ACAD_REACTORS
330
47
102
}
330
47
100
AcDbScale
 70
     0
300
1/8" = 1'-0"
140
0.125
141
12.0
290
     0
  0
SCALE
  5
4F
102
{ACAD_REACTORS
330
47
102
}
330
47
100
AcDbScale
 70
     0
300
3/16" = 1'-0"
140
0.1875
141
12.0
290
     0
  0
SCALE
  5
50
102
{ACAD_REACTORS
330
47
102
}
330
47
100
AcDbScale
 70
     0
300
1/4" = 1'-0"
140
0.25
141
12.0
290
     0
  0
SCALE
  5
51
102
{ACAD_REACTORS
330
47
102
}
330
47
100
AcDbScale
 70
     0
300
3/8" = 1'-0"
140
0.375
141
12.0
290
     0
  0
SCALE
  5
52
102
{ACAD_REACTORS
330
47
102
}
330
47
100
AcDbScale
 70
     0
300
1/2" = 1'-0"
140
0.5
141
12.0
290
     0
  0
SCALE
  5
53
102
{ACAD_REACTORS
330
47
102
}
330
47
100
AcDbScale
 70
     0
300
3/4" = 1'-0"
140
0.75
141
12.0
290
     0
  0
SCALE
  5
54
102
{ACAD_REACTORS
330
47
102
}
330
47
100
AcDbScale
 70
     0
300
1" = 1'-0"
140
1.0
141
12.0
290
     0
  0
SCALE
  5
55
102
{ACAD_REACTORS
330
47
102
}
330
47
100
AcDbScale
 70
     0
300
1-1/2" = 1'-0"
140
1.5
141
12.0
290
     0
  0
SCALE
  5
56
102
{ACAD_REACTORS
330
47
102
}
330
47
100
AcDbScale
 70
     0
300
3" = 1'-0"
140
3.0
141
12.0
290
     0
  0
SCALE
  5
57
102
{ACAD_REACTORS
330
47
102
}
330
47
100
AcDbScale
 70
     0
300
6" = 1'-0"
140
6.0
141
12.0
290
     0
  0
SCALE
  5
58
102
{ACAD_REACTORS
330
47
102
}
330
47
100
AcDbScale
 70
     0
300
1'-0" = 1'-0"
140
12.0
141
12.0
290
     0
  0
TABLESTYLE
  5
5A
102
{ACAD_REACTORS
330
59
102
}
102
{ACAD_XDICTIONARY
360
BD
102
}
330
59
100
AcDbTableStyle
  3
Standard
 70
     0
 71
     0
 40
0.06
 41
0.06
280
     0
281
     0
  7
Standard
140
0.18
170
     2
 62
     0
 63
   257
283
     0
274
    -2
284
     1
 64
     0
275
    -2
285
     1
 65
     0
276
    -2
286
     1
 66
     0
277
    -2
287
     1
 67
     0
278
    -2
288
     1
 68
     0
279
    -2
289
     1
 69
     0
  7
Standard
140
0.25
170
     5
 62
     0
 63
   257
283
     0
274
    -2
284
     1
 64
     0
275
    -2
285
     1
 65
     0
276
    -2
286
     1
 66
     0
277
    -2
287
     1
 67
     0
278
    -2
288
     1
 68
     0
279
    -2
289
     1
 69
     0
  7
Standard
140
0.18
170
     5
 62
     0
 63
   257
283
     0
274
    -2
284
     1
 64
     0
275
    -2
285
     1
 65
     0
276
    -2
286
     1
 66
     0
277
    -2
287
     1
 67
     0
278
    -2
288
     1
 68
     0
279
    -2
289
     1
 69
     0
  0
VISUALSTYLE
  5
2F
102
{ACAD_REACTORS
330
2A
102
}
102
{ACAD_XDICTIONARY
360
8F
102
}
330
2A
100
AcDbVisualStyle
  2
2dWireframe
 70
     4
 71
     0
 72
     2
 73
     0
 90
        0
 40
0.6
 41
30.0
 62
     5
 63
     7
421
 16777215
 74
     1
 91
        4
 64
     7
 65
   257
 75
     1
175
     1
 42
1.0
 92
        0
 66
   257
 43
1.0
 76
     1
 77
     6
 78
     2
 67
     7
 79
     5
170
     0
171
     0
290
     0
174
     0
 93
        1
 44
0.0
173
     0
291
     0
 45
0.0
1001
ACAD
1000
AcDbSavedByObjectVersion
1070
     0
  0
VISUALSTYLE
  5
32
102
{ACAD_REACTORS
330
2A
102
}
102
{ACAD_XDICTIONARY
360
95
102
}
330
2A
100
AcDbVisualStyle
  2
Basic
 70
     7
 71
     1
 72
     0
 73
     1
 90
        0
 40
0.6
 41
30.0
 62
     5
 63
     7
421
 16777215
 74
     0
 91
        4
 64
     7
 65
   257
 75
     1
175
     1
 42
1.0
 92
        8
 66
     7
 43
1.0
 76
     1
 77
     6
 78
     2
 67
     7
 79
     5
170
     0
171
     0
290
     0
174
     0
 93
        1
 44
0.0
173
     0
291
     1
 45
0.0
1001
ACAD
1000
AcDbSavedByObjectVersion
1070
     0
  0
VISUALSTYLE
  5
36
102
{ACAD_REACTORS
330
2A
102
}
102
{ACAD_XDICTIONARY
360
9D
102
}
330
2A
100
AcDbVisualStyle
  2
Brighten
 70
    12
 71
     2
 72
     2
 73
     0
 90
        0
 40
0.6
 41
30.0
 62
     5
 63
     7
421
 16777215
 74
     1
 91
        4
 64
     7
 65
   257
 75
     1
175
     1
 42
1.0
 92
        8
 66
     7
 43
1.0
 76
     1
 77
     6
 78
     2
 67
     7
 79
     5
170
     0
171
     0
290
     0
174
     0
 93
        1
 44
50.0
173
     0
291
     1
 45
0.0
1001
ACAD
1000
AcDbSavedByObjectVersion
1070
     0
  0
VISUALSTYLE
  5
3A
102
{ACAD_REACTORS
330
2A
102
}
102
{ACAD_XDICTIONARY
360
A5
102
}
330
2A
100
AcDbVisualStyle
  2
ColorChange
 70
    16
 71
     2
 72
     2
 73
     3
 90
        0
 40
0.6
 41
30.0
 62
     5
 63
     8
421
  8421504
 74
     1
 91
        4
 64
     7
 65
   257
 75
     1
175
     1
 42
1.0
 92
        8
 66
     8
424
  8421504
 43
1.0
 76
     1
 77
     6
 78
     2
 67
     7
 79
     5
170
     0
171
     0
290
     0
174
     0
 93
        1
 44
0.0
173
     0
291
     1
 45
0.0
1001
ACAD
1000
AcDbSavedByObjectVersion
1070
     0
  0
VISUALSTYLE
  5
34
102
{ACAD_REACTORS
330
2A
102
}
102
{ACAD_XDICTIONARY
360
99
102
}
330
2A
100
AcDbVisualStyle
  2
Conceptual
 70
     9
 71
     3
 72
     2
 73
     0
 90
        0
 40
0.6
 41
30.0
 62
     5
 63
     7
421
 16777215
 74
     2
 91
        2
 64
     7
 65
   257
 75
     1
175
     1
 42
179.0
 92
        8
 66
     7
 43
1.0
 76
     1
 77
     6
 78
     2
 67
     7
 79
     3
170
     0
171
     0
290
     0
174
     0
 93
        1
 44
0.0
173
     0
291
     0
 45
0.0
1001
ACAD
1000
AcDbSavedByObjectVersion
1070
     0
  0
VISUALSTYLE
  5
35
102
{ACAD_REACTORS
330
2A
102
}
102
{ACAD_XDICTIONARY
360
9B
102
}
330
2A
100
AcDbVisualStyle
  2
Dim
 70
    11
 71
     2
 72
     2
 73
     0
 90
        0
 40
0.6
 41
30.0
 62
     5
 63
     7
421
 16777215
 74
     1
 91
        4
 64
     7
 65
   257
 75
     1
175
     1
 42
1.0
 92
        8
 66
     7
 43
1.0
 76
     1
 77
     6
 78
     2
 67
     7
 79
     5
170
     0
171
     0
290
     0
174
     0
 93
        1
 44
-50.0
173
     0
291
     1
 45
0.0
1001
ACAD
1000
AcDbSavedByObjectVersion
1070
     0
  0
VISUALSTYLE
  5
3D
102
{ACAD_REACTORS
330
2A
102
}
102
{ACAD_XDICTIONARY
360
AB
102
}
330
2A
100
AcDbVisualStyle
  2
EdgeColorOff
 70
    22
 71
     2
 72
     2
 73
     0
 90
        0
 40
0.6
 41
30.0
 62
     5
 63
     7
421
 16777215
 74
     1
 91
        4
 64
     7
 65
   257
 75
     1
175
     1
 42
1.0
 92
        8
 66
     7
 43
1.0
 76
     1
 77
     6
 78
     2
 67
     7
 79
     5
170
     0
171
     0
290
     0
174
     0
 93
        1
 44
0.0
173
     0
291
     1
 45
0.0
1001
ACAD
1000
AcDbSavedByObjectVersion
1070
     0
  0
VISUALSTYLE
  5
39
102
{ACAD_REACTORS
330
2A
102
}
102
{ACAD_XDICTIONARY
360
A3
102
}
330
2A
100
AcDbVisualStyle
  2
Facepattern
 70
    15
 71
     2
 72
     2
 73
     0
 90
        0
 40
0.6
 41
30.0
 62
     5
 63
     7
421
 16777215
 74
     1
 91
        4
 64
     7
 65
   257
 75
     1
175
     1
 42
1.0
 92
        8
 66
     7
 43
1.0
 76
     1
 77
     6
 78
     2
 67
     7
 79
     5
170
     0
171
     0
290
     0
174
     0
 93
        1
 44
0.0
173
     0
291
     1
 45
0.0
1001
ACAD
1000
AcDbSavedByObjectVersion
1070
     0
  0
VISUALSTYLE
  5
2B
102
{ACAD_REACTORS
330
2A
102
}
102
{ACAD_XDICTIONARY
360
87
102
}
330
2A
100
AcDbVisualStyle
  2
Flat
 70
     0
 71
     2
 72
     1
 73
     1
 90
        2
 40
0.6
 41
30.0
 62
     5
 63
     7
421
 16777215
 74
     0
 91
        0
 64
     7
 65
   257
 75
     1
175
     1
 42
1.0
 92
        8
 66
     7
 43
1.0
 76
     1
 77
     6
 78
     2
 67
     7
 79
     5
170
     0
171
     0
290
     0
174
     0
 93
       13
 44
0.0
173
     0
291
     1
 45
0.0
1001
ACAD
1000
AcDbSavedByObjectVersion
1070
     0
  0
VISUALSTYLE
  5
2C
102
{ACAD_REACTORS
330
2A
102
}
102
{ACAD_XDICTIONARY
360
89
102
}
330
2A
100
AcDbVisualStyle
  2
FlatWithEdges
 70
     1
 71
     2
 72
     1
 73
     1
 90
        2
 40
0.6
 41
30.0
 62
     5
 63
     7
421
 16777215
 74
     1
 91
        0
 64
     7
 65
   257
 75
     1
175
     1
 42
1.0
 92
        0
 66
   257
 43
1.0
 76
     1
 77
     6
 78
     2
 67
     7
 79
     5
170
     0
171
     0
290
     0
174
     0
 93
       13
 44
0.0
173
     0
291
     1
 45
0.0
1001
ACAD
1000
AcDbSavedByObjectVersion
1070
     0
  0
VISUALSTYLE
  5
2D
102
{ACAD_REACTORS
330
2A
102
}
102
{ACAD_XDICTIONARY
360
8B
102
}
330
2A
100
AcDbVisualStyle
  2
Gouraud
 70
     2
 71
     2
 72
     2
 73
     1
 90
        2
 40
0.6
 41
30.0
 62
     5
 63
     7
421
 16777215
 74
     0
 91
        0
 64
     7
 65
   257
 75
     1
175
     1
 42
1.0
 92
        0
 66
     7
 43
1.0
 76
     1
 77
     6
 78
     2
 67
     7
 79
     5
170
     0
171
     0
290
     0
174
     0
 93
       13
 44
0.0
173
     0
291
     1
 45
0.0
1001
ACAD
1000
AcDbSavedByObjectVersion
1070
     0
  0
VISUALSTYLE
  5
2E
102
{ACAD_REACTORS
330
2A
102
}
102
{ACAD_XDICTIONARY
360
8D
102
}
330
2A
100
AcDbVisualStyle
  2
GouraudWithEdges
 70
     3
 71
     2
 72
     2
 73
     1
 90
        2
 40
0.6
 41
30.0
 62
     5
 63
     7
421
 16777215
 74
     1
 91
        0
 64
     7
 65
   257
 75
     1
175
     1
 42
1.0
 92
        0
 66
   257
 43
1.0
 76
     1
 77
     6
 78
     2
 67
     7
 79
     5
170
     0
171
     0
290
     0
174
     0
 93
       13
 44
0.0
173
     0
291
     1
 45
0.0
1001
ACAD
1000
AcDbSavedByObjectVersion
1070
     0
  0
VISUALSTYLE
  5
31
102
{ACAD_REACTORS
330
2A
102
}
102
{ACAD_XDICTIONARY
360
93
102
}
330
2A
100
AcDbVisualStyle
  2
Hidden
 70
     6
 71
     1
 72
     2
 73
     2
 90
        0
 40
0.6
 41
30.0
 62
     5
 63
     7
421
 16777215
 74
     2
 91
        2
 64
     7
 65
   257
 75
     2
175
     1
 42
40.0
 92
        0
 66
   257
 43
1.0
 76
     1
 77
     6
 78
     2
 67
     7
 79
     3
170
     0
171
     0
290
     0
174
     0
 93
        1
 44
0.0
173
     0
291
     0
 45
0.0
1001
ACAD
1000
AcDbSavedByObjectVersion
1070
     0
  0
VISUALSTYLE
  5
3B
102
{ACAD_REACTORS
330
2A
102
}
102
{ACAD_XDICTIONARY
360
A7
102
}
330
2A
100
AcDbVisualStyle
  2
JitterOff
 70
    20
 71
     2
 72
     2
 73
     0
 90
        0
 40
0.6
 41
30.0
 62
     5
 63
     7
421
 16777215
 74
     1
 91
        4
 64
     7
 65
   257
 75
     1
175
     1
 42
1.0
 92
       10
 66
     7
 43
1.0
 76
     1
 77
     6
 78
     2
 67
     7
 79
     5
170
     0
171
     0
290
     0
174
     0
 93
        1
 44
0.0
173
     0
291
     1
 45
0.0
1001
ACAD
1000
AcDbSavedByObjectVersion
1070
     0
  0
VISUALSTYLE
  5
38
102
{ACAD_REACTORS
330
2A
102
}
102
{ACAD_XDICTIONARY
360
A1
102
}
330
2A
100
AcDbVisualStyle
  2
Linepattern
 70
    14
 71
     2
 72
     2
 73
     0
 90
        0
 40
0.6
 41
30.0
 62
     5
 63
     7
421
 16777215
 74
     1
 91
        4
 64
     7
 65
   257
 75
     7
175
     7
 42
1.0
 92
        8
 66
     7
 43
1.0
 76
     1
 77
     6
 78
     2
 67
     7
 79
     5
170
     0
171
     0
290
     0
174
     0
 93
        1
 44
0.0
173
     0
291
     1
 45
0.0
1001
ACAD
1000
AcDbSavedByObjectVersion
1070
     0
  0
VISUALSTYLE
  5
3C
102
{ACAD_REACTORS
330
2A
102
}
102
{ACAD_XDICTIONARY
360
A9
102
}
330
2A
100
AcDbVisualStyle
  2
OverhangOff
 70
    21
 71
     2
 72
     2
 73
     0
 90
        0
 40
0.6
 41
30.0
 62
     5
 63
     7
421
 16777215
 74
     1
 91
        4
 64
     7
 65
   257
 75
     1
175
     1
 42
1.0
 92
        9
 66
     7
 43
1.0
 76
     1
 77
     6
 78
     2
 67
     7
 79
     5
170
     0
171
     0
290
     0
174
     0
 93
        1
 44
0.0
173
     0
291
     1
 45
0.0
1001
ACAD
1000
AcDbSavedByObjectVersion
1070
     0
  0
VISUALSTYLE
  5
33
102
{ACAD_REACTORS
330
2A
102
}
102
{ACAD_XDICTIONARY
360
97
102
}
330
2A
100
AcDbVisualStyle
  2
Realistic
 70
     8
 71
     2
 72
     3
 73
     0
 90
        2
 40
0.6
 41
30.0
 62
     5
 63
     7
421
 16777215
 74
     0
 91
        0
 64
     7
 65
   257
 75
     1
175
     1
 42
1.0
 92
        8
 66
   257
 43
1.0
 76
     1
 77
     6
 78
     2
 67
     7
 79
     3
170
     0
171
     0
290
     0
174
     0
 93
       13
 44
0.0
173
     0
291
     0
 45
0.0
1001
ACAD
1000
AcDbSavedByObjectVersion
1070
     0
  0
VISUALSTYLE
  5
42
102
{ACAD_REACTORS
330
2A
102
}
102
{ACAD_XDICTIONARY
360
B5
102
}
330
2A
100
AcDbVisualStyle
  2
Shaded
 70
    27
 71
     2
 72
     2
 73
     1
 90
        2
 40
0.6
 41
30.0
 62
     5
 63
     7
421
 16777215
 74
     0
 91
        4
 64
     7
 65
   257
 75
     1
175
     1
 42
1.0
 92
        8
 66
   257
 43
1.0
 76
     1
 77
     6
 78
     2
 67
     8
425
  7895160
 79
     3
170
     0
171
     0
290
     0
174
     0
 93
        5
 44
0.0
173
     0
291
     0
 45
0.0
1001
ACAD
1000
AcDbSavedByObjectVersion
1070
     0
  0
VISUALSTYLE
  5
41
102
{ACAD_REACTORS
330
2A
102
}
102
{ACAD_XDICTIONARY
360
B3
102
}
330
2A
100
AcDbVisualStyle
  2
Shaded with edges
 70
    26
 71
     2
 72
     2
 73
     1
 90
        2
 40
0.6
 41
30.0
 62
     5
 63
     7
421
 16777215
 74
     1
 91
       10
 64
     7
 65
   257
 75
     2
175
     1
 42
1.0
 92
        8
 66
   257
 43
1.0
 76
     1
 77
     6
 78
     2
 67
     7
 79
     3
170
     0
171
     0
290
     0
174
     0
 93
        5
 44
0.0
173
     0
291
     0
 45
0.0
1001
ACAD
1000
AcDbSavedByObjectVersion
1070
     0
  0
VISUALSTYLE
  5
3E
102
{ACAD_REACTORS
330
2A
102
}
102
{ACAD_XDICTIONARY
360
AD
102
}
330
2A
100
AcDbVisualStyle
  2
Shades of Gray
 70
    23
 71
     2
 72
     2
 73
     3
 90
        0
 40
0.6
 41
30.0
 62
     5
 63
     7
421
 16777215
 74
     2
 91
        2
 64
     7
 65
     7
 75
     1
175
     1
 42
40.0
 92
        8
 66
     7
 43
1.0
 76
     1
 77
     6
 78
     2
 67
     7
 79
     3
170
     0
171
     0
290
     0
174
     0
 93
        1
 44
0.0
173
     0
291
     0
 45
0.0
1001
ACAD
1000
AcDbSavedByObjectVersion
1070
     0
  0
VISUALSTYLE
  5
3F
102
{ACAD_REACTORS
330
2A
102
}
102
{ACAD_XDICTIONARY
360
AF
102
}
330
2A
100
AcDbVisualStyle
  2
Sketchy
 70
    24
 71
     1
 72
     2
 73
     2
 90
        0
 40
0.6
 41
30.0
 62
     5
 63
     7
421
 16777215
 74
     2
 91
        2
 64
     7
 65
     7
 75
     1
175
     1
 42
40.0
 92
       11
 66
     7
 43
1.0
 76
     1
 77
     6
 78
     2
 67
     7
 79
     6
170
     0
171
     0
290
     0
174
     0
 93
        1
 44
0.0
173
     0
291
     0
 45
0.0
1001
ACAD
1000
AcDbSavedByObjectVersion
1070
     0
  0
VISUALSTYLE
  5
37
102
{ACAD_REACTORS
330
2A
102
}
102
{ACAD_XDICTIONARY
360
9F
102
}
330
2A
100
AcDbVisualStyle
  2
Thicken
 70
    13
 71
     2
 72
     2
 73
     0
 90
        0
 40
0.6
 41
30.0
 62
     5
 63
     7
421
 16777215
 74
     1
 91
        4
 64
     7
 65
   257
 75
     1
175
     1
 42
1.0
 92
       12
 66
     7
 43
1.0
 76
     1
 77
     6
 78
     2
 67
     7
 79
     5
170
     0
171
     0
290
     0
174
     0
 93
        1
 44
0.0
173
     0
291
     1
 45
0.0
1001
ACAD
1000
AcDbSavedByObjectVersion
1070
     0
  0
VISUALSTYLE
  5
30
102
{ACAD_REACTORS
330
2A
102
}
102
{ACAD_XDICTIONARY
360
91
102
}
330
2A
100
AcDbVisualStyle
  2
Wireframe
 70
     5
 71
     0
 72
     2
 73
     0
 90
        0
 40
0.6
 41
30.0
 62
     5
 63
     7
421
 16777215
 74
     1
 91
        4
 64
     7
 65
   257
 75
     1
175
     1
 42
1.0
 92
        0
 66
   257
 43
1.0
 76
     1
 77
     6
 78
     2
 67
     7
 79
     3
170
     0
171
     0
290
     0
174
     0
 93
        1
 44
0.0
173
     0
291
     0
 45
0.0
1001
ACAD
1000
AcDbSavedByObjectVersion
1070
     0
  0
VISUALSTYLE
  5
40
102
{ACAD_REACTORS
330
2A
102
}
102
{ACAD_XDICTIONARY
360
B1
102
}
330
2A
100
AcDbVisualStyle
  2
X-Ray
 70
    25
 71
     2
 72
     2
 73
     1
 90
        1
 40
0.5
 41
30.0
 62
     5
 63
     7
421
 16777215
 74
     1
 91
        0
 64
     7
 65
   257
 75
     1
175
     1
 42
1.0
 92
        8
 66
     7
 43
1.0
 76
     1
 77
     6
 78
     2
 67
     7
 79
     3
170
     0
171
     0
290
     0
174
     0
 93
       13
 44
0.0
173
     0
291
     0
 45
0.0
1001
ACAD
1000
AcDbSavedByObjectVersion
1070
     0
  0
DICTIONARYVAR
  5
84
102
{ACAD_REACTORS
330
83
102
}
330
83
100
DictionaryVariables
280
     0
  1
1:1
  0
DICTIONARYVAR
  5
C5
102
{ACAD_REACTORS
330
83
102
}
330
83
100
DictionaryVariables
280
     0
  1
Standard
  0
DICTIONARYVAR
  5
C4
102
{ACAD_REACTORS
330
83
102
}
330
83
100
DictionaryVariables
280
     0
  1
Standard
  0
DICTIONARYVAR
  5
85
102
{ACAD_REACTORS
330
83
102
}
330
83
100
DictionaryVariables
280
     0
  1
1
  0
DICTIONARYVAR
  5
86
102
{ACAD_REACTORS
330
83
102
}
330
83
100
DictionaryVariables
280
     0
  1
2
  0
DICTIONARY
  5
B9
330
45
100
AcDbDictionary
280
     1
281
     1
  3
ACAD_XREC_ROUNDTRIP
360
BA
  0
DICTIONARY
  5
B7
330
44
100
AcDbDictionary
280
     1
281
     1
  3
ACAD_XREC_ROUNDTRIP
360
B8
  0
DICTIONARY
  5
BB
330
46
100
AcDbDictionary
280
     1
281
     1
  3
ACAD_XREC_ROUNDTRIP
360
BC
  0
DICTIONARY
  5
C1
330
5C
100
AcDbDictionary
280
     1
281
     1
  3
ACAD_XREC_ROUNDTRIP
360
C2
  0
DICTIONARY
  5
BD
330
5A
100
AcDbDictionary
280
     1
281
     1
  3
ACAD_ROUNDTRIP_2008_TABLESTYLE_CELLSTYLEMAP
360
BF
  3
ACAD_XREC_ROUNDTRIP
360
BE
  0
DICTIONARY
  5
8F
330
2F
100
AcDbDictionary
280
     1
281
     1
  3
ACAD_XREC_ROUNDTRIP
360
90
  0
DICTIONARY
  5
95
330
32
100
AcDbDictionary
280
     1
281
     1
  3
ACAD_XREC_ROUNDTRIP
360
96
  0
DICTIONARY
  5
9D
330
36
100
AcDbDictionary
280
     1
281
     1
  3
ACAD_XREC_ROUNDTRIP
360
9E
  0
DICTIONARY
  5
A5
330
3A
100
AcDbDictionary
280
     1
281
     1
  3
ACAD_XREC_ROUNDTRIP
360
A6
  0
DICTIONARY
  5
99
330
34
100
AcDbDictionary
280
     1
281
     1
  3
ACAD_XREC_ROUNDTRIP
360
9A
  0
DICTIONARY
  5
9B
330
35
100
AcDbDictionary
280
     1
281
     1
  3
ACAD_XREC_ROUNDTRIP
360
9C
  0
DICTIONARY
  5
AB
330
3D
100
AcDbDictionary
280
     1
281
     1
  3
ACAD_XREC_ROUNDTRIP
360
AC
  0
DICTIONARY
  5
A3
330
39
100
AcDbDictionary
280
     1
281
     1
  3
ACAD_XREC_ROUNDTRIP
360
A4
  0
DICTIONARY
  5
87
330
2B
100
AcDbDictionary
280
     1
281
     1
  3
ACAD_XREC_ROUNDTRIP
360
88
  0
DICTIONARY
  5
89
330
2C
100
AcDbDictionary
280
     1
281
     1
  3
ACAD_XREC_ROUNDTRIP
360
8A
  0
DICTIONARY
  5
8B
330
2D
100
AcDbDictionary
280
     1
281
     1
  3
ACAD_XREC_ROUNDTRIP
360
8C
  0
DICTIONARY
  5
8D
330
2E
100
AcDbDictionary
280
     1
281
     1
  3
ACAD_XREC_ROUNDTRIP
360
8E
  0
DICTIONARY
  5
93
330
31
100
AcDbDictionary
280
     1
281
     1
  3
ACAD_XREC_ROUNDTRIP
360
94
  0
DICTIONARY
  5
A7
330
3B
100
AcDbDictionary
280
     1
281
     1
  3
ACAD_XREC_ROUNDTRIP
360
A8
  0
DICTIONARY
  5
A1
330
38
100
AcDbDictionary
280
     1
281
     1
  3
ACAD_XREC_ROUNDTRIP
360
A2
  0
DICTIONARY
  5
A9
330
3C
100
AcDbDictionary
280
     1
281
     1
  3
ACAD_XREC_ROUNDTRIP
360
AA
  0
DICTIONARY
  5
97
330
33
100
AcDbDictionary
280
     1
281
     1
  3
ACAD_XREC_ROUNDTRIP
360
98
  0
DICTIONARY
  5
B5
330
42
100
AcDbDictionary
280
     1
281
     1
  3
ACAD_XREC_ROUNDTRIP
360
B6
  0
DICTIONARY
  5
B3
330
41
100
AcDbDictionary
280
     1
281
     1
  3
ACAD_XREC_ROUNDTRIP
360
B4
  0
DICTIONARY
  5
AD
330
3E
100
AcDbDictionary
280
     1
281
     1
  3
ACAD_XREC_ROUNDTRIP
360
AE
  0
DICTIONARY
  5
AF
330
3F
100
AcDbDictionary
280
     1
281
     1
  3
ACAD_XREC_ROUNDTRIP
360
B0
  0
DICTIONARY
  5
9F
330
37
100
AcDbDictionary
280
     1
281
     1
  3
ACAD_XREC_ROUNDTRIP
360
A0
  0
DICTIONARY
  5
91
330
30
100
AcDbDictionary
280
     1
281
     1
  3
ACAD_XREC_ROUNDTRIP
360
92
  0
DICTIONARY
  5
B1
330
40
100
AcDbDictionary
280
     1
281
     1
  3
ACAD_XREC_ROUNDTRIP
360
B2
  0
XRECORD
  5
BA
102
{ACAD_REACTORS
330
B9
102
}
330
B9
100
AcDbXrecord
280
     1
102
MATERIAL
148
0.0
149
0.0
149
0.0
 93
        0
 94
      127
282
     0
 72
     1
 77
     1
171
     1
175
     1
179
     1
273
     0
  0
XRECORD
  5
B8
102
{ACAD_REACTORS
330
B7
102
}
330
B7
100
AcDbXrecord
280
     1
102
MATERIAL
148
0.0
149
0.0
149
0.0
 93
        0
 94
      127
282
     0
 72
     1
 77
     1
171
     1
175
     1
179
     1
273
     0
  0
XRECORD
  5
BC
102
{ACAD_REACTORS
330
BB
102
}
330
BB
100
AcDbXrecord
280
     1
102
MATERIAL
148
0.0
149
0.0
149
0.0
 93
        0
 94
      127
282
     0
 72
     1
 77
     1
171
     1
175
     1
179
     1
273
     0
  0
XRECORD
  5
C2
102
{ACAD_REACTORS
330
C1
102
}
330
C1
100
AcDbXrecord
280
     1
102
ACAD_ROUNDTRIP_2010_MLEADER_STYLE
  0
CELLSTYLEMAP
  5
BF
102
{ACAD_REACTORS
330
BD
102
}
330
BD
100
AcDbCellStyleMap
 90
        3
300
CELLSTYLE
  1
TABLEFORMAT_BEGIN
 90
        5
170
     1
 91
        0
 92
    32768
 62
   257
 93
        1
300
CONTENTFORMAT
  1
CONTENTFORMAT_BEGIN
 90
        0
 91
        0
 92
        4
 93
        0
300

 40
0.0
140
1.0
 94
        5
 62
     0
340
11
144
0.25
309
CONTENTFORMAT_END
171
     1
301
MARGIN
  1
CELLMARGIN_BEGIN
 40
0.06
 40
0.06
 40
0.06
 40
0.06
 40
0.06
 40
0.06
309
CELLMARGIN_END
 94
        6
 95
        1
302
GRIDFORMAT
  1
GRIDFORMAT_BEGIN
 90
        0
 91
        1
 62
     0
 92
       -2
340
14
 93
        0
 40
0.045
309
GRIDFORMAT_END
 95
        2
302
GRIDFORMAT
  1
GRIDFORMAT_BEGIN
 90
        0
 91
        1
 62
     0
 92
       -2
340
14
 93
        0
 40
0.045
309
GRIDFORMAT_END
 95
        4
302
GRIDFORMAT
  1
GRIDFORMAT_BEGIN
 90
        0
 91
        1
 62
     0
 92
       -2
340
14
 93
        0
 40
0.045
309
GRIDFORMAT_END
 95
        8
302
GRIDFORMAT
  1
GRIDFORMAT_BEGIN
 90
        0
 91
        1
 62
     0
 92
       -2
340
14
 93
        0
 40
0.045
309
GRIDFORMAT_END
 95
       16
302
GRIDFORMAT
  1
GRIDFORMAT_BEGIN
 90
        0
 91
        1
 62
     0
 92
       -2
340
14
 93
        0
 40
0.045
309
GRIDFORMAT_END
 95
       32
302
GRIDFORMAT
  1
GRIDFORMAT_BEGIN
 90
        0
 91
        1
 62
     0
 92
       -2
340
14
 93
        0
 40
0.045
309
GRIDFORMAT_END
309
TABLEFORMAT_END
  1
CELLSTYLE_BEGIN
 90
        1
 91
        1
300
_TITLE
309
CELLSTYLE_END
300
CELLSTYLE
  1
TABLEFORMAT_BEGIN
 90
        5
170
     1
 91
        0
 92
        0
 62
   257
 93
        1
300
CONTENTFORMAT
  1
CONTENTFORMAT_BEGIN
 90
        0
 91
        0
 92
        4
 93
        0
300

 40
0.0
140
1.0
 94
        5
 62
     0
340
11
144
0.18
309
CONTENTFORMAT_END
171
     1
301
MARGIN
  1
CELLMARGIN_BEGIN
 40
0.06
 40
0.06
 40
0.06
 40
0.06
 40
0.06
 40
0.06
309
CELLMARGIN_END
 94
        6
 95
        1
302
GRIDFORMAT
  1
GRIDFORMAT_BEGIN
 90
        0
 91
        1
 62
     0
 92
       -2
340
14
 93
        0
 40
0.045
309
GRIDFORMAT_END
 95
        2
302
GRIDFORMAT
  1
GRIDFORMAT_BEGIN
 90
        0
 91
        1
 62
     0
 92
       -2
340
14
 93
        0
 40
0.045
309
GRIDFORMAT_END
 95
        4
302
GRIDFORMAT
  1
GRIDFORMAT_BEGIN
 90
        0
 91
        1
 62
     0
 92
       -2
340
14
 93
        0
 40
0.045
309
GRIDFORMAT_END
 95
        8
302
GRIDFORMAT
  1
GRIDFORMAT_BEGIN
 90
        0
 91
        1
 62
     0
 92
       -2
340
14
 93
        0
 40
0.045
309
GRIDFORMAT_END
 95
       16
302
GRIDFORMAT
  1
GRIDFORMAT_BEGIN
 90
        0
 91
        1
 62
     0
 92
       -2
340
14
 93
        0
 40
0.045
309
GRIDFORMAT_END
 95
       32
302
GRIDFORMAT
  1
GRIDFORMAT_BEGIN
 90
        0
 91
        1
 62
     0
 92
       -2
340
14
 93
        0
 40
0.045
309
GRIDFORMAT_END
309
TABLEFORMAT_END
  1
CELLSTYLE_BEGIN
 90
        2
 91
        1
300
_HEADER
309
CELLSTYLE_END
300
CELLSTYLE
  1
TABLEFORMAT_BEGIN
 90
        5
170
     1
 91
        0
 92
        0
 62
   257
 93
        1
300
CONTENTFORMAT
  1
CONTENTFORMAT_BEGIN
 90
        0
 91
        0
 92
        4
 93
        0
300

 40
0.0
140
1.0
 94
        2
 62
     0
340
11
144
0.18
309
CONTENTFORMAT_END
171
     1
301
MARGIN
  1
CELLMARGIN_BEGIN
 40
0.06
 40
0.06
 40
0.06
 40
0.06
 40
0.06
 40
0.06
309
CELLMARGIN_END
 94
        6
 95
        1
302
GRIDFORMAT
  1
GRIDFORMAT_BEGIN
 90
        0
 91
        1
 62
     0
 92
       -2
340
14
 93
        0
 40
0.045
309
GRIDFORMAT_END
 95
        2
302
GRIDFORMAT
  1
GRIDFORMAT_BEGIN
 90
        0
 91
        1
 62
     0
 92
       -2
340
14
 93
        0
 40
0.045
309
GRIDFORMAT_END
 95
        4
302
GRIDFORMAT
  1
GRIDFORMAT_BEGIN
 90
        0
 91
        1
 62
     0
 92
       -2
340
14
 93
        0
 40
0.045
309
GRIDFORMAT_END
 95
        8
302
GRIDFORMAT
  1
GRIDFORMAT_BEGIN
 90
        0
 91
        1
 62
     0
 92
       -2
340
14
 93
        0
 40
0.045
309
GRIDFORMAT_END
 95
       16
302
GRIDFORMAT
  1
GRIDFORMAT_BEGIN
 90
        0
 91
        1
 62
     0
 92
       -2
340
14
 93
        0
 40
0.045
309
GRIDFORMAT_END
 95
       32
302
GRIDFORMAT
  1
GRIDFORMAT_BEGIN
 90
        0
 91
        1
 62
     0
 92
       -2
340
14
 93
        0
 40
0.045
309
GRIDFORMAT_END
309
TABLEFORMAT_END
  1
CELLSTYLE_BEGIN
 90
        3
 91
        2
300
_DATA
309
CELLSTYLE_END
  0
XRECORD
  5
BE
102
{ACAD_REACTORS
330
BD
102
}
330
BD
100
AcDbXrecord
280
     1
102
ACAD_ROUNDTRIP_PRE2007_TABLESTYLE
 90
        4
 91
        0
  1

 92
        4
 93
        0
  2

 94
        4
 95
        0
  3

  0
XRECORD
  5
90
102
{ACAD_REACTORS
330
8F
102
}
330
8F
100
AcDbXrecord
280
     1
102
RTVSPropertyOp0
 70
     1
102
RTVSPropertyOp1
 70
     1
102
RTVSPropertyOp2
 70
     1
102
RTVSPropertyOp3
 70
     1
102
RTVSPropertyOp4
 70
     1
102
RTVSPropertyOp5
 70
     1
102
RTVSPropertyOp6
 70
     1
102
RTVSPropertyOp7
 70
     1
102
RTVSPropertyOp8
 70
     1
102
RTVSPropertyOp9
 70
     1
102
RTVSPropertyOp10
 70
     1
102
RTVSPropertyOp11
 70
     1
102
RTVSPropertyOp12
 70
     1
102
RTVSPropertyOp13
 70
     1
102
RTVSPropertyOp14
 70
     1
102
RTVSPropertyOp15
 70
     1
102
RTVSPropertyOp16
 70
     1
102
RTVSPropertyOp17
 70
     1
102
RTVSPropertyOp18
 70
     1
102
RTVSPropertyOp19
 70
     1
102
RTVSPropertyOp20
 70
     1
102
RTVSPropertyOp21
 70
     1
102
RTVSPropertyOp22
 70
     1
102
RTVSPropertyOp23
 70
     1
102
RTVSPropertyOp24
 70
     1
102
RTVSPropertyOp25
 70
     1
102
RTVSPropertyOp26
 70
     1
102
RTVSPropertyOp27
 70
     1
102
RTVSPropertyOp28
 70
     1
102
RTVSPropertyOp29
 70
     1
102
RTVSPropertyOp30
 70
     1
102
RTVSPropertyOp31
 70
     1
102
RTVSPropertyOp32
 70
     1
102
RTVSPropertyOp33
 70
     1
102
RTVSPropertyOp34
 70
     1
102
RTVSPropertyOp35
 70
     1
102
RTVSPropertyOp36
 70
     1
102
RTVSPropertyOp37
 70
     1
102
RTVSPropertyOp38
 70
     1
102
RTVSPropertyOp39
 70
     1
102
RTVSPropertyOp40
 70
     1
102
RTVSPropertyOp41
 70
     1
102
RTVSPropertyOp42
 70
     1
102
RTVSPropertyOp43
 70
     1
102
RTVSPropertyOp44
 70
     1
102
RTVSPropertyOp45
 70
     1
102
RTVSPropertyOp46
 70
     1
102
RTVSPropertyOp47
 70
     1
102
RTVSPropertyOp48
 70
     1
102
RTVSPropertyOp49
 70
     1
102
RTVSPropertyOp50
 70
     1
102
RTVSPropertyOp51
 70
     0
102
RTVSPropertyOp52
 70
     0
102
RTVSPropertyOp53
 70
     1
102
RTVSPropertyOp54
 70
     1
102
RTVSPropertyOp55
 70
     1
102
RTVSPropertyOp56
 70
     1
102
RTVSPropertyOp57
 70
     1
102
RTVSPost2010Prop28
280
     1
102
RTVSPost2010PropOp28
 70
     1
102
RTVSPost2010Prop29
280
     1
102
RTVSPost2010PropOp29
 70
     1
102
RTVSPost2010Prop30
280
     0
102
RTVSPost2010PropOp30
 70
     1
102
RTVSPost2010Prop31
280
     0
102
RTVSPost2010PropOp31
 70
     1
102
RTVSPost2010Prop32
280
     0
102
RTVSPost2010PropOp32
 70
     1
102
RTVSPost2010Prop33
280
     0
102
RTVSPost2010PropOp33
 70
     1
102
RTVSPost2010Prop34
280
     0
102
RTVSPost2010PropOp34
 70
     1
102
RTVSPost2010Prop35
280
     0
102
RTVSPost2010PropOp35
 70
     1
102
RTVSPost2010Prop36
280
     0
102
RTVSPost2010PropOp36
 70
     1
102
RTVSPost2010Prop37
 90
       50
102
RTVSPost2010PropOp37
 70
     1
102
RTVSPost2010Prop38
140
0.0
102
RTVSPost2010PropOp38
 70
     1
102
RTVSPost2010Prop39
140
1.0
102
RTVSPost2010PropOp39
 70
     1
102
RTVSPost2010Prop40
 90
        0
102
RTVSPost2010PropOp40
 70
     1
102
RTVSPost2010Prop41ColorIndex
 90
       18
102
RTVSPost2010Prop41ColorRGB
 90
        0
102
RTVSPost2010PropOp41
 70
     1
102
RTVSPost2010Prop42
 90
       50
102
RTVSPost2010PropOp42
 70
     1
102
RTVSPost2010Prop43
 90
        3
102
RTVSPost2010PropOp43
 70
     1
102
RTVSPost2010Prop44ColorIndex
 90
        5
102
RTVSPost2010Prop44ColorRGB
 90
      255
102
RTVSPost2010PropOp44
 70
     1
102
RTVSPost2010Prop45
280
     0
102
RTVSPost2010PropOp45
 70
     1
102
RTVSPost2010Prop46
 90
       50
102
RTVSPost2010PropOp46
 70
     1
102
RTVSPost2010Prop47
 90
       50
102
RTVSPost2010PropOp47
 70
     1
102
RTVSPost2010Prop48
 90
       50
102
RTVSPost2010PropOp48
 70
     1
102
RTVSPost2010Prop49
280
     0
102
RTVSPost2010PropOp49
 70
     1
102
RTVSPost2010Prop50
 90
       50
102
RTVSPost2010PropOp50
 70
     1
102
RTVSPost2010Prop51ColorIndex
 90
      256
102
RTVSPost2010Prop51ColorRGB
 90
-16777216
102
RTVSPost2010PropOp51
 70
     0
102
RTVSPost2010Prop52
140
1.0
102
RTVSPost2010PropOp52
 70
     0
102
RTVSPost2010Prop53
 90
        2
102
RTVSPost2010PropOp53
 70
     1
102
RTVSPost2010Prop54
  1
strokes_ogs.tif
102
RTVSPost2010PropOp54
 70
     1
102
RTVSPost2010Prop55
280
     0
102
RTVSPost2010PropOp55
 70
     1
102
RTVSPost2010Prop56
140
1.0
102
RTVSPost2010PropOp56
 70
     1
102
RTVSPost2010Prop57
140
1.0
102
RTVSPost2010PropOp57
 70
     1
  0
XRECORD
  5
96
102
{ACAD_REACTORS
330
95
102
}
330
95
100
AcDbXrecord
280
     1
102
RTVSPropertyOp0
 70
     1
102
RTVSPropertyOp1
 70
     1
102
RTVSPropertyOp2
 70
     1
102
RTVSPropertyOp3
 70
     1
102
RTVSPropertyOp4
 70
     1
102
RTVSPropertyOp5
 70
     1
102
RTVSPropertyOp6
 70
     1
102
RTVSPropertyOp7
 70
     1
102
RTVSPropertyOp8
 70
     1
102
RTVSPropertyOp9
 70
     1
102
RTVSPropertyOp10
 70
     1
102
RTVSPropertyOp11
 70
     1
102
RTVSPropertyOp12
 70
     1
102
RTVSPropertyOp13
 70
     1
102
RTVSPropertyOp14
 70
     1
102
RTVSPropertyOp15
 70
     1
102
RTVSPropertyOp16
 70
     1
102
RTVSPropertyOp17
 70
     1
102
RTVSPropertyOp18
 70
     1
102
RTVSPropertyOp19
 70
     1
102
RTVSPropertyOp20
 70
     1
102
RTVSPropertyOp21
 70
     1
102
RTVSPropertyOp22
 70
     1
102
RTVSPropertyOp23
 70
     1
102
RTVSPropertyOp24
 70
     1
102
RTVSPropertyOp25
 70
     1
102
RTVSPropertyOp26
 70
     1
102
RTVSPropertyOp27
 70
     1
102
RTVSPropertyOp28
 70
     1
102
RTVSPropertyOp29
 70
     1
102
RTVSPropertyOp30
 70
     1
102
RTVSPropertyOp31
 70
     1
102
RTVSPropertyOp32
 70
     1
102
RTVSPropertyOp33
 70
     1
102
RTVSPropertyOp34
 70
     1
102
RTVSPropertyOp35
 70
     1
102
RTVSPropertyOp36
 70
     1
102
RTVSPropertyOp37
 70
     1
102
RTVSPropertyOp38
 70
     1
102
RTVSPropertyOp39
 70
     1
102
RTVSPropertyOp40
 70
     1
102
RTVSPropertyOp41
 70
     1
102
RTVSPropertyOp42
 70
     1
102
RTVSPropertyOp43
 70
     1
102
RTVSPropertyOp44
 70
     1
102
RTVSPropertyOp45
 70
     1
102
RTVSPropertyOp46
 70
     1
102
RTVSPropertyOp47
 70
     1
102
RTVSPropertyOp48
 70
     1
102
RTVSPropertyOp49
 70
     1
102
RTVSPropertyOp50
 70
     1
102
RTVSPropertyOp51
 70
     0
102
RTVSPropertyOp52
 70
     0
102
RTVSPropertyOp53
 70
     1
102
RTVSPropertyOp54
 70
     1
102
RTVSPropertyOp55
 70
     1
102
RTVSPropertyOp56
 70
     1
102
RTVSPropertyOp57
 70
     1
102
RTVSPost2010Prop28
280
     0
102
RTVSPost2010PropOp28
 70
     1
102
RTVSPost2010Prop29
280
     1
102
RTVSPost2010PropOp29
 70
     1
102
RTVSPost2010Prop30
280
     1
102
RTVSPost2010PropOp30
 70
     1
102
RTVSPost2010Prop31
280
     0
102
RTVSPost2010PropOp31
 70
     1
102
RTVSPost2010Prop32
280
     0
102
RTVSPost2010PropOp32
 70
     1
102
RTVSPost2010Prop33
280
     0
102
RTVSPost2010PropOp33
 70
     1
102
RTVSPost2010Prop34
280
     0
102
RTVSPost2010PropOp34
 70
     1
102
RTVSPost2010Prop35
280
     0
102
RTVSPost2010PropOp35
 70
     1
102
RTVSPost2010Prop36
280
     0
102
RTVSPost2010PropOp36
 70
     1
102
RTVSPost2010Prop37
 90
       50
102
RTVSPost2010PropOp37
 70
     1
102
RTVSPost2010Prop38
140
0.0
102
RTVSPost2010PropOp38
 70
     1
102
RTVSPost2010Prop39
140
1.0
102
RTVSPost2010PropOp39
 70
     1
102
RTVSPost2010Prop40
 90
        0
102
RTVSPost2010PropOp40
 70
     1
102
RTVSPost2010Prop41ColorIndex
 90
       18
102
RTVSPost2010Prop41ColorRGB
 90
        0
102
RTVSPost2010PropOp41
 70
     1
102
RTVSPost2010Prop42
 90
       50
102
RTVSPost2010PropOp42
 70
     1
102
RTVSPost2010Prop43
 90
        3
102
RTVSPost2010PropOp43
 70
     1
102
RTVSPost2010Prop44ColorIndex
 90
        5
102
RTVSPost2010Prop44ColorRGB
 90
      255
102
RTVSPost2010PropOp44
 70
     1
102
RTVSPost2010Prop45
280
     0
102
RTVSPost2010PropOp45
 70
     1
102
RTVSPost2010Prop46
 90
       50
102
RTVSPost2010PropOp46
 70
     1
102
RTVSPost2010Prop47
 90
       50
102
RTVSPost2010PropOp47
 70
     1
102
RTVSPost2010Prop48
 90
       50
102
RTVSPost2010PropOp48
 70
     1
102
RTVSPost2010Prop49
280
     0
102
RTVSPost2010PropOp49
 70
     1
102
RTVSPost2010Prop50
 90
       50
102
RTVSPost2010PropOp50
 70
     1
102
RTVSPost2010Prop51ColorIndex
 90
      256
102
RTVSPost2010Prop51ColorRGB
 90
-16777216
102
RTVSPost2010PropOp51
 70
     0
102
RTVSPost2010Prop52
140
1.0
102
RTVSPost2010PropOp52
 70
     0
102
RTVSPost2010Prop53
 90
        2
102
RTVSPost2010PropOp53
 70
     1
102
RTVSPost2010Prop54
  1
strokes_ogs.tif
102
RTVSPost2010PropOp54
 70
     1
102
RTVSPost2010Prop55
280
     0
102
RTVSPost2010PropOp55
 70
     1
102
RTVSPost2010Prop56
140
1.0
102
RTVSPost2010PropOp56
 70
     1
102
RTVSPost2010Prop57
140
1.0
102
RTVSPost2010PropOp57
 70
     1
  0
XRECORD
  5
9E
102
{ACAD_REACTORS
330
9D
102
}
330
9D
100
AcDbXrecord
280
     1
102
RTVSPropertyOp0
 70
     1
102
RTVSPropertyOp1
 70
     1
102
RTVSPropertyOp2
 70
     1
102
RTVSPropertyOp3
 70
     1
102
RTVSPropertyOp4
 70
     1
102
RTVSPropertyOp5
 70
     1
102
RTVSPropertyOp6
 70
     1
102
RTVSPropertyOp7
 70
     1
102
RTVSPropertyOp8
 70
     1
102
RTVSPropertyOp9
 70
     1
102
RTVSPropertyOp10
 70
     1
102
RTVSPropertyOp11
 70
     1
102
RTVSPropertyOp12
 70
     1
102
RTVSPropertyOp13
 70
     1
102
RTVSPropertyOp14
 70
     1
102
RTVSPropertyOp15
 70
     1
102
RTVSPropertyOp16
 70
     1
102
RTVSPropertyOp17
 70
     1
102
RTVSPropertyOp18
 70
     1
102
RTVSPropertyOp19
 70
     1
102
RTVSPropertyOp20
 70
     1
102
RTVSPropertyOp21
 70
     1
102
RTVSPropertyOp22
 70
     1
102
RTVSPropertyOp23
 70
     1
102
RTVSPropertyOp24
 70
     1
102
RTVSPropertyOp25
 70
     1
102
RTVSPropertyOp26
 70
     1
102
RTVSPropertyOp27
 70
     1
102
RTVSPropertyOp28
 70
     1
102
RTVSPropertyOp29
 70
     1
102
RTVSPropertyOp30
 70
     1
102
RTVSPropertyOp31
 70
     1
102
RTVSPropertyOp32
 70
     1
102
RTVSPropertyOp33
 70
     1
102
RTVSPropertyOp34
 70
     1
102
RTVSPropertyOp35
 70
     1
102
RTVSPropertyOp36
 70
     1
102
RTVSPropertyOp37
 70
     1
102
RTVSPropertyOp38
 70
     1
102
RTVSPropertyOp39
 70
     1
102
RTVSPropertyOp40
 70
     1
102
RTVSPropertyOp41
 70
     1
102
RTVSPropertyOp42
 70
     1
102
RTVSPropertyOp43
 70
     1
102
RTVSPropertyOp44
 70
     1
102
RTVSPropertyOp45
 70
     1
102
RTVSPropertyOp46
 70
     1
102
RTVSPropertyOp47
 70
     1
102
RTVSPropertyOp48
 70
     1
102
RTVSPropertyOp49
 70
     1
102
RTVSPropertyOp50
 70
     1
102
RTVSPropertyOp51
 70
     0
102
RTVSPropertyOp52
 70
     0
102
RTVSPropertyOp53
 70
     1
102
RTVSPropertyOp54
 70
     1
102
RTVSPropertyOp55
 70
     1
102
RTVSPropertyOp56
 70
     1
102
RTVSPropertyOp57
 70
     1
102
RTVSPost2010Prop28
280
     0
102
RTVSPost2010PropOp28
 70
     1
102
RTVSPost2010Prop29
280
     1
102
RTVSPost2010PropOp29
 70
     1
102
RTVSPost2010Prop30
280
     1
102
RTVSPost2010PropOp30
 70
     1
102
RTVSPost2010Prop31
280
     0
102
RTVSPost2010PropOp31
 70
     1
102
RTVSPost2010Prop32
280
     0
102
RTVSPost2010PropOp32
 70
     1
102
RTVSPost2010Prop33
280
     0
102
RTVSPost2010PropOp33
 70
     1
102
RTVSPost2010Prop34
280
     0
102
RTVSPost2010PropOp34
 70
     1
102
RTVSPost2010Prop35
280
     0
102
RTVSPost2010PropOp35
 70
     1
102
RTVSPost2010Prop36
280
     0
102
RTVSPost2010PropOp36
 70
     1
102
RTVSPost2010Prop37
 90
       50
102
RTVSPost2010PropOp37
 70
     1
102
RTVSPost2010Prop38
140
0.0
102
RTVSPost2010PropOp38
 70
     1
102
RTVSPost2010Prop39
140
1.0
102
RTVSPost2010PropOp39
 70
     1
102
RTVSPost2010Prop40
 90
        0
102
RTVSPost2010PropOp40
 70
     1
102
RTVSPost2010Prop41ColorIndex
 90
       18
102
RTVSPost2010Prop41ColorRGB
 90
        0
102
RTVSPost2010PropOp41
 70
     1
102
RTVSPost2010Prop42
 90
       50
102
RTVSPost2010PropOp42
 70
     1
102
RTVSPost2010Prop43
 90
        3
102
RTVSPost2010PropOp43
 70
     1
102
RTVSPost2010Prop44ColorIndex
 90
        5
102
RTVSPost2010Prop44ColorRGB
 90
      255
102
RTVSPost2010PropOp44
 70
     1
102
RTVSPost2010Prop45
280
     0
102
RTVSPost2010PropOp45
 70
     1
102
RTVSPost2010Prop46
 90
       50
102
RTVSPost2010PropOp46
 70
     1
102
RTVSPost2010Prop47
 90
       50
102
RTVSPost2010PropOp47
 70
     1
102
RTVSPost2010Prop48
 90
       50
102
RTVSPost2010PropOp48
 70
     1
102
RTVSPost2010Prop49
280
     0
102
RTVSPost2010PropOp49
 70
     1
102
RTVSPost2010Prop50
 90
       50
102
RTVSPost2010PropOp50
 70
     1
102
RTVSPost2010Prop51ColorIndex
 90
      256
102
RTVSPost2010Prop51ColorRGB
 90
-16777216
102
RTVSPost2010PropOp51
 70
     0
102
RTVSPost2010Prop52
140
1.0
102
RTVSPost2010PropOp52
 70
     0
102
RTVSPost2010Prop53
 90
        2
102
RTVSPost2010PropOp53
 70
     1
102
RTVSPost2010Prop54
  1
strokes_ogs.tif
102
RTVSPost2010PropOp54
 70
     1
102
RTVSPost2010Prop55
280
     0
102
RTVSPost2010PropOp55
 70
     1
102
RTVSPost2010Prop56
140
1.0
102
RTVSPost2010PropOp56
 70
     1
102
RTVSPost2010Prop57
140
1.0
102
RTVSPost2010PropOp57
 70
     1
  0
XRECORD
  5
A6
102
{ACAD_REACTORS
330
A5
102
}
330
A5
100
AcDbXrecord
280
     1
102
RTVSPropertyOp0
 70
     1
102
RTVSPropertyOp1
 70
     1
102
RTVSPropertyOp2
 70
     1
102
RTVSPropertyOp3
 70
     1
102
RTVSPropertyOp4
 70
     1
102
RTVSPropertyOp5
 70
     1
102
RTVSPropertyOp6
 70
     1
102
RTVSPropertyOp7
 70
     1
102
RTVSPropertyOp8
 70
     1
102
RTVSPropertyOp9
 70
     1
102
RTVSPropertyOp10
 70
     1
102
RTVSPropertyOp11
 70
     1
102
RTVSPropertyOp12
 70
     1
102
RTVSPropertyOp13
 70
     1
102
RTVSPropertyOp14
 70
     1
102
RTVSPropertyOp15
 70
     1
102
RTVSPropertyOp16
 70
     1
102
RTVSPropertyOp17
 70
     1
102
RTVSPropertyOp18
 70
     1
102
RTVSPropertyOp19
 70
     1
102
RTVSPropertyOp20
 70
     1
102
RTVSPropertyOp21
 70
     1
102
RTVSPropertyOp22
 70
     1
102
RTVSPropertyOp23
 70
     1
102
RTVSPropertyOp24
 70
     1
102
RTVSPropertyOp25
 70
     1
102
RTVSPropertyOp26
 70
     1
102
RTVSPropertyOp27
 70
     1
102
RTVSPropertyOp28
 70
     1
102
RTVSPropertyOp29
 70
     1
102
RTVSPropertyOp30
 70
     1
102
RTVSPropertyOp31
 70
     1
102
RTVSPropertyOp32
 70
     1
102
RTVSPropertyOp33
 70
     1
102
RTVSPropertyOp34
 70
     1
102
RTVSPropertyOp35
 70
     1
102
RTVSPropertyOp36
 70
     1
102
RTVSPropertyOp37
 70
     1
102
RTVSPropertyOp38
 70
     1
102
RTVSPropertyOp39
 70
     1
102
RTVSPropertyOp40
 70
     1
102
RTVSPropertyOp41
 70
     1
102
RTVSPropertyOp42
 70
     1
102
RTVSPropertyOp43
 70
     1
102
RTVSPropertyOp44
 70
     1
102
RTVSPropertyOp45
 70
     1
102
RTVSPropertyOp46
 70
     1
102
RTVSPropertyOp47
 70
     1
102
RTVSPropertyOp48
 70
     1
102
RTVSPropertyOp49
 70
     1
102
RTVSPropertyOp50
 70
     1
102
RTVSPropertyOp51
 70
     0
102
RTVSPropertyOp52
 70
     0
102
RTVSPropertyOp53
 70
     1
102
RTVSPropertyOp54
 70
     1
102
RTVSPropertyOp55
 70
     1
102
RTVSPropertyOp56
 70
     1
102
RTVSPropertyOp57
 70
     1
102
RTVSPost2010Prop28
280
     0
102
RTVSPost2010PropOp28
 70
     1
102
RTVSPost2010Prop29
280
     1
102
RTVSPost2010PropOp29
 70
     1
102
RTVSPost2010Prop30
280
     1
102
RTVSPost2010PropOp30
 70
     1
102
RTVSPost2010Prop31
280
     0
102
RTVSPost2010PropOp31
 70
     1
102
RTVSPost2010Prop32
280
     0
102
RTVSPost2010PropOp32
 70
     1
102
RTVSPost2010Prop33
280
     0
102
RTVSPost2010PropOp33
 70
     1
102
RTVSPost2010Prop34
280
     0
102
RTVSPost2010PropOp34
 70
     1
102
RTVSPost2010Prop35
280
     0
102
RTVSPost2010PropOp35
 70
     1
102
RTVSPost2010Prop36
280
     0
102
RTVSPost2010PropOp36
 70
     1
102
RTVSPost2010Prop37
 90
       50
102
RTVSPost2010PropOp37
 70
     1
102
RTVSPost2010Prop38
140
0.0
102
RTVSPost2010PropOp38
 70
     1
102
RTVSPost2010Prop39
140
1.0
102
RTVSPost2010PropOp39
 70
     1
102
RTVSPost2010Prop40
 90
        0
102
RTVSPost2010PropOp40
 70
     1
102
RTVSPost2010Prop41ColorIndex
 90
       18
102
RTVSPost2010Prop41ColorRGB
 90
        0
102
RTVSPost2010PropOp41
 70
     1
102
RTVSPost2010Prop42
 90
       50
102
RTVSPost2010PropOp42
 70
     1
102
RTVSPost2010Prop43
 90
        3
102
RTVSPost2010PropOp43
 70
     1
102
RTVSPost2010Prop44ColorIndex
 90
        5
102
RTVSPost2010Prop44ColorRGB
 90
      255
102
RTVSPost2010PropOp44
 70
     1
102
RTVSPost2010Prop45
280
     0
102
RTVSPost2010PropOp45
 70
     1
102
RTVSPost2010Prop46
 90
       50
102
RTVSPost2010PropOp46
 70
     1
102
RTVSPost2010Prop47
 90
       50
102
RTVSPost2010PropOp47
 70
     1
102
RTVSPost2010Prop48
 90
       50
102
RTVSPost2010PropOp48
 70
     1
102
RTVSPost2010Prop49
280
     0
102
RTVSPost2010PropOp49
 70
     1
102
RTVSPost2010Prop50
 90
       50
102
RTVSPost2010PropOp50
 70
     1
102
RTVSPost2010Prop51ColorIndex
 90
      256
102
RTVSPost2010Prop51ColorRGB
 90
-16777216
102
RTVSPost2010PropOp51
 70
     0
102
RTVSPost2010Prop52
140
1.0
102
RTVSPost2010PropOp52
 70
     0
102
RTVSPost2010Prop53
 90
        2
102
RTVSPost2010PropOp53
 70
     1
102
RTVSPost2010Prop54
  1
strokes_ogs.tif
102
RTVSPost2010PropOp54
 70
     1
102
RTVSPost2010Prop55
280
     0
102
RTVSPost2010PropOp55
 70
     1
102
RTVSPost2010Prop56
140
1.0
102
RTVSPost2010PropOp56
 70
     1
102
RTVSPost2010Prop57
140
1.0
102
RTVSPost2010PropOp57
 70
     1
  0
XRECORD
  5
9A
102
{ACAD_REACTORS
330
99
102
}
330
99
100
AcDbXrecord
280
     1
102
RTVSPropertyOp0
 70
     1
102
RTVSPropertyOp1
 70
     1
102
RTVSPropertyOp2
 70
     1
102
RTVSPropertyOp3
 70
     1
102
RTVSPropertyOp4
 70
     1
102
RTVSPropertyOp5
 70
     1
102
RTVSPropertyOp6
 70
     1
102
RTVSPropertyOp7
 70
     1
102
RTVSPropertyOp8
 70
     1
102
RTVSPropertyOp9
 70
     1
102
RTVSPropertyOp10
 70
     1
102
RTVSPropertyOp11
 70
     1
102
RTVSPropertyOp12
 70
     1
102
RTVSPropertyOp13
 70
     1
102
RTVSPropertyOp14
 70
     1
102
RTVSPropertyOp15
 70
     1
102
RTVSPropertyOp16
 70
     1
102
RTVSPropertyOp17
 70
     1
102
RTVSPropertyOp18
 70
     1
102
RTVSPropertyOp19
 70
     1
102
RTVSPropertyOp20
 70
     1
102
RTVSPropertyOp21
 70
     1
102
RTVSPropertyOp22
 70
     1
102
RTVSPropertyOp23
 70
     1
102
RTVSPropertyOp24
 70
     1
102
RTVSPropertyOp25
 70
     1
102
RTVSPropertyOp26
 70
     1
102
RTVSPropertyOp27
 70
     1
102
RTVSPropertyOp28
 70
     1
102
RTVSPropertyOp29
 70
     1
102
RTVSPropertyOp30
 70
     1
102
RTVSPropertyOp31
 70
     1
102
RTVSPropertyOp32
 70
     1
102
RTVSPropertyOp33
 70
     1
102
RTVSPropertyOp34
 70
     1
102
RTVSPropertyOp35
 70
     1
102
RTVSPropertyOp36
 70
     1
102
RTVSPropertyOp37
 70
     1
102
RTVSPropertyOp38
 70
     1
102
RTVSPropertyOp39
 70
     1
102
RTVSPropertyOp40
 70
     1
102
RTVSPropertyOp41
 70
     1
102
RTVSPropertyOp42
 70
     1
102
RTVSPropertyOp43
 70
     1
102
RTVSPropertyOp44
 70
     1
102
RTVSPropertyOp45
 70
     1
102
RTVSPropertyOp46
 70
     1
102
RTVSPropertyOp47
 70
     1
102
RTVSPropertyOp48
 70
     1
102
RTVSPropertyOp49
 70
     1
102
RTVSPropertyOp50
 70
     1
102
RTVSPropertyOp51
 70
     0
102
RTVSPropertyOp52
 70
     0
102
RTVSPropertyOp53
 70
     1
102
RTVSPropertyOp54
 70
     1
102
RTVSPropertyOp55
 70
     1
102
RTVSPropertyOp56
 70
     1
102
RTVSPropertyOp57
 70
     1
102
RTVSPost2010Prop28
280
     0
102
RTVSPost2010PropOp28
 70
     1
102
RTVSPost2010Prop29
280
     1
102
RTVSPost2010PropOp29
 70
     1
102
RTVSPost2010Prop30
280
     1
102
RTVSPost2010PropOp30
 70
     1
102
RTVSPost2010Prop31
280
     0
102
RTVSPost2010PropOp31
 70
     1
102
RTVSPost2010Prop32
280
     0
102
RTVSPost2010PropOp32
 70
     1
102
RTVSPost2010Prop33
280
     0
102
RTVSPost2010PropOp33
 70
     1
102
RTVSPost2010Prop34
280
     0
102
RTVSPost2010PropOp34
 70
     1
102
RTVSPost2010Prop35
280
     0
102
RTVSPost2010PropOp35
 70
     1
102
RTVSPost2010Prop36
280
     0
102
RTVSPost2010PropOp36
 70
     1
102
RTVSPost2010Prop37
 90
       50
102
RTVSPost2010PropOp37
 70
     1
102
RTVSPost2010Prop38
140
0.0
102
RTVSPost2010PropOp38
 70
     1
102
RTVSPost2010Prop39
140
1.0
102
RTVSPost2010PropOp39
 70
     1
102
RTVSPost2010Prop40
 90
        0
102
RTVSPost2010PropOp40
 70
     1
102
RTVSPost2010Prop41ColorIndex
 90
       18
102
RTVSPost2010Prop41ColorRGB
 90
        0
102
RTVSPost2010PropOp41
 70
     1
102
RTVSPost2010Prop42
 90
       50
102
RTVSPost2010PropOp42
 70
     1
102
RTVSPost2010Prop43
 90
        3
102
RTVSPost2010PropOp43
 70
     1
102
RTVSPost2010Prop44ColorIndex
 90
        5
102
RTVSPost2010Prop44ColorRGB
 90
      255
102
RTVSPost2010PropOp44
 70
     1
102
RTVSPost2010Prop45
280
     0
102
RTVSPost2010PropOp45
 70
     1
102
RTVSPost2010Prop46
 90
       50
102
RTVSPost2010PropOp46
 70
     1
102
RTVSPost2010Prop47
 90
       50
102
RTVSPost2010PropOp47
 70
     1
102
RTVSPost2010Prop48
 90
       50
102
RTVSPost2010PropOp48
 70
     1
102
RTVSPost2010Prop49
280
     0
102
RTVSPost2010PropOp49
 70
     1
102
RTVSPost2010Prop50
 90
       50
102
RTVSPost2010PropOp50
 70
     1
102
RTVSPost2010Prop51ColorIndex
 90
      256
102
RTVSPost2010Prop51ColorRGB
 90
-16777216
102
RTVSPost2010PropOp51
 70
     0
102
RTVSPost2010Prop52
140
1.0
102
RTVSPost2010PropOp52
 70
     0
102
RTVSPost2010Prop53
 90
        2
102
RTVSPost2010PropOp53
 70
     1
102
RTVSPost2010Prop54
  1
strokes_ogs.tif
102
RTVSPost2010PropOp54
 70
     1
102
RTVSPost2010Prop55
280
     0
102
RTVSPost2010PropOp55
 70
     1
102
RTVSPost2010Prop56
140
1.0
102
RTVSPost2010PropOp56
 70
     1
102
RTVSPost2010Prop57
140
1.0
102
RTVSPost2010PropOp57
 70
     1
  0
XRECORD
  5
9C
102
{ACAD_REACTORS
330
9B
102
}
330
9B
100
AcDbXrecord
280
     1
102
RTVSPropertyOp0
 70
     1
102
RTVSPropertyOp1
 70
     1
102
RTVSPropertyOp2
 70
     1
102
RTVSPropertyOp3
 70
     1
102
RTVSPropertyOp4
 70
     1
102
RTVSPropertyOp5
 70
     1
102
RTVSPropertyOp6
 70
     1
102
RTVSPropertyOp7
 70
     1
102
RTVSPropertyOp8
 70
     1
102
RTVSPropertyOp9
 70
     1
102
RTVSPropertyOp10
 70
     1
102
RTVSPropertyOp11
 70
     1
102
RTVSPropertyOp12
 70
     1
102
RTVSPropertyOp13
 70
     1
102
RTVSPropertyOp14
 70
     1
102
RTVSPropertyOp15
 70
     1
102
RTVSPropertyOp16
 70
     1
102
RTVSPropertyOp17
 70
     1
102
RTVSPropertyOp18
 70
     1
102
RTVSPropertyOp19
 70
     1
102
RTVSPropertyOp20
 70
     1
102
RTVSPropertyOp21
 70
     1
102
RTVSPropertyOp22
 70
     1
102
RTVSPropertyOp23
 70
     1
102
RTVSPropertyOp24
 70
     1
102
RTVSPropertyOp25
 70
     1
102
RTVSPropertyOp26
 70
     1
102
RTVSPropertyOp27
 70
     1
102
RTVSPropertyOp28
 70
     1
102
RTVSPropertyOp29
 70
     1
102
RTVSPropertyOp30
 70
     1
102
RTVSPropertyOp31
 70
     1
102
RTVSPropertyOp32
 70
     1
102
RTVSPropertyOp33
 70
     1
102
RTVSPropertyOp34
 70
     1
102
RTVSPropertyOp35
 70
     1
102
RTVSPropertyOp36
 70
     1
102
RTVSPropertyOp37
 70
     1
102
RTVSPropertyOp38
 70
     1
102
RTVSPropertyOp39
 70
     1
102
RTVSPropertyOp40
 70
     1
102
RTVSPropertyOp41
 70
     1
102
RTVSPropertyOp42
 70
     1
102
RTVSPropertyOp43
 70
     1
102
RTVSPropertyOp44
 70
     1
102
RTVSPropertyOp45
 70
     1
102
RTVSPropertyOp46
 70
     1
102
RTVSPropertyOp47
 70
     1
102
RTVSPropertyOp48
 70
     1
102
RTVSPropertyOp49
 70
     1
102
RTVSPropertyOp50
 70
     1
102
RTVSPropertyOp51
 70
     0
102
RTVSPropertyOp52
 70
     0
102
RTVSPropertyOp53
 70
     1
102
RTVSPropertyOp54
 70
     1
102
RTVSPropertyOp55
 70
     1
102
RTVSPropertyOp56
 70
     1
102
RTVSPropertyOp57
 70
     1
102
RTVSPost2010Prop28
280
     0
102
RTVSPost2010PropOp28
 70
     1
102
RTVSPost2010Prop29
280
     1
102
RTVSPost2010PropOp29
 70
     1
102
RTVSPost2010Prop30
280
     1
102
RTVSPost2010PropOp30
 70
     1
102
RTVSPost2010Prop31
280
     0
102
RTVSPost2010PropOp31
 70
     1
102
RTVSPost2010Prop32
280
     0
102
RTVSPost2010PropOp32
 70
     1
102
RTVSPost2010Prop33
280
     0
102
RTVSPost2010PropOp33
 70
     1
102
RTVSPost2010Prop34
280
     0
102
RTVSPost2010PropOp34
 70
     1
102
RTVSPost2010Prop35
280
     0
102
RTVSPost2010PropOp35
 70
     1
102
RTVSPost2010Prop36
280
     0
102
RTVSPost2010PropOp36
 70
     1
102
RTVSPost2010Prop37
 90
       50
102
RTVSPost2010PropOp37
 70
     1
102
RTVSPost2010Prop38
140
0.0
102
RTVSPost2010PropOp38
 70
     1
102
RTVSPost2010Prop39
140
1.0
102
RTVSPost2010PropOp39
 70
     1
102
RTVSPost2010Prop40
 90
        0
102
RTVSPost2010PropOp40
 70
     1
102
RTVSPost2010Prop41ColorIndex
 90
       18
102
RTVSPost2010Prop41ColorRGB
 90
        0
102
RTVSPost2010PropOp41
 70
     1
102
RTVSPost2010Prop42
 90
       50
102
RTVSPost2010PropOp42
 70
     1
102
RTVSPost2010Prop43
 90
        3
102
RTVSPost2010PropOp43
 70
     1
102
RTVSPost2010Prop44ColorIndex
 90
        5
102
RTVSPost2010Prop44ColorRGB
 90
      255
102
RTVSPost2010PropOp44
 70
     1
102
RTVSPost2010Prop45
280
     0
102
RTVSPost2010PropOp45
 70
     1
102
RTVSPost2010Prop46
 90
       50
102
RTVSPost2010PropOp46
 70
     1
102
RTVSPost2010Prop47
 90
       50
102
RTVSPost2010PropOp47
 70
     1
102
RTVSPost2010Prop48
 90
       50
102
RTVSPost2010PropOp48
 70
     1
102
RTVSPost2010Prop49
280
     0
102
RTVSPost2010PropOp49
 70
     1
102
RTVSPost2010Prop50
 90
       50
102
RTVSPost2010PropOp50
 70
     1
102
RTVSPost2010Prop51ColorIndex
 90
      256
102
RTVSPost2010Prop51ColorRGB
 90
-16777216
102
RTVSPost2010PropOp51
 70
     0
102
RTVSPost2010Prop52
140
1.0
102
RTVSPost2010PropOp52
 70
     0
102
RTVSPost2010Prop53
 90
        2
102
RTVSPost2010PropOp53
 70
     1
102
RTVSPost2010Prop54
  1
strokes_ogs.tif
102
RTVSPost2010PropOp54
 70
     1
102
RTVSPost2010Prop55
280
     0
102
RTVSPost2010PropOp55
 70
     1
102
RTVSPost2010Prop56
140
1.0
102
RTVSPost2010PropOp56
 70
     1
102
RTVSPost2010Prop57
140
1.0
102
RTVSPost2010PropOp57
 70
     1
  0
XRECORD
  5
AC
102
{ACAD_REACTORS
330
AB
102
}
330
AB
100
AcDbXrecord
280
     1
102
RTVSPropertyOp0
 70
     0
102
RTVSPropertyOp1
 70
     0
102
RTVSPropertyOp2
 70
     0
102
RTVSPropertyOp3
 70
     0
102
RTVSPropertyOp4
 70
     0
102
RTVSPropertyOp5
 70
     0
102
RTVSPropertyOp6
 70
     0
102
RTVSPropertyOp7
 70
     0
102
RTVSPropertyOp8
 70
     0
102
RTVSPropertyOp9
 70
     0
102
RTVSPropertyOp10
 70
     0
102
RTVSPropertyOp11
 70
     0
102
RTVSPropertyOp12
 70
     0
102
RTVSPropertyOp13
 70
     0
102
RTVSPropertyOp14
 70
     2
102
RTVSPropertyOp15
 70
     0
102
RTVSPropertyOp16
 70
     0
102
RTVSPropertyOp17
 70
     0
102
RTVSPropertyOp18
 70
     0
102
RTVSPropertyOp19
 70
     0
102
RTVSPropertyOp20
 70
     0
102
RTVSPropertyOp21
 70
     0
102
RTVSPropertyOp22
 70
     0
102
RTVSPropertyOp23
 70
     0
102
RTVSPropertyOp24
 70
     0
102
RTVSPropertyOp25
 70
     0
102
RTVSPropertyOp26
 70
     0
102
RTVSPropertyOp27
 70
     0
102
RTVSPropertyOp28
 70
     0
102
RTVSPropertyOp29
 70
     0
102
RTVSPropertyOp30
 70
     0
102
RTVSPropertyOp31
 70
     0
102
RTVSPropertyOp32
 70
     0
102
RTVSPropertyOp33
 70
     0
102
RTVSPropertyOp34
 70
     0
102
RTVSPropertyOp35
 70
     0
102
RTVSPropertyOp36
 70
     0
102
RTVSPropertyOp37
 70
     0
102
RTVSPropertyOp38
 70
     0
102
RTVSPropertyOp39
 70
     0
102
RTVSPropertyOp40
 70
     0
102
RTVSPropertyOp41
 70
     0
102
RTVSPropertyOp42
 70
     0
102
RTVSPropertyOp43
 70
     0
102
RTVSPropertyOp44
 70
     0
102
RTVSPropertyOp45
 70
     0
102
RTVSPropertyOp46
 70
     0
102
RTVSPropertyOp47
 70
     0
102
RTVSPropertyOp48
 70
     0
102
RTVSPropertyOp49
 70
     0
102
RTVSPropertyOp50
 70
     0
102
RTVSPropertyOp51
 70
     0
102
RTVSPropertyOp52
 70
     0
102
RTVSPropertyOp53
 70
     0
102
RTVSPropertyOp54
 70
     0
102
RTVSPropertyOp55
 70
     0
102
RTVSPropertyOp56
 70
     0
102
RTVSPropertyOp57
 70
     0
102
RTVSPost2010Prop28
280
     0
102
RTVSPost2010PropOp28
 70
     0
102
RTVSPost2010Prop29
280
     1
102
RTVSPost2010PropOp29
 70
     0
102
RTVSPost2010Prop30
280
     1
102
RTVSPost2010PropOp30
 70
     0
102
RTVSPost2010Prop31
280
     0
102
RTVSPost2010PropOp31
 70
     0
102
RTVSPost2010Prop32
280
     0
102
RTVSPost2010PropOp32
 70
     0
102
RTVSPost2010Prop33
280
     0
102
RTVSPost2010PropOp33
 70
     0
102
RTVSPost2010Prop34
280
     0
102
RTVSPost2010PropOp34
 70
     0
102
RTVSPost2010Prop35
280
     0
102
RTVSPost2010PropOp35
 70
     0
102
RTVSPost2010Prop36
280
     0
102
RTVSPost2010PropOp36
 70
     0
102
RTVSPost2010Prop37
 90
       50
102
RTVSPost2010PropOp37
 70
     0
102
RTVSPost2010Prop38
140
0.0
102
RTVSPost2010PropOp38
 70
     0
102
RTVSPost2010Prop39
140
1.0
102
RTVSPost2010PropOp39
 70
     0
102
RTVSPost2010Prop40
 90
        0
102
RTVSPost2010PropOp40
 70
     0
102
RTVSPost2010Prop41ColorIndex
 90
       18
102
RTVSPost2010Prop41ColorRGB
 90
        0
102
RTVSPost2010PropOp41
 70
     0
102
RTVSPost2010Prop42
 90
       50
102
RTVSPost2010PropOp42
 70
     0
102
RTVSPost2010Prop43
 90
        3
102
RTVSPost2010PropOp43
 70
     0
102
RTVSPost2010Prop44ColorIndex
 90
        5
102
RTVSPost2010Prop44ColorRGB
 90
      255
102
RTVSPost2010PropOp44
 70
     0
102
RTVSPost2010Prop45
280
     0
102
RTVSPost2010PropOp45
 70
     0
102
RTVSPost2010Prop46
 90
       50
102
RTVSPost2010PropOp46
 70
     0
102
RTVSPost2010Prop47
 90
       50
102
RTVSPost2010PropOp47
 70
     0
102
RTVSPost2010Prop48
 90
       50
102
RTVSPost2010PropOp48
 70
     0
102
RTVSPost2010Prop49
280
     0
102
RTVSPost2010PropOp49
 70
     0
102
RTVSPost2010Prop50
 90
       50
102
RTVSPost2010PropOp50
 70
     0
102
RTVSPost2010Prop51ColorIndex
 90
      256
102
RTVSPost2010Prop51ColorRGB
 90
-16777216
102
RTVSPost2010PropOp51
 70
     0
102
RTVSPost2010Prop52
140
1.0
102
RTVSPost2010PropOp52
 70
     0
102
RTVSPost2010Prop53
 90
        2
102
RTVSPost2010PropOp53
 70
     0
102
RTVSPost2010Prop54
  1
strokes_ogs.tif
102
RTVSPost2010PropOp54
 70
     0
102
RTVSPost2010Prop55
280
     0
102
RTVSPost2010PropOp55
 70
     0
102
RTVSPost2010Prop56
140
1.0
102
RTVSPost2010PropOp56
 70
     0
102
RTVSPost2010Prop57
140
1.0
102
RTVSPost2010PropOp57
 70
     0
  0
XRECORD
  5
A4
102
{ACAD_REACTORS
330
A3
102
}
330
A3
100
AcDbXrecord
280
     1
102
RTVSPropertyOp0
 70
     1
102
RTVSPropertyOp1
 70
     1
102
RTVSPropertyOp2
 70
     1
102
RTVSPropertyOp3
 70
     1
102
RTVSPropertyOp4
 70
     1
102
RTVSPropertyOp5
 70
     1
102
RTVSPropertyOp6
 70
     1
102
RTVSPropertyOp7
 70
     1
102
RTVSPropertyOp8
 70
     1
102
RTVSPropertyOp9
 70
     1
102
RTVSPropertyOp10
 70
     1
102
RTVSPropertyOp11
 70
     1
102
RTVSPropertyOp12
 70
     1
102
RTVSPropertyOp13
 70
     1
102
RTVSPropertyOp14
 70
     1
102
RTVSPropertyOp15
 70
     1
102
RTVSPropertyOp16
 70
     1
102
RTVSPropertyOp17
 70
     1
102
RTVSPropertyOp18
 70
     1
102
RTVSPropertyOp19
 70
     1
102
RTVSPropertyOp20
 70
     1
102
RTVSPropertyOp21
 70
     1
102
RTVSPropertyOp22
 70
     1
102
RTVSPropertyOp23
 70
     1
102
RTVSPropertyOp24
 70
     1
102
RTVSPropertyOp25
 70
     1
102
RTVSPropertyOp26
 70
     1
102
RTVSPropertyOp27
 70
     1
102
RTVSPropertyOp28
 70
     1
102
RTVSPropertyOp29
 70
     1
102
RTVSPropertyOp30
 70
     1
102
RTVSPropertyOp31
 70
     1
102
RTVSPropertyOp32
 70
     1
102
RTVSPropertyOp33
 70
     1
102
RTVSPropertyOp34
 70
     1
102
RTVSPropertyOp35
 70
     1
102
RTVSPropertyOp36
 70
     1
102
RTVSPropertyOp37
 70
     1
102
RTVSPropertyOp38
 70
     1
102
RTVSPropertyOp39
 70
     1
102
RTVSPropertyOp40
 70
     1
102
RTVSPropertyOp41
 70
     1
102
RTVSPropertyOp42
 70
     1
102
RTVSPropertyOp43
 70
     1
102
RTVSPropertyOp44
 70
     1
102
RTVSPropertyOp45
 70
     1
102
RTVSPropertyOp46
 70
     1
102
RTVSPropertyOp47
 70
     1
102
RTVSPropertyOp48
 70
     1
102
RTVSPropertyOp49
 70
     1
102
RTVSPropertyOp50
 70
     1
102
RTVSPropertyOp51
 70
     0
102
RTVSPropertyOp52
 70
     0
102
RTVSPropertyOp53
 70
     1
102
RTVSPropertyOp54
 70
     1
102
RTVSPropertyOp55
 70
     1
102
RTVSPropertyOp56
 70
     1
102
RTVSPropertyOp57
 70
     1
102
RTVSPost2010Prop28
280
     0
102
RTVSPost2010PropOp28
 70
     1
102
RTVSPost2010Prop29
280
     1
102
RTVSPost2010PropOp29
 70
     1
102
RTVSPost2010Prop30
280
     1
102
RTVSPost2010PropOp30
 70
     1
102
RTVSPost2010Prop31
280
     0
102
RTVSPost2010PropOp31
 70
     1
102
RTVSPost2010Prop32
280
     0
102
RTVSPost2010PropOp32
 70
     1
102
RTVSPost2010Prop33
280
     0
102
RTVSPost2010PropOp33
 70
     1
102
RTVSPost2010Prop34
280
     0
102
RTVSPost2010PropOp34
 70
     1
102
RTVSPost2010Prop35
280
     0
102
RTVSPost2010PropOp35
 70
     1
102
RTVSPost2010Prop36
280
     0
102
RTVSPost2010PropOp36
 70
     1
102
RTVSPost2010Prop37
 90
       50
102
RTVSPost2010PropOp37
 70
     1
102
RTVSPost2010Prop38
140
0.0
102
RTVSPost2010PropOp38
 70
     1
102
RTVSPost2010Prop39
140
1.0
102
RTVSPost2010PropOp39
 70
     1
102
RTVSPost2010Prop40
 90
        0
102
RTVSPost2010PropOp40
 70
     1
102
RTVSPost2010Prop41ColorIndex
 90
       18
102
RTVSPost2010Prop41ColorRGB
 90
        0
102
RTVSPost2010PropOp41
 70
     1
102
RTVSPost2010Prop42
 90
       50
102
RTVSPost2010PropOp42
 70
     1
102
RTVSPost2010Prop43
 90
        3
102
RTVSPost2010PropOp43
 70
     1
102
RTVSPost2010Prop44ColorIndex
 90
        5
102
RTVSPost2010Prop44ColorRGB
 90
      255
102
RTVSPost2010PropOp44
 70
     1
102
RTVSPost2010Prop45
280
     0
102
RTVSPost2010PropOp45
 70
     1
102
RTVSPost2010Prop46
 90
       50
102
RTVSPost2010PropOp46
 70
     1
102
RTVSPost2010Prop47
 90
       50
102
RTVSPost2010PropOp47
 70
     1
102
RTVSPost2010Prop48
 90
       50
102
RTVSPost2010PropOp48
 70
     1
102
RTVSPost2010Prop49
280
     0
102
RTVSPost2010PropOp49
 70
     1
102
RTVSPost2010Prop50
 90
       50
102
RTVSPost2010PropOp50
 70
     1
102
RTVSPost2010Prop51ColorIndex
 90
      256
102
RTVSPost2010Prop51ColorRGB
 90
-16777216
102
RTVSPost2010PropOp51
 70
     0
102
RTVSPost2010Prop52
140
1.0
102
RTVSPost2010PropOp52
 70
     0
102
RTVSPost2010Prop53
 90
        2
102
RTVSPost2010PropOp53
 70
     1
102
RTVSPost2010Prop54
  1
strokes_ogs.tif
102
RTVSPost2010PropOp54
 70
     1
102
RTVSPost2010Prop55
280
     0
102
RTVSPost2010PropOp55
 70
     1
102
RTVSPost2010Prop56
140
1.0
102
RTVSPost2010PropOp56
 70
     1
102
RTVSPost2010Prop57
140
1.0
102
RTVSPost2010PropOp57
 70
     1
  0
XRECORD
  5
88
102
{ACAD_REACTORS
330
87
102
}
330
87
100
AcDbXrecord
280
     1
102
RTVSPropertyOp0
 70
     1
102
RTVSPropertyOp1
 70
     1
102
RTVSPropertyOp2
 70
     1
102
RTVSPropertyOp3
 70
     1
102
RTVSPropertyOp4
 70
     1
102
RTVSPropertyOp5
 70
     1
102
RTVSPropertyOp6
 70
     1
102
RTVSPropertyOp7
 70
     1
102
RTVSPropertyOp8
 70
     1
102
RTVSPropertyOp9
 70
     1
102
RTVSPropertyOp10
 70
     1
102
RTVSPropertyOp11
 70
     1
102
RTVSPropertyOp12
 70
     1
102
RTVSPropertyOp13
 70
     1
102
RTVSPropertyOp14
 70
     1
102
RTVSPropertyOp15
 70
     1
102
RTVSPropertyOp16
 70
     1
102
RTVSPropertyOp17
 70
     1
102
RTVSPropertyOp18
 70
     1
102
RTVSPropertyOp19
 70
     1
102
RTVSPropertyOp20
 70
     1
102
RTVSPropertyOp21
 70
     1
102
RTVSPropertyOp22
 70
     1
102
RTVSPropertyOp23
 70
     1
102
RTVSPropertyOp24
 70
     1
102
RTVSPropertyOp25
 70
     1
102
RTVSPropertyOp26
 70
     1
102
RTVSPropertyOp27
 70
     1
102
RTVSPropertyOp28
 70
     1
102
RTVSPropertyOp29
 70
     1
102
RTVSPropertyOp30
 70
     1
102
RTVSPropertyOp31
 70
     1
102
RTVSPropertyOp32
 70
     1
102
RTVSPropertyOp33
 70
     1
102
RTVSPropertyOp34
 70
     1
102
RTVSPropertyOp35
 70
     1
102
RTVSPropertyOp36
 70
     1
102
RTVSPropertyOp37
 70
     1
102
RTVSPropertyOp38
 70
     1
102
RTVSPropertyOp39
 70
     1
102
RTVSPropertyOp40
 70
     1
102
RTVSPropertyOp41
 70
     1
102
RTVSPropertyOp42
 70
     1
102
RTVSPropertyOp43
 70
     1
102
RTVSPropertyOp44
 70
     1
102
RTVSPropertyOp45
 70
     1
102
RTVSPropertyOp46
 70
     1
102
RTVSPropertyOp47
 70
     1
102
RTVSPropertyOp48
 70
     1
102
RTVSPropertyOp49
 70
     1
102
RTVSPropertyOp50
 70
     1
102
RTVSPropertyOp51
 70
     0
102
RTVSPropertyOp52
 70
     0
102
RTVSPropertyOp53
 70
     1
102
RTVSPropertyOp54
 70
     1
102
RTVSPropertyOp55
 70
     1
102
RTVSPropertyOp56
 70
     1
102
RTVSPropertyOp57
 70
     1
102
RTVSPost2010Prop28
280
     0
102
RTVSPost2010PropOp28
 70
     1
102
RTVSPost2010Prop29
280
     1
102
RTVSPost2010PropOp29
 70
     1
102
RTVSPost2010Prop30
280
     1
102
RTVSPost2010PropOp30
 70
     1
102
RTVSPost2010Prop31
280
     0
102
RTVSPost2010PropOp31
 70
     1
102
RTVSPost2010Prop32
280
     0
102
RTVSPost2010PropOp32
 70
     1
102
RTVSPost2010Prop33
280
     0
102
RTVSPost2010PropOp33
 70
     1
102
RTVSPost2010Prop34
280
     0
102
RTVSPost2010PropOp34
 70
     1
102
RTVSPost2010Prop35
280
     0
102
RTVSPost2010PropOp35
 70
     1
102
RTVSPost2010Prop36
280
     0
102
RTVSPost2010PropOp36
 70
     1
102
RTVSPost2010Prop37
 90
       50
102
RTVSPost2010PropOp37
 70
     1
102
RTVSPost2010Prop38
140
0.0
102
RTVSPost2010PropOp38
 70
     1
102
RTVSPost2010Prop39
140
1.0
102
RTVSPost2010PropOp39
 70
     1
102
RTVSPost2010Prop40
 90
        0
102
RTVSPost2010PropOp40
 70
     1
102
RTVSPost2010Prop41ColorIndex
 90
       18
102
RTVSPost2010Prop41ColorRGB
 90
        0
102
RTVSPost2010PropOp41
 70
     1
102
RTVSPost2010Prop42
 90
       50
102
RTVSPost2010PropOp42
 70
     1
102
RTVSPost2010Prop43
 90
        3
102
RTVSPost2010PropOp43
 70
     1
102
RTVSPost2010Prop44ColorIndex
 90
        5
102
RTVSPost2010Prop44ColorRGB
 90
      255
102
RTVSPost2010PropOp44
 70
     1
102
RTVSPost2010Prop45
280
     0
102
RTVSPost2010PropOp45
 70
     1
102
RTVSPost2010Prop46
 90
       50
102
RTVSPost2010PropOp46
 70
     1
102
RTVSPost2010Prop47
 90
       50
102
RTVSPost2010PropOp47
 70
     1
102
RTVSPost2010Prop48
 90
       50
102
RTVSPost2010PropOp48
 70
     1
102
RTVSPost2010Prop49
280
     0
102
RTVSPost2010PropOp49
 70
     1
102
RTVSPost2010Prop50
 90
       50
102
RTVSPost2010PropOp50
 70
     1
102
RTVSPost2010Prop51ColorIndex
 90
      256
102
RTVSPost2010Prop51ColorRGB
 90
-16777216
102
RTVSPost2010PropOp51
 70
     0
102
RTVSPost2010Prop52
140
1.0
102
RTVSPost2010PropOp52
 70
     0
102
RTVSPost2010Prop53
 90
        2
102
RTVSPost2010PropOp53
 70
     1
102
RTVSPost2010Prop54
  1
strokes_ogs.tif
102
RTVSPost2010PropOp54
 70
     1
102
RTVSPost2010Prop55
280
     0
102
RTVSPost2010PropOp55
 70
     1
102
RTVSPost2010Prop56
140
1.0
102
RTVSPost2010PropOp56
 70
     1
102
RTVSPost2010Prop57
140
1.0
102
RTVSPost2010PropOp57
 70
     1
  0
XRECORD
  5
8A
102
{ACAD_REACTORS
330
89
102
}
330
89
100
AcDbXrecord
280
     1
102
RTVSPropertyOp0
 70
     1
102
RTVSPropertyOp1
 70
     1
102
RTVSPropertyOp2
 70
     1
102
RTVSPropertyOp3
 70
     1
102
RTVSPropertyOp4
 70
     1
102
RTVSPropertyOp5
 70
     1
102
RTVSPropertyOp6
 70
     1
102
RTVSPropertyOp7
 70
     1
102
RTVSPropertyOp8
 70
     1
102
RTVSPropertyOp9
 70
     1
102
RTVSPropertyOp10
 70
     1
102
RTVSPropertyOp11
 70
     1
102
RTVSPropertyOp12
 70
     1
102
RTVSPropertyOp13
 70
     1
102
RTVSPropertyOp14
 70
     1
102
RTVSPropertyOp15
 70
     1
102
RTVSPropertyOp16
 70
     1
102
RTVSPropertyOp17
 70
     1
102
RTVSPropertyOp18
 70
     1
102
RTVSPropertyOp19
 70
     1
102
RTVSPropertyOp20
 70
     1
102
RTVSPropertyOp21
 70
     1
102
RTVSPropertyOp22
 70
     1
102
RTVSPropertyOp23
 70
     1
102
RTVSPropertyOp24
 70
     1
102
RTVSPropertyOp25
 70
     1
102
RTVSPropertyOp26
 70
     1
102
RTVSPropertyOp27
 70
     1
102
RTVSPropertyOp28
 70
     1
102
RTVSPropertyOp29
 70
     1
102
RTVSPropertyOp30
 70
     1
102
RTVSPropertyOp31
 70
     1
102
RTVSPropertyOp32
 70
     1
102
RTVSPropertyOp33
 70
     1
102
RTVSPropertyOp34
 70
     1
102
RTVSPropertyOp35
 70
     1
102
RTVSPropertyOp36
 70
     1
102
RTVSPropertyOp37
 70
     1
102
RTVSPropertyOp38
 70
     1
102
RTVSPropertyOp39
 70
     1
102
RTVSPropertyOp40
 70
     1
102
RTVSPropertyOp41
 70
     1
102
RTVSPropertyOp42
 70
     1
102
RTVSPropertyOp43
 70
     1
102
RTVSPropertyOp44
 70
     1
102
RTVSPropertyOp45
 70
     1
102
RTVSPropertyOp46
 70
     1
102
RTVSPropertyOp47
 70
     1
102
RTVSPropertyOp48
 70
     1
102
RTVSPropertyOp49
 70
     1
102
RTVSPropertyOp50
 70
     1
102
RTVSPropertyOp51
 70
     0
102
RTVSPropertyOp52
 70
     0
102
RTVSPropertyOp53
 70
     1
102
RTVSPropertyOp54
 70
     1
102
RTVSPropertyOp55
 70
     1
102
RTVSPropertyOp56
 70
     1
102
RTVSPropertyOp57
 70
     1
102
RTVSPost2010Prop28
280
     0
102
RTVSPost2010PropOp28
 70
     1
102
RTVSPost2010Prop29
280
     1
102
RTVSPost2010PropOp29
 70
     1
102
RTVSPost2010Prop30
280
     1
102
RTVSPost2010PropOp30
 70
     1
102
RTVSPost2010Prop31
280
     0
102
RTVSPost2010PropOp31
 70
     1
102
RTVSPost2010Prop32
280
     0
102
RTVSPost2010PropOp32
 70
     1
102
RTVSPost2010Prop33
280
     0
102
RTVSPost2010PropOp33
 70
     1
102
RTVSPost2010Prop34
280
     0
102
RTVSPost2010PropOp34
 70
     1
102
RTVSPost2010Prop35
280
     0
102
RTVSPost2010PropOp35
 70
     1
102
RTVSPost2010Prop36
280
     0
102
RTVSPost2010PropOp36
 70
     1
102
RTVSPost2010Prop37
 90
       50
102
RTVSPost2010PropOp37
 70
     1
102
RTVSPost2010Prop38
140
0.0
102
RTVSPost2010PropOp38
 70
     1
102
RTVSPost2010Prop39
140
1.0
102
RTVSPost2010PropOp39
 70
     1
102
RTVSPost2010Prop40
 90
        0
102
RTVSPost2010PropOp40
 70
     1
102
RTVSPost2010Prop41ColorIndex
 90
       18
102
RTVSPost2010Prop41ColorRGB
 90
        0
102
RTVSPost2010PropOp41
 70
     1
102
RTVSPost2010Prop42
 90
       50
102
RTVSPost2010PropOp42
 70
     1
102
RTVSPost2010Prop43
 90
        3
102
RTVSPost2010PropOp43
 70
     1
102
RTVSPost2010Prop44ColorIndex
 90
        5
102
RTVSPost2010Prop44ColorRGB
 90
      255
102
RTVSPost2010PropOp44
 70
     1
102
RTVSPost2010Prop45
280
     0
102
RTVSPost2010PropOp45
 70
     1
102
RTVSPost2010Prop46
 90
       50
102
RTVSPost2010PropOp46
 70
     1
102
RTVSPost2010Prop47
 90
       50
102
RTVSPost2010PropOp47
 70
     1
102
RTVSPost2010Prop48
 90
       50
102
RTVSPost2010PropOp48
 70
     1
102
RTVSPost2010Prop49
280
     0
102
RTVSPost2010PropOp49
 70
     1
102
RTVSPost2010Prop50
 90
       50
102
RTVSPost2010PropOp50
 70
     1
102
RTVSPost2010Prop51ColorIndex
 90
      256
102
RTVSPost2010Prop51ColorRGB
 90
-16777216
102
RTVSPost2010PropOp51
 70
     0
102
RTVSPost2010Prop52
140
1.0
102
RTVSPost2010PropOp52
 70
     0
102
RTVSPost2010Prop53
 90
        2
102
RTVSPost2010PropOp53
 70
     1
102
RTVSPost2010Prop54
  1
strokes_ogs.tif
102
RTVSPost2010PropOp54
 70
     1
102
RTVSPost2010Prop55
280
     0
102
RTVSPost2010PropOp55
 70
     1
102
RTVSPost2010Prop56
140
1.0
102
RTVSPost2010PropOp56
 70
     1
102
RTVSPost2010Prop57
140
1.0
102
RTVSPost2010PropOp57
 70
     1
  0
XRECORD
  5
8C
102
{ACAD_REACTORS
330
8B
102
}
330
8B
100
AcDbXrecord
280
     1
102
RTVSPropertyOp0
 70
     1
102
RTVSPropertyOp1
 70
     1
102
RTVSPropertyOp2
 70
     1
102
RTVSPropertyOp3
 70
     1
102
RTVSPropertyOp4
 70
     1
102
RTVSPropertyOp5
 70
     1
102
RTVSPropertyOp6
 70
     1
102
RTVSPropertyOp7
 70
     1
102
RTVSPropertyOp8
 70
     1
102
RTVSPropertyOp9
 70
     1
102
RTVSPropertyOp10
 70
     1
102
RTVSPropertyOp11
 70
     1
102
RTVSPropertyOp12
 70
     1
102
RTVSPropertyOp13
 70
     1
102
RTVSPropertyOp14
 70
     1
102
RTVSPropertyOp15
 70
     1
102
RTVSPropertyOp16
 70
     1
102
RTVSPropertyOp17
 70
     1
102
RTVSPropertyOp18
 70
     1
102
RTVSPropertyOp19
 70
     1
102
RTVSPropertyOp20
 70
     1
102
RTVSPropertyOp21
 70
     1
102
RTVSPropertyOp22
 70
     1
102
RTVSPropertyOp23
 70
     1
102
RTVSPropertyOp24
 70
     1
102
RTVSPropertyOp25
 70
     1
102
RTVSPropertyOp26
 70
     1
102
RTVSPropertyOp27
 70
     1
102
RTVSPropertyOp28
 70
     1
102
RTVSPropertyOp29
 70
     1
102
RTVSPropertyOp30
 70
     1
102
RTVSPropertyOp31
 70
     1
102
RTVSPropertyOp32
 70
     1
102
RTVSPropertyOp33
 70
     1
102
RTVSPropertyOp34
 70
     1
102
RTVSPropertyOp35
 70
     1
102
RTVSPropertyOp36
 70
     1
102
RTVSPropertyOp37
 70
     1
102
RTVSPropertyOp38
 70
     1
102
RTVSPropertyOp39
 70
     1
102
RTVSPropertyOp40
 70
     1
102
RTVSPropertyOp41
 70
     1
102
RTVSPropertyOp42
 70
     1
102
RTVSPropertyOp43
 70
     1
102
RTVSPropertyOp44
 70
     1
102
RTVSPropertyOp45
 70
     1
102
RTVSPropertyOp46
 70
     1
102
RTVSPropertyOp47
 70
     1
102
RTVSPropertyOp48
 70
     1
102
RTVSPropertyOp49
 70
     1
102
RTVSPropertyOp50
 70
     1
102
RTVSPropertyOp51
 70
     0
102
RTVSPropertyOp52
 70
     0
102
RTVSPropertyOp53
 70
     1
102
RTVSPropertyOp54
 70
     1
102
RTVSPropertyOp55
 70
     1
102
RTVSPropertyOp56
 70
     1
102
RTVSPropertyOp57
 70
     1
102
RTVSPost2010Prop28
280
     0
102
RTVSPost2010PropOp28
 70
     1
102
RTVSPost2010Prop29
280
     1
102
RTVSPost2010PropOp29
 70
     1
102
RTVSPost2010Prop30
280
     1
102
RTVSPost2010PropOp30
 70
     1
102
RTVSPost2010Prop31
280
     0
102
RTVSPost2010PropOp31
 70
     1
102
RTVSPost2010Prop32
280
     0
102
RTVSPost2010PropOp32
 70
     1
102
RTVSPost2010Prop33
280
     0
102
RTVSPost2010PropOp33
 70
     1
102
RTVSPost2010Prop34
280
     0
102
RTVSPost2010PropOp34
 70
     1
102
RTVSPost2010Prop35
280
     0
102
RTVSPost2010PropOp35
 70
     1
102
RTVSPost2010Prop36
280
     0
102
RTVSPost2010PropOp36
 70
     1
102
RTVSPost2010Prop37
 90
       50
102
RTVSPost2010PropOp37
 70
     1
102
RTVSPost2010Prop38
140
0.0
102
RTVSPost2010PropOp38
 70
     1
102
RTVSPost2010Prop39
140
1.0
102
RTVSPost2010PropOp39
 70
     1
102
RTVSPost2010Prop40
 90
        0
102
RTVSPost2010PropOp40
 70
     1
102
RTVSPost2010Prop41ColorIndex
 90
       18
102
RTVSPost2010Prop41ColorRGB
 90
        0
102
RTVSPost2010PropOp41
 70
     1
102
RTVSPost2010Prop42
 90
       50
102
RTVSPost2010PropOp42
 70
     1
102
RTVSPost2010Prop43
 90
        3
102
RTVSPost2010PropOp43
 70
     1
102
RTVSPost2010Prop44ColorIndex
 90
        5
102
RTVSPost2010Prop44ColorRGB
 90
      255
102
RTVSPost2010PropOp44
 70
     1
102
RTVSPost2010Prop45
280
     0
102
RTVSPost2010PropOp45
 70
     1
102
RTVSPost2010Prop46
 90
       50
102
RTVSPost2010PropOp46
 70
     1
102
RTVSPost2010Prop47
 90
       50
102
RTVSPost2010PropOp47
 70
     1
102
RTVSPost2010Prop48
 90
       50
102
RTVSPost2010PropOp48
 70
     1
102
RTVSPost2010Prop49
280
     0
102
RTVSPost2010PropOp49
 70
     1
102
RTVSPost2010Prop50
 90
       50
102
RTVSPost2010PropOp50
 70
     1
102
RTVSPost2010Prop51ColorIndex
 90
      256
102
RTVSPost2010Prop51ColorRGB
 90
-16777216
102
RTVSPost2010PropOp51
 70
     0
102
RTVSPost2010Prop52
140
1.0
102
RTVSPost2010PropOp52
 70
     0
102
RTVSPost2010Prop53
 90
        2
102
RTVSPost2010PropOp53
 70
     1
102
RTVSPost2010Prop54
  1
strokes_ogs.tif
102
RTVSPost2010PropOp54
 70
     1
102
RTVSPost2010Prop55
280
     0
102
RTVSPost2010PropOp55
 70
     1
102
RTVSPost2010Prop56
140
1.0
102
RTVSPost2010PropOp56
 70
     1
102
RTVSPost2010Prop57
140
1.0
102
RTVSPost2010PropOp57
 70
     1
  0
XRECORD
  5
8E
102
{ACAD_REACTORS
330
8D
102
}
330
8D
100
AcDbXrecord
280
     1
102
RTVSPropertyOp0
 70
     1
102
RTVSPropertyOp1
 70
     1
102
RTVSPropertyOp2
 70
     1
102
RTVSPropertyOp3
 70
     1
102
RTVSPropertyOp4
 70
     1
102
RTVSPropertyOp5
 70
     1
102
RTVSPropertyOp6
 70
     1
102
RTVSPropertyOp7
 70
     1
102
RTVSPropertyOp8
 70
     1
102
RTVSPropertyOp9
 70
     1
102
RTVSPropertyOp10
 70
     1
102
RTVSPropertyOp11
 70
     1
102
RTVSPropertyOp12
 70
     1
102
RTVSPropertyOp13
 70
     1
102
RTVSPropertyOp14
 70
     1
102
RTVSPropertyOp15
 70
     1
102
RTVSPropertyOp16
 70
     1
102
RTVSPropertyOp17
 70
     1
102
RTVSPropertyOp18
 70
     1
102
RTVSPropertyOp19
 70
     1
102
RTVSPropertyOp20
 70
     1
102
RTVSPropertyOp21
 70
     1
102
RTVSPropertyOp22
 70
     1
102
RTVSPropertyOp23
 70
     1
102
RTVSPropertyOp24
 70
     1
102
RTVSPropertyOp25
 70
     1
102
RTVSPropertyOp26
 70
     1
102
RTVSPropertyOp27
 70
     1
102
RTVSPropertyOp28
 70
     1
102
RTVSPropertyOp29
 70
     1
102
RTVSPropertyOp30
 70
     1
102
RTVSPropertyOp31
 70
     1
102
RTVSPropertyOp32
 70
     1
102
RTVSPropertyOp33
 70
     1
102
RTVSPropertyOp34
 70
     1
102
RTVSPropertyOp35
 70
     1
102
RTVSPropertyOp36
 70
     1
102
RTVSPropertyOp37
 70
     1
102
RTVSPropertyOp38
 70
     1
102
RTVSPropertyOp39
 70
     1
102
RTVSPropertyOp40
 70
     1
102
RTVSPropertyOp41
 70
     1
102
RTVSPropertyOp42
 70
     1
102
RTVSPropertyOp43
 70
     1
102
RTVSPropertyOp44
 70
     1
102
RTVSPropertyOp45
 70
     1
102
RTVSPropertyOp46
 70
     1
102
RTVSPropertyOp47
 70
     1
102
RTVSPropertyOp48
 70
     1
102
RTVSPropertyOp49
 70
     1
102
RTVSPropertyOp50
 70
     1
102
RTVSPropertyOp51
 70
     0
102
RTVSPropertyOp52
 70
     0
102
RTVSPropertyOp53
 70
     1
102
RTVSPropertyOp54
 70
     1
102
RTVSPropertyOp55
 70
     1
102
RTVSPropertyOp56
 70
     1
102
RTVSPropertyOp57
 70
     1
102
RTVSPost2010Prop28
280
     0
102
RTVSPost2010PropOp28
 70
     1
102
RTVSPost2010Prop29
280
     1
102
RTVSPost2010PropOp29
 70
     1
102
RTVSPost2010Prop30
280
     1
102
RTVSPost2010PropOp30
 70
     1
102
RTVSPost2010Prop31
280
     0
102
RTVSPost2010PropOp31
 70
     1
102
RTVSPost2010Prop32
280
     0
102
RTVSPost2010PropOp32
 70
     1
102
RTVSPost2010Prop33
280
     0
102
RTVSPost2010PropOp33
 70
     1
102
RTVSPost2010Prop34
280
     0
102
RTVSPost2010PropOp34
 70
     1
102
RTVSPost2010Prop35
280
     0
102
RTVSPost2010PropOp35
 70
     1
102
RTVSPost2010Prop36
280
     0
102
RTVSPost2010PropOp36
 70
     1
102
RTVSPost2010Prop37
 90
       50
102
RTVSPost2010PropOp37
 70
     1
102
RTVSPost2010Prop38
140
0.0
102
RTVSPost2010PropOp38
 70
     1
102
RTVSPost2010Prop39
140
1.0
102
RTVSPost2010PropOp39
 70
     1
102
RTVSPost2010Prop40
 90
        0
102
RTVSPost2010PropOp40
 70
     1
102
RTVSPost2010Prop41ColorIndex
 90
       18
102
RTVSPost2010Prop41ColorRGB
 90
        0
102
RTVSPost2010PropOp41
 70
     1
102
RTVSPost2010Prop42
 90
       50
102
RTVSPost2010PropOp42
 70
     1
102
RTVSPost2010Prop43
 90
        3
102
RTVSPost2010PropOp43
 70
     1
102
RTVSPost2010Prop44ColorIndex
 90
        5
102
RTVSPost2010Prop44ColorRGB
 90
      255
102
RTVSPost2010PropOp44
 70
     1
102
RTVSPost2010Prop45
280
     0
102
RTVSPost2010PropOp45
 70
     1
102
RTVSPost2010Prop46
 90
       50
102
RTVSPost2010PropOp46
 70
     1
102
RTVSPost2010Prop47
 90
       50
102
RTVSPost2010PropOp47
 70
     1
102
RTVSPost2010Prop48
 90
       50
102
RTVSPost2010PropOp48
 70
     1
102
RTVSPost2010Prop49
280
     0
102
RTVSPost2010PropOp49
 70
     1
102
RTVSPost2010Prop50
 90
       50
102
RTVSPost2010PropOp50
 70
     1
102
RTVSPost2010Prop51ColorIndex
 90
      256
102
RTVSPost2010Prop51ColorRGB
 90
-16777216
102
RTVSPost2010PropOp51
 70
     0
102
RTVSPost2010Prop52
140
1.0
102
RTVSPost2010PropOp52
 70
     0
102
RTVSPost2010Prop53
 90
        2
102
RTVSPost2010PropOp53
 70
     1
102
RTVSPost2010Prop54
  1
strokes_ogs.tif
102
RTVSPost2010PropOp54
 70
     1
102
RTVSPost2010Prop55
280
     0
102
RTVSPost2010PropOp55
 70
     1
102
RTVSPost2010Prop56
140
1.0
102
RTVSPost2010PropOp56
 70
     1
102
RTVSPost2010Prop57
140
1.0
102
RTVSPost2010PropOp57
 70
     1
  0
XRECORD
  5
94
102
{ACAD_REACTORS
330
93
102
}
330
93
100
AcDbXrecord
280
     1
102
RTVSPropertyOp0
 70
     1
102
RTVSPropertyOp1
 70
     1
102
RTVSPropertyOp2
 70
     1
102
RTVSPropertyOp3
 70
     1
102
RTVSPropertyOp4
 70
     1
102
RTVSPropertyOp5
 70
     1
102
RTVSPropertyOp6
 70
     1
102
RTVSPropertyOp7
 70
     1
102
RTVSPropertyOp8
 70
     1
102
RTVSPropertyOp9
 70
     1
102
RTVSPropertyOp10
 70
     1
102
RTVSPropertyOp11
 70
     1
102
RTVSPropertyOp12
 70
     1
102
RTVSPropertyOp13
 70
     1
102
RTVSPropertyOp14
 70
     1
102
RTVSPropertyOp15
 70
     1
102
RTVSPropertyOp16
 70
     1
102
RTVSPropertyOp17
 70
     1
102
RTVSPropertyOp18
 70
     1
102
RTVSPropertyOp19
 70
     1
102
RTVSPropertyOp20
 70
     1
102
RTVSPropertyOp21
 70
     1
102
RTVSPropertyOp22
 70
     1
102
RTVSPropertyOp23
 70
     1
102
RTVSPropertyOp24
 70
     1
102
RTVSPropertyOp25
 70
     1
102
RTVSPropertyOp26
 70
     1
102
RTVSPropertyOp27
 70
     1
102
RTVSPropertyOp28
 70
     1
102
RTVSPropertyOp29
 70
     1
102
RTVSPropertyOp30
 70
     1
102
RTVSPropertyOp31
 70
     1
102
RTVSPropertyOp32
 70
     1
102
RTVSPropertyOp33
 70
     1
102
RTVSPropertyOp34
 70
     1
102
RTVSPropertyOp35
 70
     1
102
RTVSPropertyOp36
 70
     1
102
RTVSPropertyOp37
 70
     1
102
RTVSPropertyOp38
 70
     1
102
RTVSPropertyOp39
 70
     1
102
RTVSPropertyOp40
 70
     1
102
RTVSPropertyOp41
 70
     1
102
RTVSPropertyOp42
 70
     1
102
RTVSPropertyOp43
 70
     1
102
RTVSPropertyOp44
 70
     1
102
RTVSPropertyOp45
 70
     1
102
RTVSPropertyOp46
 70
     1
102
RTVSPropertyOp47
 70
     1
102
RTVSPropertyOp48
 70
     1
102
RTVSPropertyOp49
 70
     1
102
RTVSPropertyOp50
 70
     1
102
RTVSPropertyOp51
 70
     0
102
RTVSPropertyOp52
 70
     0
102
RTVSPropertyOp53
 70
     1
102
RTVSPropertyOp54
 70
     1
102
RTVSPropertyOp55
 70
     1
102
RTVSPropertyOp56
 70
     1
102
RTVSPropertyOp57
 70
     1
102
RTVSPost2010Prop28
280
     0
102
RTVSPost2010PropOp28
 70
     1
102
RTVSPost2010Prop29
280
     1
102
RTVSPost2010PropOp29
 70
     1
102
RTVSPost2010Prop30
280
     1
102
RTVSPost2010PropOp30
 70
     1
102
RTVSPost2010Prop31
280
     0
102
RTVSPost2010PropOp31
 70
     1
102
RTVSPost2010Prop32
280
     0
102
RTVSPost2010PropOp32
 70
     1
102
RTVSPost2010Prop33
280
     0
102
RTVSPost2010PropOp33
 70
     1
102
RTVSPost2010Prop34
280
     0
102
RTVSPost2010PropOp34
 70
     1
102
RTVSPost2010Prop35
280
     0
102
RTVSPost2010PropOp35
 70
     1
102
RTVSPost2010Prop36
280
     0
102
RTVSPost2010PropOp36
 70
     1
102
RTVSPost2010Prop37
 90
       50
102
RTVSPost2010PropOp37
 70
     1
102
RTVSPost2010Prop38
140
0.0
102
RTVSPost2010PropOp38
 70
     1
102
RTVSPost2010Prop39
140
1.0
102
RTVSPost2010PropOp39
 70
     1
102
RTVSPost2010Prop40
 90
        0
102
RTVSPost2010PropOp40
 70
     1
102
RTVSPost2010Prop41ColorIndex
 90
       18
102
RTVSPost2010Prop41ColorRGB
 90
        0
102
RTVSPost2010PropOp41
 70
     1
102
RTVSPost2010Prop42
 90
       50
102
RTVSPost2010PropOp42
 70
     1
102
RTVSPost2010Prop43
 90
        3
102
RTVSPost2010PropOp43
 70
     1
102
RTVSPost2010Prop44ColorIndex
 90
        5
102
RTVSPost2010Prop44ColorRGB
 90
      255
102
RTVSPost2010PropOp44
 70
     1
102
RTVSPost2010Prop45
280
     0
102
RTVSPost2010PropOp45
 70
     1
102
RTVSPost2010Prop46
 90
       50
102
RTVSPost2010PropOp46
 70
     1
102
RTVSPost2010Prop47
 90
       50
102
RTVSPost2010PropOp47
 70
     1
102
RTVSPost2010Prop48
 90
       50
102
RTVSPost2010PropOp48
 70
     1
102
RTVSPost2010Prop49
280
     0
102
RTVSPost2010PropOp49
 70
     1
102
RTVSPost2010Prop50
 90
       50
102
RTVSPost2010PropOp50
 70
     1
102
RTVSPost2010Prop51ColorIndex
 90
      256
102
RTVSPost2010Prop51ColorRGB
 90
-16777216
102
RTVSPost2010PropOp51
 70
     0
102
RTVSPost2010Prop52
140
1.0
102
RTVSPost2010PropOp52
 70
     0
102
RTVSPost2010Prop53
 90
        2
102
RTVSPost2010PropOp53
 70
     1
102
RTVSPost2010Prop54
  1
strokes_ogs.tif
102
RTVSPost2010PropOp54
 70
     1
102
RTVSPost2010Prop55
280
     0
102
RTVSPost2010PropOp55
 70
     1
102
RTVSPost2010Prop56
140
1.0
102
RTVSPost2010PropOp56
 70
     1
102
RTVSPost2010Prop57
140
1.0
102
RTVSPost2010PropOp57
 70
     1
  0
XRECORD
  5
A8
102
{ACAD_REACTORS
330
A7
102
}
330
A7
100
AcDbXrecord
280
     1
102
RTVSPropertyOp0
 70
     0
102
RTVSPropertyOp1
 70
     0
102
RTVSPropertyOp2
 70
     0
102
RTVSPropertyOp3
 70
     0
102
RTVSPropertyOp4
 70
     0
102
RTVSPropertyOp5
 70
     0
102
RTVSPropertyOp6
 70
     0
102
RTVSPropertyOp7
 70
     0
102
RTVSPropertyOp8
 70
     0
102
RTVSPropertyOp9
 70
     0
102
RTVSPropertyOp10
 70
     0
102
RTVSPropertyOp11
 70
     0
102
RTVSPropertyOp12
 70
     0
102
RTVSPropertyOp13
 70
     0
102
RTVSPropertyOp14
 70
     2
102
RTVSPropertyOp15
 70
     0
102
RTVSPropertyOp16
 70
     0
102
RTVSPropertyOp17
 70
     0
102
RTVSPropertyOp18
 70
     0
102
RTVSPropertyOp19
 70
     0
102
RTVSPropertyOp20
 70
     0
102
RTVSPropertyOp21
 70
     0
102
RTVSPropertyOp22
 70
     0
102
RTVSPropertyOp23
 70
     0
102
RTVSPropertyOp24
 70
     0
102
RTVSPropertyOp25
 70
     0
102
RTVSPropertyOp26
 70
     0
102
RTVSPropertyOp27
 70
     0
102
RTVSPropertyOp28
 70
     0
102
RTVSPropertyOp29
 70
     0
102
RTVSPropertyOp30
 70
     0
102
RTVSPropertyOp31
 70
     0
102
RTVSPropertyOp32
 70
     0
102
RTVSPropertyOp33
 70
     0
102
RTVSPropertyOp34
 70
     0
102
RTVSPropertyOp35
 70
     0
102
RTVSPropertyOp36
 70
     0
102
RTVSPropertyOp37
 70
     0
102
RTVSPropertyOp38
 70
     0
102
RTVSPropertyOp39
 70
     0
102
RTVSPropertyOp40
 70
     0
102
RTVSPropertyOp41
 70
     0
102
RTVSPropertyOp42
 70
     0
102
RTVSPropertyOp43
 70
     0
102
RTVSPropertyOp44
 70
     0
102
RTVSPropertyOp45
 70
     0
102
RTVSPropertyOp46
 70
     0
102
RTVSPropertyOp47
 70
     0
102
RTVSPropertyOp48
 70
     0
102
RTVSPropertyOp49
 70
     0
102
RTVSPropertyOp50
 70
     0
102
RTVSPropertyOp51
 70
     0
102
RTVSPropertyOp52
 70
     0
102
RTVSPropertyOp53
 70
     0
102
RTVSPropertyOp54
 70
     0
102
RTVSPropertyOp55
 70
     0
102
RTVSPropertyOp56
 70
     0
102
RTVSPropertyOp57
 70
     0
102
RTVSPost2010Prop28
280
     0
102
RTVSPost2010PropOp28
 70
     0
102
RTVSPost2010Prop29
280
     1
102
RTVSPost2010PropOp29
 70
     0
102
RTVSPost2010Prop30
280
     1
102
RTVSPost2010PropOp30
 70
     0
102
RTVSPost2010Prop31
280
     0
102
RTVSPost2010PropOp31
 70
     0
102
RTVSPost2010Prop32
280
     0
102
RTVSPost2010PropOp32
 70
     0
102
RTVSPost2010Prop33
280
     0
102
RTVSPost2010PropOp33
 70
     0
102
RTVSPost2010Prop34
280
     0
102
RTVSPost2010PropOp34
 70
     0
102
RTVSPost2010Prop35
280
     0
102
RTVSPost2010PropOp35
 70
     0
102
RTVSPost2010Prop36
280
     0
102
RTVSPost2010PropOp36
 70
     0
102
RTVSPost2010Prop37
 90
       50
102
RTVSPost2010PropOp37
 70
     0
102
RTVSPost2010Prop38
140
0.0
102
RTVSPost2010PropOp38
 70
     0
102
RTVSPost2010Prop39
140
1.0
102
RTVSPost2010PropOp39
 70
     0
102
RTVSPost2010Prop40
 90
        0
102
RTVSPost2010PropOp40
 70
     0
102
RTVSPost2010Prop41ColorIndex
 90
       18
102
RTVSPost2010Prop41ColorRGB
 90
        0
102
RTVSPost2010PropOp41
 70
     0
102
RTVSPost2010Prop42
 90
       50
102
RTVSPost2010PropOp42
 70
     0
102
RTVSPost2010Prop43
 90
        3
102
RTVSPost2010PropOp43
 70
     0
102
RTVSPost2010Prop44ColorIndex
 90
        5
102
RTVSPost2010Prop44ColorRGB
 90
      255
102
RTVSPost2010PropOp44
 70
     0
102
RTVSPost2010Prop45
280
     0
102
RTVSPost2010PropOp45
 70
     0
102
RTVSPost2010Prop46
 90
       50
102
RTVSPost2010PropOp46
 70
     0
102
RTVSPost2010Prop47
 90
       50
102
RTVSPost2010PropOp47
 70
     0
102
RTVSPost2010Prop48
 90
       50
102
RTVSPost2010PropOp48
 70
     0
102
RTVSPost2010Prop49
280
     0
102
RTVSPost2010PropOp49
 70
     0
102
RTVSPost2010Prop50
 90
       50
102
RTVSPost2010PropOp50
 70
     0
102
RTVSPost2010Prop51ColorIndex
 90
      256
102
RTVSPost2010Prop51ColorRGB
 90
-16777216
102
RTVSPost2010PropOp51
 70
     0
102
RTVSPost2010Prop52
140
1.0
102
RTVSPost2010PropOp52
 70
     0
102
RTVSPost2010Prop53
 90
        2
102
RTVSPost2010PropOp53
 70
     0
102
RTVSPost2010Prop54
  1
strokes_ogs.tif
102
RTVSPost2010PropOp54
 70
     0
102
RTVSPost2010Prop55
280
     0
102
RTVSPost2010PropOp55
 70
     0
102
RTVSPost2010Prop56
140
1.0
102
RTVSPost2010PropOp56
 70
     0
102
RTVSPost2010Prop57
140
1.0
102
RTVSPost2010PropOp57
 70
     0
  0
XRECORD
  5
A2
102
{ACAD_REACTORS
330
A1
102
}
330
A1
100
AcDbXrecord
280
     1
102
RTVSPropertyOp0
 70
     1
102
RTVSPropertyOp1
 70
     1
102
RTVSPropertyOp2
 70
     1
102
RTVSPropertyOp3
 70
     1
102
RTVSPropertyOp4
 70
     1
102
RTVSPropertyOp5
 70
     1
102
RTVSPropertyOp6
 70
     1
102
RTVSPropertyOp7
 70
     1
102
RTVSPropertyOp8
 70
     1
102
RTVSPropertyOp9
 70
     1
102
RTVSPropertyOp10
 70
     1
102
RTVSPropertyOp11
 70
     1
102
RTVSPropertyOp12
 70
     1
102
RTVSPropertyOp13
 70
     1
102
RTVSPropertyOp14
 70
     1
102
RTVSPropertyOp15
 70
     1
102
RTVSPropertyOp16
 70
     1
102
RTVSPropertyOp17
 70
     1
102
RTVSPropertyOp18
 70
     1
102
RTVSPropertyOp19
 70
     1
102
RTVSPropertyOp20
 70
     1
102
RTVSPropertyOp21
 70
     1
102
RTVSPropertyOp22
 70
     1
102
RTVSPropertyOp23
 70
     1
102
RTVSPropertyOp24
 70
     1
102
RTVSPropertyOp25
 70
     1
102
RTVSPropertyOp26
 70
     1
102
RTVSPropertyOp27
 70
     1
102
RTVSPropertyOp28
 70
     1
102
RTVSPropertyOp29
 70
     1
102
RTVSPropertyOp30
 70
     1
102
RTVSPropertyOp31
 70
     1
102
RTVSPropertyOp32
 70
     1
102
RTVSPropertyOp33
 70
     1
102
RTVSPropertyOp34
 70
     1
102
RTVSPropertyOp35
 70
     1
102
RTVSPropertyOp36
 70
     1
102
RTVSPropertyOp37
 70
     1
102
RTVSPropertyOp38
 70
     1
102
RTVSPropertyOp39
 70
     1
102
RTVSPropertyOp40
 70
     1
102
RTVSPropertyOp41
 70
     1
102
RTVSPropertyOp42
 70
     1
102
RTVSPropertyOp43
 70
     1
102
RTVSPropertyOp44
 70
     1
102
RTVSPropertyOp45
 70
     1
102
RTVSPropertyOp46
 70
     1
102
RTVSPropertyOp47
 70
     1
102
RTVSPropertyOp48
 70
     1
102
RTVSPropertyOp49
 70
     1
102
RTVSPropertyOp50
 70
     1
102
RTVSPropertyOp51
 70
     0
102
RTVSPropertyOp52
 70
     0
102
RTVSPropertyOp53
 70
     1
102
RTVSPropertyOp54
 70
     1
102
RTVSPropertyOp55
 70
     1
102
RTVSPropertyOp56
 70
     1
102
RTVSPropertyOp57
 70
     1
102
RTVSPost2010Prop28
280
     0
102
RTVSPost2010PropOp28
 70
     1
102
RTVSPost2010Prop29
280
     1
102
RTVSPost2010PropOp29
 70
     1
102
RTVSPost2010Prop30
280
     1
102
RTVSPost2010PropOp30
 70
     1
102
RTVSPost2010Prop31
280
     0
102
RTVSPost2010PropOp31
 70
     1
102
RTVSPost2010Prop32
280
     0
102
RTVSPost2010PropOp32
 70
     1
102
RTVSPost2010Prop33
280
     0
102
RTVSPost2010PropOp33
 70
     1
102
RTVSPost2010Prop34
280
     0
102
RTVSPost2010PropOp34
 70
     1
102
RTVSPost2010Prop35
280
     0
102
RTVSPost2010PropOp35
 70
     1
102
RTVSPost2010Prop36
280
     0
102
RTVSPost2010PropOp36
 70
     1
102
RTVSPost2010Prop37
 90
       50
102
RTVSPost2010PropOp37
 70
     1
102
RTVSPost2010Prop38
140
0.0
102
RTVSPost2010PropOp38
 70
     1
102
RTVSPost2010Prop39
140
1.0
102
RTVSPost2010PropOp39
 70
     1
102
RTVSPost2010Prop40
 90
        0
102
RTVSPost2010PropOp40
 70
     1
102
RTVSPost2010Prop41ColorIndex
 90
       18
102
RTVSPost2010Prop41ColorRGB
 90
        0
102
RTVSPost2010PropOp41
 70
     1
102
RTVSPost2010Prop42
 90
       50
102
RTVSPost2010PropOp42
 70
     1
102
RTVSPost2010Prop43
 90
        3
102
RTVSPost2010PropOp43
 70
     1
102
RTVSPost2010Prop44ColorIndex
 90
        5
102
RTVSPost2010Prop44ColorRGB
 90
      255
102
RTVSPost2010PropOp44
 70
     1
102
RTVSPost2010Prop45
280
     0
102
RTVSPost2010PropOp45
 70
     1
102
RTVSPost2010Prop46
 90
       50
102
RTVSPost2010PropOp46
 70
     1
102
RTVSPost2010Prop47
 90
       50
102
RTVSPost2010PropOp47
 70
     1
102
RTVSPost2010Prop48
 90
       50
102
RTVSPost2010PropOp48
 70
     1
102
RTVSPost2010Prop49
280
     0
102
RTVSPost2010PropOp49
 70
     1
102
RTVSPost2010Prop50
 90
       50
102
RTVSPost2010PropOp50
 70
     1
102
RTVSPost2010Prop51ColorIndex
 90
      256
102
RTVSPost2010Prop51ColorRGB
 90
-16777216
102
RTVSPost2010PropOp51
 70
     0
102
RTVSPost2010Prop52
140
1.0
102
RTVSPost2010PropOp52
 70
     0
102
RTVSPost2010Prop53
 90
        2
102
RTVSPost2010PropOp53
 70
     1
102
RTVSPost2010Prop54
  1
strokes_ogs.tif
102
RTVSPost2010PropOp54
 70
     1
102
RTVSPost2010Prop55
280
     0
102
RTVSPost2010PropOp55
 70
     1
102
RTVSPost2010Prop56
140
1.0
102
RTVSPost2010PropOp56
 70
     1
102
RTVSPost2010Prop57
140
1.0
102
RTVSPost2010PropOp57
 70
     1
  0
XRECORD
  5
AA
102
{ACAD_REACTORS
330
A9
102
}
330
A9
100
AcDbXrecord
280
     1
102
RTVSPropertyOp0
 70
     0
102
RTVSPropertyOp1
 70
     0
102
RTVSPropertyOp2
 70
     0
102
RTVSPropertyOp3
 70
     0
102
RTVSPropertyOp4
 70
     0
102
RTVSPropertyOp5
 70
     0
102
RTVSPropertyOp6
 70
     0
102
RTVSPropertyOp7
 70
     0
102
RTVSPropertyOp8
 70
     0
102
RTVSPropertyOp9
 70
     0
102
RTVSPropertyOp10
 70
     0
102
RTVSPropertyOp11
 70
     0
102
RTVSPropertyOp12
 70
     0
102
RTVSPropertyOp13
 70
     0
102
RTVSPropertyOp14
 70
     2
102
RTVSPropertyOp15
 70
     0
102
RTVSPropertyOp16
 70
     0
102
RTVSPropertyOp17
 70
     0
102
RTVSPropertyOp18
 70
     0
102
RTVSPropertyOp19
 70
     0
102
RTVSPropertyOp20
 70
     0
102
RTVSPropertyOp21
 70
     0
102
RTVSPropertyOp22
 70
     0
102
RTVSPropertyOp23
 70
     0
102
RTVSPropertyOp24
 70
     0
102
RTVSPropertyOp25
 70
     0
102
RTVSPropertyOp26
 70
     0
102
RTVSPropertyOp27
 70
     0
102
RTVSPropertyOp28
 70
     0
102
RTVSPropertyOp29
 70
     0
102
RTVSPropertyOp30
 70
     0
102
RTVSPropertyOp31
 70
     0
102
RTVSPropertyOp32
 70
     0
102
RTVSPropertyOp33
 70
     0
102
RTVSPropertyOp34
 70
     0
102
RTVSPropertyOp35
 70
     0
102
RTVSPropertyOp36
 70
     0
102
RTVSPropertyOp37
 70
     0
102
RTVSPropertyOp38
 70
     0
102
RTVSPropertyOp39
 70
     0
102
RTVSPropertyOp40
 70
     0
102
RTVSPropertyOp41
 70
     0
102
RTVSPropertyOp42
 70
     0
102
RTVSPropertyOp43
 70
     0
102
RTVSPropertyOp44
 70
     0
102
RTVSPropertyOp45
 70
     0
102
RTVSPropertyOp46
 70
     0
102
RTVSPropertyOp47
 70
     0
102
RTVSPropertyOp48
 70
     0
102
RTVSPropertyOp49
 70
     0
102
RTVSPropertyOp50
 70
     0
102
RTVSPropertyOp51
 70
     0
102
RTVSPropertyOp52
 70
     0
102
RTVSPropertyOp53
 70
     0
102
RTVSPropertyOp54
 70
     0
102
RTVSPropertyOp55
 70
     0
102
RTVSPropertyOp56
 70
     0
102
RTVSPropertyOp57
 70
     0
102
RTVSPost2010Prop28
280
     0
102
RTVSPost2010PropOp28
 70
     0
102
RTVSPost2010Prop29
280
     1
102
RTVSPost2010PropOp29
 70
     0
102
RTVSPost2010Prop30
280
     1
102
RTVSPost2010PropOp30
 70
     0
102
RTVSPost2010Prop31
280
     0
102
RTVSPost2010PropOp31
 70
     0
102
RTVSPost2010Prop32
280
     0
102
RTVSPost2010PropOp32
 70
     0
102
RTVSPost2010Prop33
280
     0
102
RTVSPost2010PropOp33
 70
     0
102
RTVSPost2010Prop34
280
     0
102
RTVSPost2010PropOp34
 70
     0
102
RTVSPost2010Prop35
280
     0
102
RTVSPost2010PropOp35
 70
     0
102
RTVSPost2010Prop36
280
     0
102
RTVSPost2010PropOp36
 70
     0
102
RTVSPost2010Prop37
 90
       50
102
RTVSPost2010PropOp37
 70
     0
102
RTVSPost2010Prop38
140
0.0
102
RTVSPost2010PropOp38
 70
     0
102
RTVSPost2010Prop39
140
1.0
102
RTVSPost2010PropOp39
 70
     0
102
RTVSPost2010Prop40
 90
        0
102
RTVSPost2010PropOp40
 70
     0
102
RTVSPost2010Prop41ColorIndex
 90
       18
102
RTVSPost2010Prop41ColorRGB
 90
        0
102
RTVSPost2010PropOp41
 70
     0
102
RTVSPost2010Prop42
 90
       50
102
RTVSPost2010PropOp42
 70
     0
102
RTVSPost2010Prop43
 90
        3
102
RTVSPost2010PropOp43
 70
     0
102
RTVSPost2010Prop44ColorIndex
 90
        5
102
RTVSPost2010Prop44ColorRGB
 90
      255
102
RTVSPost2010PropOp44
 70
     0
102
RTVSPost2010Prop45
280
     0
102
RTVSPost2010PropOp45
 70
     0
102
RTVSPost2010Prop46
 90
       50
102
RTVSPost2010PropOp46
 70
     0
102
RTVSPost2010Prop47
 90
       50
102
RTVSPost2010PropOp47
 70
     0
102
RTVSPost2010Prop48
 90
       50
102
RTVSPost2010PropOp48
 70
     0
102
RTVSPost2010Prop49
280
     0
102
RTVSPost2010PropOp49
 70
     0
102
RTVSPost2010Prop50
 90
       50
102
RTVSPost2010PropOp50
 70
     0
102
RTVSPost2010Prop51ColorIndex
 90
      256
102
RTVSPost2010Prop51ColorRGB
 90
-16777216
102
RTVSPost2010PropOp51
 70
     0
102
RTVSPost2010Prop52
140
1.0
102
RTVSPost2010PropOp52
 70
     0
102
RTVSPost2010Prop53
 90
        2
102
RTVSPost2010PropOp53
 70
     0
102
RTVSPost2010Prop54
  1
strokes_ogs.tif
102
RTVSPost2010PropOp54
 70
     0
102
RTVSPost2010Prop55
280
     0
102
RTVSPost2010PropOp55
 70
     0
102
RTVSPost2010Prop56
140
1.0
102
RTVSPost2010PropOp56
 70
     0
102
RTVSPost2010Prop57
140
1.0
102
RTVSPost2010PropOp57
 70
     0
  0
XRECORD
  5
98
102
{ACAD_REACTORS
330
97
102
}
330
97
100
AcDbXrecord
280
     1
102
RTVSPropertyOp0
 70
     1
102
RTVSPropertyOp1
 70
     1
102
RTVSPropertyOp2
 70
     1
102
RTVSPropertyOp3
 70
     1
102
RTVSPropertyOp4
 70
     1
102
RTVSPropertyOp5
 70
     1
102
RTVSPropertyOp6
 70
     1
102
RTVSPropertyOp7
 70
     1
102
RTVSPropertyOp8
 70
     1
102
RTVSPropertyOp9
 70
     1
102
RTVSPropertyOp10
 70
     1
102
RTVSPropertyOp11
 70
     1
102
RTVSPropertyOp12
 70
     1
102
RTVSPropertyOp13
 70
     1
102
RTVSPropertyOp14
 70
     1
102
RTVSPropertyOp15
 70
     1
102
RTVSPropertyOp16
 70
     1
102
RTVSPropertyOp17
 70
     1
102
RTVSPropertyOp18
 70
     1
102
RTVSPropertyOp19
 70
     1
102
RTVSPropertyOp20
 70
     1
102
RTVSPropertyOp21
 70
     1
102
RTVSPropertyOp22
 70
     1
102
RTVSPropertyOp23
 70
     1
102
RTVSPropertyOp24
 70
     1
102
RTVSPropertyOp25
 70
     1
102
RTVSPropertyOp26
 70
     1
102
RTVSPropertyOp27
 70
     1
102
RTVSPropertyOp28
 70
     1
102
RTVSPropertyOp29
 70
     1
102
RTVSPropertyOp30
 70
     1
102
RTVSPropertyOp31
 70
     1
102
RTVSPropertyOp32
 70
     1
102
RTVSPropertyOp33
 70
     1
102
RTVSPropertyOp34
 70
     1
102
RTVSPropertyOp35
 70
     1
102
RTVSPropertyOp36
 70
     1
102
RTVSPropertyOp37
 70
     1
102
RTVSPropertyOp38
 70
     1
102
RTVSPropertyOp39
 70
     1
102
RTVSPropertyOp40
 70
     1
102
RTVSPropertyOp41
 70
     1
102
RTVSPropertyOp42
 70
     1
102
RTVSPropertyOp43
 70
     1
102
RTVSPropertyOp44
 70
     1
102
RTVSPropertyOp45
 70
     1
102
RTVSPropertyOp46
 70
     1
102
RTVSPropertyOp47
 70
     1
102
RTVSPropertyOp48
 70
     1
102
RTVSPropertyOp49
 70
     1
102
RTVSPropertyOp50
 70
     1
102
RTVSPropertyOp51
 70
     0
102
RTVSPropertyOp52
 70
     0
102
RTVSPropertyOp53
 70
     1
102
RTVSPropertyOp54
 70
     1
102
RTVSPropertyOp55
 70
     1
102
RTVSPropertyOp56
 70
     1
102
RTVSPropertyOp57
 70
     1
102
RTVSPost2010Prop28
280
     0
102
RTVSPost2010PropOp28
 70
     1
102
RTVSPost2010Prop29
280
     1
102
RTVSPost2010PropOp29
 70
     1
102
RTVSPost2010Prop30
280
     1
102
RTVSPost2010PropOp30
 70
     1
102
RTVSPost2010Prop31
280
     0
102
RTVSPost2010PropOp31
 70
     1
102
RTVSPost2010Prop32
280
     0
102
RTVSPost2010PropOp32
 70
     1
102
RTVSPost2010Prop33
280
     0
102
RTVSPost2010PropOp33
 70
     1
102
RTVSPost2010Prop34
280
     0
102
RTVSPost2010PropOp34
 70
     1
102
RTVSPost2010Prop35
280
     0
102
RTVSPost2010PropOp35
 70
     1
102
RTVSPost2010Prop36
280
     0
102
RTVSPost2010PropOp36
 70
     1
102
RTVSPost2010Prop37
 90
       50
102
RTVSPost2010PropOp37
 70
     1
102
RTVSPost2010Prop38
140
0.0
102
RTVSPost2010PropOp38
 70
     1
102
RTVSPost2010Prop39
140
1.0
102
RTVSPost2010PropOp39
 70
     1
102
RTVSPost2010Prop40
 90
        0
102
RTVSPost2010PropOp40
 70
     1
102
RTVSPost2010Prop41ColorIndex
 90
       18
102
RTVSPost2010Prop41ColorRGB
 90
        0
102
RTVSPost2010PropOp41
 70
     1
102
RTVSPost2010Prop42
 90
       50
102
RTVSPost2010PropOp42
 70
     1
102
RTVSPost2010Prop43
 90
        3
102
RTVSPost2010PropOp43
 70
     1
102
RTVSPost2010Prop44ColorIndex
 90
        5
102
RTVSPost2010Prop44ColorRGB
 90
      255
102
RTVSPost2010PropOp44
 70
     1
102
RTVSPost2010Prop45
280
     0
102
RTVSPost2010PropOp45
 70
     1
102
RTVSPost2010Prop46
 90
       50
102
RTVSPost2010PropOp46
 70
     1
102
RTVSPost2010Prop47
 90
       50
102
RTVSPost2010PropOp47
 70
     1
102
RTVSPost2010Prop48
 90
       50
102
RTVSPost2010PropOp48
 70
     1
102
RTVSPost2010Prop49
280
     0
102
RTVSPost2010PropOp49
 70
     1
102
RTVSPost2010Prop50
 90
       50
102
RTVSPost2010PropOp50
 70
     1
102
RTVSPost2010Prop51ColorIndex
 90
      256
102
RTVSPost2010Prop51ColorRGB
 90
-16777216
102
RTVSPost2010PropOp51
 70
     0
102
RTVSPost2010Prop52
140
1.0
102
RTVSPost2010PropOp52
 70
     0
102
RTVSPost2010Prop53
 90
        2
102
RTVSPost2010PropOp53
 70
     1
102
RTVSPost2010Prop54
  1
strokes_ogs.tif
102
RTVSPost2010PropOp54
 70
     1
102
RTVSPost2010Prop55
280
     0
102
RTVSPost2010PropOp55
 70
     1
102
RTVSPost2010Prop56
140
1.0
102
RTVSPost2010PropOp56
 70
     1
102
RTVSPost2010Prop57
140
1.0
102
RTVSPost2010PropOp57
 70
     1
  0
XRECORD
  5
B6
102
{ACAD_REACTORS
330
B5
102
}
330
B5
100
AcDbXrecord
280
     1
102
RTVSPropertyOp0
 70
     1
102
RTVSPropertyOp1
 70
     1
102
RTVSPropertyOp2
 70
     1
102
RTVSPropertyOp3
 70
     1
102
RTVSPropertyOp4
 70
     1
102
RTVSPropertyOp5
 70
     1
102
RTVSPropertyOp6
 70
     1
102
RTVSPropertyOp7
 70
     1
102
RTVSPropertyOp8
 70
     1
102
RTVSPropertyOp9
 70
     1
102
RTVSPropertyOp10
 70
     1
102
RTVSPropertyOp11
 70
     1
102
RTVSPropertyOp12
 70
     1
102
RTVSPropertyOp13
 70
     1
102
RTVSPropertyOp14
 70
     1
102
RTVSPropertyOp15
 70
     1
102
RTVSPropertyOp16
 70
     1
102
RTVSPropertyOp17
 70
     1
102
RTVSPropertyOp18
 70
     1
102
RTVSPropertyOp19
 70
     1
102
RTVSPropertyOp20
 70
     1
102
RTVSPropertyOp21
 70
     1
102
RTVSPropertyOp22
 70
     1
102
RTVSPropertyOp23
 70
     1
102
RTVSPropertyOp24
 70
     1
102
RTVSPropertyOp25
 70
     1
102
RTVSPropertyOp26
 70
     1
102
RTVSPropertyOp27
 70
     1
102
RTVSPropertyOp28
 70
     1
102
RTVSPropertyOp29
 70
     1
102
RTVSPropertyOp30
 70
     1
102
RTVSPropertyOp31
 70
     1
102
RTVSPropertyOp32
 70
     1
102
RTVSPropertyOp33
 70
     1
102
RTVSPropertyOp34
 70
     1
102
RTVSPropertyOp35
 70
     1
102
RTVSPropertyOp36
 70
     1
102
RTVSPropertyOp37
 70
     1
102
RTVSPropertyOp38
 70
     1
102
RTVSPropertyOp39
 70
     1
102
RTVSPropertyOp40
 70
     1
102
RTVSPropertyOp41
 70
     1
102
RTVSPropertyOp42
 70
     1
102
RTVSPropertyOp43
 70
     1
102
RTVSPropertyOp44
 70
     1
102
RTVSPropertyOp45
 70
     1
102
RTVSPropertyOp46
 70
     1
102
RTVSPropertyOp47
 70
     1
102
RTVSPropertyOp48
 70
     1
102
RTVSPropertyOp49
 70
     1
102
RTVSPropertyOp50
 70
     1
102
RTVSPropertyOp51
 70
     0
102
RTVSPropertyOp52
 70
     0
102
RTVSPropertyOp53
 70
     1
102
RTVSPropertyOp54
 70
     1
102
RTVSPropertyOp55
 70
     1
102
RTVSPropertyOp56
 70
     1
102
RTVSPropertyOp57
 70
     1
102
RTVSPost2010Prop28
280
     0
102
RTVSPost2010PropOp28
 70
     1
102
RTVSPost2010Prop29
280
     1
102
RTVSPost2010PropOp29
 70
     1
102
RTVSPost2010Prop30
280
     1
102
RTVSPost2010PropOp30
 70
     1
102
RTVSPost2010Prop31
280
     0
102
RTVSPost2010PropOp31
 70
     1
102
RTVSPost2010Prop32
280
     0
102
RTVSPost2010PropOp32
 70
     1
102
RTVSPost2010Prop33
280
     0
102
RTVSPost2010PropOp33
 70
     1
102
RTVSPost2010Prop34
280
     0
102
RTVSPost2010PropOp34
 70
     1
102
RTVSPost2010Prop35
280
     0
102
RTVSPost2010PropOp35
 70
     1
102
RTVSPost2010Prop36
280
     0
102
RTVSPost2010PropOp36
 70
     1
102
RTVSPost2010Prop37
 90
       50
102
RTVSPost2010PropOp37
 70
     1
102
RTVSPost2010Prop38
140
0.0
102
RTVSPost2010PropOp38
 70
     1
102
RTVSPost2010Prop39
140
1.0
102
RTVSPost2010PropOp39
 70
     1
102
RTVSPost2010Prop40
 90
        0
102
RTVSPost2010PropOp40
 70
     1
102
RTVSPost2010Prop41ColorIndex
 90
       18
102
RTVSPost2010Prop41ColorRGB
 90
        0
102
RTVSPost2010PropOp41
 70
     1
102
RTVSPost2010Prop42
 90
       50
102
RTVSPost2010PropOp42
 70
     1
102
RTVSPost2010Prop43
 90
        3
102
RTVSPost2010PropOp43
 70
     1
102
RTVSPost2010Prop44ColorIndex
 90
        5
102
RTVSPost2010Prop44ColorRGB
 90
      255
102
RTVSPost2010PropOp44
 70
     1
102
RTVSPost2010Prop45
280
     0
102
RTVSPost2010PropOp45
 70
     1
102
RTVSPost2010Prop46
 90
       50
102
RTVSPost2010PropOp46
 70
     1
102
RTVSPost2010Prop47
 90
       50
102
RTVSPost2010PropOp47
 70
     1
102
RTVSPost2010Prop48
 90
       50
102
RTVSPost2010PropOp48
 70
     1
102
RTVSPost2010Prop49
280
     0
102
RTVSPost2010PropOp49
 70
     1
102
RTVSPost2010Prop50
 90
       50
102
RTVSPost2010PropOp50
 70
     1
102
RTVSPost2010Prop51ColorIndex
 90
      256
102
RTVSPost2010Prop51ColorRGB
 90
-16777216
102
RTVSPost2010PropOp51
 70
     0
102
RTVSPost2010Prop52
140
1.0
102
RTVSPost2010PropOp52
 70
     0
102
RTVSPost2010Prop53
 90
        2
102
RTVSPost2010PropOp53
 70
     1
102
RTVSPost2010Prop54
  1
strokes_ogs.tif
102
RTVSPost2010PropOp54
 70
     1
102
RTVSPost2010Prop55
280
     0
102
RTVSPost2010PropOp55
 70
     1
102
RTVSPost2010Prop56
140
1.0
102
RTVSPost2010PropOp56
 70
     1
102
RTVSPost2010Prop57
140
1.0
102
RTVSPost2010PropOp57
 70
     1
  0
XRECORD
  5
B4
102
{ACAD_REACTORS
330
B3
102
}
330
B3
100
AcDbXrecord
280
     1
102
RTVSPropertyOp0
 70
     1
102
RTVSPropertyOp1
 70
     1
102
RTVSPropertyOp2
 70
     1
102
RTVSPropertyOp3
 70
     1
102
RTVSPropertyOp4
 70
     1
102
RTVSPropertyOp5
 70
     1
102
RTVSPropertyOp6
 70
     1
102
RTVSPropertyOp7
 70
     1
102
RTVSPropertyOp8
 70
     1
102
RTVSPropertyOp9
 70
     1
102
RTVSPropertyOp10
 70
     1
102
RTVSPropertyOp11
 70
     1
102
RTVSPropertyOp12
 70
     1
102
RTVSPropertyOp13
 70
     1
102
RTVSPropertyOp14
 70
     1
102
RTVSPropertyOp15
 70
     1
102
RTVSPropertyOp16
 70
     1
102
RTVSPropertyOp17
 70
     1
102
RTVSPropertyOp18
 70
     1
102
RTVSPropertyOp19
 70
     1
102
RTVSPropertyOp20
 70
     1
102
RTVSPropertyOp21
 70
     1
102
RTVSPropertyOp22
 70
     1
102
RTVSPropertyOp23
 70
     1
102
RTVSPropertyOp24
 70
     1
102
RTVSPropertyOp25
 70
     1
102
RTVSPropertyOp26
 70
     1
102
RTVSPropertyOp27
 70
     1
102
RTVSPropertyOp28
 70
     1
102
RTVSPropertyOp29
 70
     1
102
RTVSPropertyOp30
 70
     1
102
RTVSPropertyOp31
 70
     1
102
RTVSPropertyOp32
 70
     1
102
RTVSPropertyOp33
 70
     1
102
RTVSPropertyOp34
 70
     1
102
RTVSPropertyOp35
 70
     1
102
RTVSPropertyOp36
 70
     1
102
RTVSPropertyOp37
 70
     1
102
RTVSPropertyOp38
 70
     1
102
RTVSPropertyOp39
 70
     1
102
RTVSPropertyOp40
 70
     1
102
RTVSPropertyOp41
 70
     1
102
RTVSPropertyOp42
 70
     1
102
RTVSPropertyOp43
 70
     1
102
RTVSPropertyOp44
 70
     1
102
RTVSPropertyOp45
 70
     1
102
RTVSPropertyOp46
 70
     1
102
RTVSPropertyOp47
 70
     1
102
RTVSPropertyOp48
 70
     1
102
RTVSPropertyOp49
 70
     1
102
RTVSPropertyOp50
 70
     1
102
RTVSPropertyOp51
 70
     0
102
RTVSPropertyOp52
 70
     0
102
RTVSPropertyOp53
 70
     1
102
RTVSPropertyOp54
 70
     1
102
RTVSPropertyOp55
 70
     1
102
RTVSPropertyOp56
 70
     1
102
RTVSPropertyOp57
 70
     1
102
RTVSPost2010Prop28
280
     0
102
RTVSPost2010PropOp28
 70
     1
102
RTVSPost2010Prop29
280
     1
102
RTVSPost2010PropOp29
 70
     1
102
RTVSPost2010Prop30
280
     1
102
RTVSPost2010PropOp30
 70
     1
102
RTVSPost2010Prop31
280
     0
102
RTVSPost2010PropOp31
 70
     1
102
RTVSPost2010Prop32
280
     0
102
RTVSPost2010PropOp32
 70
     1
102
RTVSPost2010Prop33
280
     0
102
RTVSPost2010PropOp33
 70
     1
102
RTVSPost2010Prop34
280
     0
102
RTVSPost2010PropOp34
 70
     1
102
RTVSPost2010Prop35
280
     0
102
RTVSPost2010PropOp35
 70
     1
102
RTVSPost2010Prop36
280
     0
102
RTVSPost2010PropOp36
 70
     1
102
RTVSPost2010Prop37
 90
       50
102
RTVSPost2010PropOp37
 70
     1
102
RTVSPost2010Prop38
140
0.0
102
RTVSPost2010PropOp38
 70
     1
102
RTVSPost2010Prop39
140
1.0
102
RTVSPost2010PropOp39
 70
     1
102
RTVSPost2010Prop40
 90
        0
102
RTVSPost2010PropOp40
 70
     1
102
RTVSPost2010Prop41ColorIndex
 90
       18
102
RTVSPost2010Prop41ColorRGB
 90
        0
102
RTVSPost2010PropOp41
 70
     1
102
RTVSPost2010Prop42
 90
       50
102
RTVSPost2010PropOp42
 70
     1
102
RTVSPost2010Prop43
 90
        3
102
RTVSPost2010PropOp43
 70
     1
102
RTVSPost2010Prop44ColorIndex
 90
        5
102
RTVSPost2010Prop44ColorRGB
 90
      255
102
RTVSPost2010PropOp44
 70
     1
102
RTVSPost2010Prop45
280
     0
102
RTVSPost2010PropOp45
 70
     1
102
RTVSPost2010Prop46
 90
       50
102
RTVSPost2010PropOp46
 70
     1
102
RTVSPost2010Prop47
 90
       50
102
RTVSPost2010PropOp47
 70
     1
102
RTVSPost2010Prop48
 90
       50
102
RTVSPost2010PropOp48
 70
     1
102
RTVSPost2010Prop49
280
     0
102
RTVSPost2010PropOp49
 70
     1
102
RTVSPost2010Prop50
 90
       50
102
RTVSPost2010PropOp50
 70
     1
102
RTVSPost2010Prop51ColorIndex
 90
      256
102
RTVSPost2010Prop51ColorRGB
 90
-16777216
102
RTVSPost2010PropOp51
 70
     0
102
RTVSPost2010Prop52
140
1.0
102
RTVSPost2010PropOp52
 70
     0
102
RTVSPost2010Prop53
 90
        2
102
RTVSPost2010PropOp53
 70
     1
102
RTVSPost2010Prop54
  1
strokes_ogs.tif
102
RTVSPost2010PropOp54
 70
     1
102
RTVSPost2010Prop55
280
     0
102
RTVSPost2010PropOp55
 70
     1
102
RTVSPost2010Prop56
140
1.0
102
RTVSPost2010PropOp56
 70
     1
102
RTVSPost2010Prop57
140
1.0
102
RTVSPost2010PropOp57
 70
     1
  0
XRECORD
  5
AE
102
{ACAD_REACTORS
330
AD
102
}
330
AD
100
AcDbXrecord
280
     1
102
RTVSPropertyOp0
 70
     1
102
RTVSPropertyOp1
 70
     1
102
RTVSPropertyOp2
 70
     1
102
RTVSPropertyOp3
 70
     1
102
RTVSPropertyOp4
 70
     1
102
RTVSPropertyOp5
 70
     1
102
RTVSPropertyOp6
 70
     1
102
RTVSPropertyOp7
 70
     1
102
RTVSPropertyOp8
 70
     1
102
RTVSPropertyOp9
 70
     1
102
RTVSPropertyOp10
 70
     1
102
RTVSPropertyOp11
 70
     1
102
RTVSPropertyOp12
 70
     1
102
RTVSPropertyOp13
 70
     1
102
RTVSPropertyOp14
 70
     1
102
RTVSPropertyOp15
 70
     1
102
RTVSPropertyOp16
 70
     1
102
RTVSPropertyOp17
 70
     1
102
RTVSPropertyOp18
 70
     1
102
RTVSPropertyOp19
 70
     1
102
RTVSPropertyOp20
 70
     1
102
RTVSPropertyOp21
 70
     1
102
RTVSPropertyOp22
 70
     1
102
RTVSPropertyOp23
 70
     1
102
RTVSPropertyOp24
 70
     1
102
RTVSPropertyOp25
 70
     1
102
RTVSPropertyOp26
 70
     1
102
RTVSPropertyOp27
 70
     1
102
RTVSPropertyOp28
 70
     1
102
RTVSPropertyOp29
 70
     1
102
RTVSPropertyOp30
 70
     1
102
RTVSPropertyOp31
 70
     1
102
RTVSPropertyOp32
 70
     1
102
RTVSPropertyOp33
 70
     1
102
RTVSPropertyOp34
 70
     1
102
RTVSPropertyOp35
 70
     1
102
RTVSPropertyOp36
 70
     1
102
RTVSPropertyOp37
 70
     1
102
RTVSPropertyOp38
 70
     1
102
RTVSPropertyOp39
 70
     1
102
RTVSPropertyOp40
 70
     1
102
RTVSPropertyOp41
 70
     1
102
RTVSPropertyOp42
 70
     1
102
RTVSPropertyOp43
 70
     1
102
RTVSPropertyOp44
 70
     1
102
RTVSPropertyOp45
 70
     1
102
RTVSPropertyOp46
 70
     1
102
RTVSPropertyOp47
 70
     1
102
RTVSPropertyOp48
 70
     1
102
RTVSPropertyOp49
 70
     1
102
RTVSPropertyOp50
 70
     1
102
RTVSPropertyOp51
 70
     0
102
RTVSPropertyOp52
 70
     0
102
RTVSPropertyOp53
 70
     1
102
RTVSPropertyOp54
 70
     1
102
RTVSPropertyOp55
 70
     1
102
RTVSPropertyOp56
 70
     1
102
RTVSPropertyOp57
 70
     1
102
RTVSPost2010Prop28
280
     0
102
RTVSPost2010PropOp28
 70
     1
102
RTVSPost2010Prop29
280
     1
102
RTVSPost2010PropOp29
 70
     1
102
RTVSPost2010Prop30
280
     1
102
RTVSPost2010PropOp30
 70
     1
102
RTVSPost2010Prop31
280
     0
102
RTVSPost2010PropOp31
 70
     1
102
RTVSPost2010Prop32
280
     0
102
RTVSPost2010PropOp32
 70
     1
102
RTVSPost2010Prop33
280
     0
102
RTVSPost2010PropOp33
 70
     1
102
RTVSPost2010Prop34
280
     0
102
RTVSPost2010PropOp34
 70
     1
102
RTVSPost2010Prop35
280
     0
102
RTVSPost2010PropOp35
 70
     1
102
RTVSPost2010Prop36
280
     0
102
RTVSPost2010PropOp36
 70
     1
102
RTVSPost2010Prop37
 90
       50
102
RTVSPost2010PropOp37
 70
     1
102
RTVSPost2010Prop38
140
0.0
102
RTVSPost2010PropOp38
 70
     1
102
RTVSPost2010Prop39
140
1.0
102
RTVSPost2010PropOp39
 70
     1
102
RTVSPost2010Prop40
 90
        0
102
RTVSPost2010PropOp40
 70
     1
102
RTVSPost2010Prop41ColorIndex
 90
       18
102
RTVSPost2010Prop41ColorRGB
 90
        0
102
RTVSPost2010PropOp41
 70
     1
102
RTVSPost2010Prop42
 90
       50
102
RTVSPost2010PropOp42
 70
     1
102
RTVSPost2010Prop43
 90
        3
102
RTVSPost2010PropOp43
 70
     1
102
RTVSPost2010Prop44ColorIndex
 90
        5
102
RTVSPost2010Prop44ColorRGB
 90
      255
102
RTVSPost2010PropOp44
 70
     1
102
RTVSPost2010Prop45
280
     0
102
RTVSPost2010PropOp45
 70
     1
102
RTVSPost2010Prop46
 90
       50
102
RTVSPost2010PropOp46
 70
     1
102
RTVSPost2010Prop47
 90
       50
102
RTVSPost2010PropOp47
 70
     1
102
RTVSPost2010Prop48
 90
       50
102
RTVSPost2010PropOp48
 70
     1
102
RTVSPost2010Prop49
280
     0
102
RTVSPost2010PropOp49
 70
     1
102
RTVSPost2010Prop50
 90
       50
102
RTVSPost2010PropOp50
 70
     1
102
RTVSPost2010Prop51ColorIndex
 90
      256
102
RTVSPost2010Prop51ColorRGB
 90
-16777216
102
RTVSPost2010PropOp51
 70
     0
102
RTVSPost2010Prop52
140
1.0
102
RTVSPost2010PropOp52
 70
     0
102
RTVSPost2010Prop53
 90
        2
102
RTVSPost2010PropOp53
 70
     1
102
RTVSPost2010Prop54
  1
strokes_ogs.tif
102
RTVSPost2010PropOp54
 70
     1
102
RTVSPost2010Prop55
280
     0
102
RTVSPost2010PropOp55
 70
     1
102
RTVSPost2010Prop56
140
1.0
102
RTVSPost2010PropOp56
 70
     1
102
RTVSPost2010Prop57
140
1.0
102
RTVSPost2010PropOp57
 70
     1
  0
XRECORD
  5
B0
102
{ACAD_REACTORS
330
AF
102
}
330
AF
100
AcDbXrecord
280
     1
102
RTVSPropertyOp0
 70
     1
102
RTVSPropertyOp1
 70
     1
102
RTVSPropertyOp2
 70
     1
102
RTVSPropertyOp3
 70
     1
102
RTVSPropertyOp4
 70
     1
102
RTVSPropertyOp5
 70
     1
102
RTVSPropertyOp6
 70
     1
102
RTVSPropertyOp7
 70
     1
102
RTVSPropertyOp8
 70
     1
102
RTVSPropertyOp9
 70
     1
102
RTVSPropertyOp10
 70
     1
102
RTVSPropertyOp11
 70
     1
102
RTVSPropertyOp12
 70
     1
102
RTVSPropertyOp13
 70
     1
102
RTVSPropertyOp14
 70
     1
102
RTVSPropertyOp15
 70
     1
102
RTVSPropertyOp16
 70
     1
102
RTVSPropertyOp17
 70
     1
102
RTVSPropertyOp18
 70
     1
102
RTVSPropertyOp19
 70
     1
102
RTVSPropertyOp20
 70
     1
102
RTVSPropertyOp21
 70
     1
102
RTVSPropertyOp22
 70
     1
102
RTVSPropertyOp23
 70
     1
102
RTVSPropertyOp24
 70
     1
102
RTVSPropertyOp25
 70
     1
102
RTVSPropertyOp26
 70
     1
102
RTVSPropertyOp27
 70
     1
102
RTVSPropertyOp28
 70
     1
102
RTVSPropertyOp29
 70
     1
102
RTVSPropertyOp30
 70
     1
102
RTVSPropertyOp31
 70
     1
102
RTVSPropertyOp32
 70
     1
102
RTVSPropertyOp33
 70
     1
102
RTVSPropertyOp34
 70
     1
102
RTVSPropertyOp35
 70
     1
102
RTVSPropertyOp36
 70
     1
102
RTVSPropertyOp37
 70
     1
102
RTVSPropertyOp38
 70
     1
102
RTVSPropertyOp39
 70
     1
102
RTVSPropertyOp40
 70
     1
102
RTVSPropertyOp41
 70
     1
102
RTVSPropertyOp42
 70
     1
102
RTVSPropertyOp43
 70
     1
102
RTVSPropertyOp44
 70
     1
102
RTVSPropertyOp45
 70
     1
102
RTVSPropertyOp46
 70
     1
102
RTVSPropertyOp47
 70
     1
102
RTVSPropertyOp48
 70
     1
102
RTVSPropertyOp49
 70
     1
102
RTVSPropertyOp50
 70
     1
102
RTVSPropertyOp51
 70
     0
102
RTVSPropertyOp52
 70
     0
102
RTVSPropertyOp53
 70
     1
102
RTVSPropertyOp54
 70
     1
102
RTVSPropertyOp55
 70
     1
102
RTVSPropertyOp56
 70
     1
102
RTVSPropertyOp57
 70
     1
102
RTVSPost2010Prop28
280
     0
102
RTVSPost2010PropOp28
 70
     1
102
RTVSPost2010Prop29
280
     1
102
RTVSPost2010PropOp29
 70
     1
102
RTVSPost2010Prop30
280
     1
102
RTVSPost2010PropOp30
 70
     1
102
RTVSPost2010Prop31
280
     0
102
RTVSPost2010PropOp31
 70
     1
102
RTVSPost2010Prop32
280
     0
102
RTVSPost2010PropOp32
 70
     1
102
RTVSPost2010Prop33
280
     0
102
RTVSPost2010PropOp33
 70
     1
102
RTVSPost2010Prop34
280
     0
102
RTVSPost2010PropOp34
 70
     1
102
RTVSPost2010Prop35
280
     0
102
RTVSPost2010PropOp35
 70
     1
102
RTVSPost2010Prop36
280
     0
102
RTVSPost2010PropOp36
 70
     1
102
RTVSPost2010Prop37
 90
       50
102
RTVSPost2010PropOp37
 70
     1
102
RTVSPost2010Prop38
140
0.0
102
RTVSPost2010PropOp38
 70
     1
102
RTVSPost2010Prop39
140
1.0
102
RTVSPost2010PropOp39
 70
     1
102
RTVSPost2010Prop40
 90
        0
102
RTVSPost2010PropOp40
 70
     1
102
RTVSPost2010Prop41ColorIndex
 90
       18
102
RTVSPost2010Prop41ColorRGB
 90
        0
102
RTVSPost2010PropOp41
 70
     1
102
RTVSPost2010Prop42
 90
       50
102
RTVSPost2010PropOp42
 70
     1
102
RTVSPost2010Prop43
 90
        3
102
RTVSPost2010PropOp43
 70
     1
102
RTVSPost2010Prop44ColorIndex
 90
        5
102
RTVSPost2010Prop44ColorRGB
 90
      255
102
RTVSPost2010PropOp44
 70
     1
102
RTVSPost2010Prop45
280
     0
102
RTVSPost2010PropOp45
 70
     1
102
RTVSPost2010Prop46
 90
       50
102
RTVSPost2010PropOp46
 70
     1
102
RTVSPost2010Prop47
 90
       50
102
RTVSPost2010PropOp47
 70
     1
102
RTVSPost2010Prop48
 90
       50
102
RTVSPost2010PropOp48
 70
     1
102
RTVSPost2010Prop49
280
     0
102
RTVSPost2010PropOp49
 70
     1
102
RTVSPost2010Prop50
 90
       50
102
RTVSPost2010PropOp50
 70
     1
102
RTVSPost2010Prop51ColorIndex
 90
      256
102
RTVSPost2010Prop51ColorRGB
 90
-16777216
102
RTVSPost2010PropOp51
 70
     0
102
RTVSPost2010Prop52
140
1.0
102
RTVSPost2010PropOp52
 70
     0
102
RTVSPost2010Prop53
 90
        2
102
RTVSPost2010PropOp53
 70
     1
102
RTVSPost2010Prop54
  1
strokes_ogs.tif
102
RTVSPost2010PropOp54
 70
     1
102
RTVSPost2010Prop55
280
     0
102
RTVSPost2010PropOp55
 70
     1
102
RTVSPost2010Prop56
140
1.0
102
RTVSPost2010PropOp56
 70
     1
102
RTVSPost2010Prop57
140
1.0
102
RTVSPost2010PropOp57
 70
     1
  0
XRECORD
  5
A0
102
{ACAD_REACTORS
330
9F
102
}
330
9F
100
AcDbXrecord
280
     1
102
RTVSPropertyOp0
 70
     1
102
RTVSPropertyOp1
 70
     1
102
RTVSPropertyOp2
 70
     1
102
RTVSPropertyOp3
 70
     1
102
RTVSPropertyOp4
 70
     1
102
RTVSPropertyOp5
 70
     1
102
RTVSPropertyOp6
 70
     1
102
RTVSPropertyOp7
 70
     1
102
RTVSPropertyOp8
 70
     1
102
RTVSPropertyOp9
 70
     1
102
RTVSPropertyOp10
 70
     1
102
RTVSPropertyOp11
 70
     1
102
RTVSPropertyOp12
 70
     1
102
RTVSPropertyOp13
 70
     1
102
RTVSPropertyOp14
 70
     1
102
RTVSPropertyOp15
 70
     1
102
RTVSPropertyOp16
 70
     1
102
RTVSPropertyOp17
 70
     1
102
RTVSPropertyOp18
 70
     1
102
RTVSPropertyOp19
 70
     1
102
RTVSPropertyOp20
 70
     1
102
RTVSPropertyOp21
 70
     1
102
RTVSPropertyOp22
 70
     1
102
RTVSPropertyOp23
 70
     1
102
RTVSPropertyOp24
 70
     1
102
RTVSPropertyOp25
 70
     1
102
RTVSPropertyOp26
 70
     1
102
RTVSPropertyOp27
 70
     1
102
RTVSPropertyOp28
 70
     1
102
RTVSPropertyOp29
 70
     1
102
RTVSPropertyOp30
 70
     1
102
RTVSPropertyOp31
 70
     1
102
RTVSPropertyOp32
 70
     1
102
RTVSPropertyOp33
 70
     1
102
RTVSPropertyOp34
 70
     1
102
RTVSPropertyOp35
 70
     1
102
RTVSPropertyOp36
 70
     1
102
RTVSPropertyOp37
 70
     1
102
RTVSPropertyOp38
 70
     1
102
RTVSPropertyOp39
 70
     1
102
RTVSPropertyOp40
 70
     1
102
RTVSPropertyOp41
 70
     1
102
RTVSPropertyOp42
 70
     1
102
RTVSPropertyOp43
 70
     1
102
RTVSPropertyOp44
 70
     1
102
RTVSPropertyOp45
 70
     1
102
RTVSPropertyOp46
 70
     1
102
RTVSPropertyOp47
 70
     1
102
RTVSPropertyOp48
 70
     1
102
RTVSPropertyOp49
 70
     1
102
RTVSPropertyOp50
 70
     1
102
RTVSPropertyOp51
 70
     0
102
RTVSPropertyOp52
 70
     0
102
RTVSPropertyOp53
 70
     1
102
RTVSPropertyOp54
 70
     1
102
RTVSPropertyOp55
 70
     1
102
RTVSPropertyOp56
 70
     1
102
RTVSPropertyOp57
 70
     1
102
RTVSPost2010Prop28
280
     0
102
RTVSPost2010PropOp28
 70
     1
102
RTVSPost2010Prop29
280
     1
102
RTVSPost2010PropOp29
 70
     1
102
RTVSPost2010Prop30
280
     1
102
RTVSPost2010PropOp30
 70
     1
102
RTVSPost2010Prop31
280
     0
102
RTVSPost2010PropOp31
 70
     1
102
RTVSPost2010Prop32
280
     0
102
RTVSPost2010PropOp32
 70
     1
102
RTVSPost2010Prop33
280
     0
102
RTVSPost2010PropOp33
 70
     1
102
RTVSPost2010Prop34
280
     0
102
RTVSPost2010PropOp34
 70
     1
102
RTVSPost2010Prop35
280
     0
102
RTVSPost2010PropOp35
 70
     1
102
RTVSPost2010Prop36
280
     0
102
RTVSPost2010PropOp36
 70
     1
102
RTVSPost2010Prop37
 90
       50
102
RTVSPost2010PropOp37
 70
     1
102
RTVSPost2010Prop38
140
0.0
102
RTVSPost2010PropOp38
 70
     1
102
RTVSPost2010Prop39
140
1.0
102
RTVSPost2010PropOp39
 70
     1
102
RTVSPost2010Prop40
 90
        0
102
RTVSPost2010PropOp40
 70
     1
102
RTVSPost2010Prop41ColorIndex
 90
       18
102
RTVSPost2010Prop41ColorRGB
 90
        0
102
RTVSPost2010PropOp41
 70
     1
102
RTVSPost2010Prop42
 90
       50
102
RTVSPost2010PropOp42
 70
     1
102
RTVSPost2010Prop43
 90
        3
102
RTVSPost2010PropOp43
 70
     1
102
RTVSPost2010Prop44ColorIndex
 90
        5
102
RTVSPost2010Prop44ColorRGB
 90
      255
102
RTVSPost2010PropOp44
 70
     1
102
RTVSPost2010Prop45
280
     0
102
RTVSPost2010PropOp45
 70
     1
102
RTVSPost2010Prop46
 90
       50
102
RTVSPost2010PropOp46
 70
     1
102
RTVSPost2010Prop47
 90
       50
102
RTVSPost2010PropOp47
 70
     1
102
RTVSPost2010Prop48
 90
       50
102
RTVSPost2010PropOp48
 70
     1
102
RTVSPost2010Prop49
280
     0
102
RTVSPost2010PropOp49
 70
     1
102
RTVSPost2010Prop50
 90
       50
102
RTVSPost2010PropOp50
 70
     1
102
RTVSPost2010Prop51ColorIndex
 90
      256
102
RTVSPost2010Prop51ColorRGB
 90
-16777216
102
RTVSPost2010PropOp51
 70
     0
102
RTVSPost2010Prop52
140
1.0
102
RTVSPost2010PropOp52
 70
     0
102
RTVSPost2010Prop53
 90
        2
102
RTVSPost2010PropOp53
 70
     1
102
RTVSPost2010Prop54
  1
strokes_ogs.tif
102
RTVSPost2010PropOp54
 70
     1
102
RTVSPost2010Prop55
280
     0
102
RTVSPost2010PropOp55
 70
     1
102
RTVSPost2010Prop56
140
1.0
102
RTVSPost2010PropOp56
 70
     1
102
RTVSPost2010Prop57
140
1.0
102
RTVSPost2010PropOp57
 70
     1
  0
XRECORD
  5
92
102
{ACAD_REACTORS
330
91
102
}
330
91
100
AcDbXrecord
280
     1
102
RTVSPropertyOp0
 70
     1
102
RTVSPropertyOp1
 70
     1
102
RTVSPropertyOp2
 70
     1
102
RTVSPropertyOp3
 70
     1
102
RTVSPropertyOp4
 70
     1
102
RTVSPropertyOp5
 70
     1
102
RTVSPropertyOp6
 70
     1
102
RTVSPropertyOp7
 70
     1
102
RTVSPropertyOp8
 70
     1
102
RTVSPropertyOp9
 70
     1
102
RTVSPropertyOp10
 70
     1
102
RTVSPropertyOp11
 70
     1
102
RTVSPropertyOp12
 70
     1
102
RTVSPropertyOp13
 70
     1
102
RTVSPropertyOp14
 70
     1
102
RTVSPropertyOp15
 70
     1
102
RTVSPropertyOp16
 70
     1
102
RTVSPropertyOp17
 70
     1
102
RTVSPropertyOp18
 70
     1
102
RTVSPropertyOp19
 70
     1
102
RTVSPropertyOp20
 70
     1
102
RTVSPropertyOp21
 70
     1
102
RTVSPropertyOp22
 70
     1
102
RTVSPropertyOp23
 70
     1
102
RTVSPropertyOp24
 70
     1
102
RTVSPropertyOp25
 70
     1
102
RTVSPropertyOp26
 70
     1
102
RTVSPropertyOp27
 70
     1
102
RTVSPropertyOp28
 70
     1
102
RTVSPropertyOp29
 70
     1
102
RTVSPropertyOp30
 70
     1
102
RTVSPropertyOp31
 70
     1
102
RTVSPropertyOp32
 70
     1
102
RTVSPropertyOp33
 70
     1
102
RTVSPropertyOp34
 70
     1
102
RTVSPropertyOp35
 70
     1
102
RTVSPropertyOp36
 70
     1
102
RTVSPropertyOp37
 70
     1
102
RTVSPropertyOp38
 70
     1
102
RTVSPropertyOp39
 70
     1
102
RTVSPropertyOp40
 70
     1
102
RTVSPropertyOp41
 70
     1
102
RTVSPropertyOp42
 70
     1
102
RTVSPropertyOp43
 70
     1
102
RTVSPropertyOp44
 70
     1
102
RTVSPropertyOp45
 70
     1
102
RTVSPropertyOp46
 70
     1
102
RTVSPropertyOp47
 70
     1
102
RTVSPropertyOp48
 70
     1
102
RTVSPropertyOp49
 70
     1
102
RTVSPropertyOp50
 70
     1
102
RTVSPropertyOp51
 70
     0
102
RTVSPropertyOp52
 70
     0
102
RTVSPropertyOp53
 70
     1
102
RTVSPropertyOp54
 70
     1
102
RTVSPropertyOp55
 70
     1
102
RTVSPropertyOp56
 70
     1
102
RTVSPropertyOp57
 70
     1
102
RTVSPost2010Prop28
280
     0
102
RTVSPost2010PropOp28
 70
     1
102
RTVSPost2010Prop29
280
     1
102
RTVSPost2010PropOp29
 70
     1
102
RTVSPost2010Prop30
280
     1
102
RTVSPost2010PropOp30
 70
     1
102
RTVSPost2010Prop31
280
     0
102
RTVSPost2010PropOp31
 70
     1
102
RTVSPost2010Prop32
280
     0
102
RTVSPost2010PropOp32
 70
     1
102
RTVSPost2010Prop33
280
     0
102
RTVSPost2010PropOp33
 70
     1
102
RTVSPost2010Prop34
280
     0
102
RTVSPost2010PropOp34
 70
     1
102
RTVSPost2010Prop35
280
     0
102
RTVSPost2010PropOp35
 70
     1
102
RTVSPost2010Prop36
280
     0
102
RTVSPost2010PropOp36
 70
     1
102
RTVSPost2010Prop37
 90
       50
102
RTVSPost2010PropOp37
 70
     1
102
RTVSPost2010Prop38
140
0.0
102
RTVSPost2010PropOp38
 70
     1
102
RTVSPost2010Prop39
140
1.0
102
RTVSPost2010PropOp39
 70
     1
102
RTVSPost2010Prop40
 90
        0
102
RTVSPost2010PropOp40
 70
     1
102
RTVSPost2010Prop41ColorIndex
 90
       18
102
RTVSPost2010Prop41ColorRGB
 90
        0
102
RTVSPost2010PropOp41
 70
     1
102
RTVSPost2010Prop42
 90
       50
102
RTVSPost2010PropOp42
 70
     1
102
RTVSPost2010Prop43
 90
        3
102
RTVSPost2010PropOp43
 70
     1
102
RTVSPost2010Prop44ColorIndex
 90
        5
102
RTVSPost2010Prop44ColorRGB
 90
      255
102
RTVSPost2010PropOp44
 70
     1
102
RTVSPost2010Prop45
280
     0
102
RTVSPost2010PropOp45
 70
     1
102
RTVSPost2010Prop46
 90
       50
102
RTVSPost2010PropOp46
 70
     1
102
RTVSPost2010Prop47
 90
       50
102
RTVSPost2010PropOp47
 70
     1
102
RTVSPost2010Prop48
 90
       50
102
RTVSPost2010PropOp48
 70
     1
102
RTVSPost2010Prop49
280
     0
102
RTVSPost2010PropOp49
 70
     1
102
RTVSPost2010Prop50
 90
       50
102
RTVSPost2010PropOp50
 70
     1
102
RTVSPost2010Prop51ColorIndex
 90
      256
102
RTVSPost2010Prop51ColorRGB
 90
-16777216
102
RTVSPost2010PropOp51
 70
     0
102
RTVSPost2010Prop52
140
1.0
102
RTVSPost2010PropOp52
 70
     0
102
RTVSPost2010Prop53
 90
        2
102
RTVSPost2010PropOp53
 70
     1
102
RTVSPost2010Prop54
  1
strokes_ogs.tif
102
RTVSPost2010PropOp54
 70
     1
102
RTVSPost2010Prop55
280
     0
102
RTVSPost2010PropOp55
 70
     1
102
RTVSPost2010Prop56
140
1.0
102
RTVSPost2010PropOp56
 70
     1
102
RTVSPost2010Prop57
140
1.0
102
RTVSPost2010PropOp57
 70
     1
  0
XRECORD
  5
B2
102
{ACAD_REACTORS
330
B1
102
}
330
B1
100
AcDbXrecord
280
     1
102
RTVSPropertyOp0
 70
     1
102
RTVSPropertyOp1
 70
     1
102
RTVSPropertyOp2
 70
     1
102
RTVSPropertyOp3
 70
     1
102
RTVSPropertyOp4
 70
     1
102
RTVSPropertyOp5
 70
     1
102
RTVSPropertyOp6
 70
     1
102
RTVSPropertyOp7
 70
     1
102
RTVSPropertyOp8
 70
     1
102
RTVSPropertyOp9
 70
     1
102
RTVSPropertyOp10
 70
     1
102
RTVSPropertyOp11
 70
     1
102
RTVSPropertyOp12
 70
     1
102
RTVSPropertyOp13
 70
     1
102
RTVSPropertyOp14
 70
     1
102
RTVSPropertyOp15
 70
     1
102
RTVSPropertyOp16
 70
     1
102
RTVSPropertyOp17
 70
     1
102
RTVSPropertyOp18
 70
     1
102
RTVSPropertyOp19
 70
     1
102
RTVSPropertyOp20
 70
     1
102
RTVSPropertyOp21
 70
     1
102
RTVSPropertyOp22
 70
     1
102
RTVSPropertyOp23
 70
     1
102
RTVSPropertyOp24
 70
     1
102
RTVSPropertyOp25
 70
     1
102
RTVSPropertyOp26
 70
     1
102
RTVSPropertyOp27
 70
     1
102
RTVSPropertyOp28
 70
     1
102
RTVSPropertyOp29
 70
     1
102
RTVSPropertyOp30
 70
     1
102
RTVSPropertyOp31
 70
     1
102
RTVSPropertyOp32
 70
     1
102
RTVSPropertyOp33
 70
     1
102
RTVSPropertyOp34
 70
     1
102
RTVSPropertyOp35
 70
     1
102
RTVSPropertyOp36
 70
     1
102
RTVSPropertyOp37
 70
     1
102
RTVSPropertyOp38
 70
     1
102
RTVSPropertyOp39
 70
     1
102
RTVSPropertyOp40
 70
     1
102
RTVSPropertyOp41
 70
     1
102
RTVSPropertyOp42
 70
     1
102
RTVSPropertyOp43
 70
     1
102
RTVSPropertyOp44
 70
     1
102
RTVSPropertyOp45
 70
     1
102
RTVSPropertyOp46
 70
     1
102
RTVSPropertyOp47
 70
     1
102
RTVSPropertyOp48
 70
     1
102
RTVSPropertyOp49
 70
     1
102
RTVSPropertyOp50
 70
     1
102
RTVSPropertyOp51
 70
     0
102
RTVSPropertyOp52
 70
     0
102
RTVSPropertyOp53
 70
     1
102
RTVSPropertyOp54
 70
     1
102
RTVSPropertyOp55
 70
     1
102
RTVSPropertyOp56
 70
     1
102
RTVSPropertyOp57
 70
     1
102
RTVSPost2010Prop28
280
     0
102
RTVSPost2010PropOp28
 70
     1
102
RTVSPost2010Prop29
280
     1
102
RTVSPost2010PropOp29
 70
     1
102
RTVSPost2010Prop30
280
     1
102
RTVSPost2010PropOp30
 70
     1
102
RTVSPost2010Prop31
280
     0
102
RTVSPost2010PropOp31
 70
     1
102
RTVSPost2010Prop32
280
     0
102
RTVSPost2010PropOp32
 70
     1
102
RTVSPost2010Prop33
280
     0
102
RTVSPost2010PropOp33
 70
     1
102
RTVSPost2010Prop34
280
     0
102
RTVSPost2010PropOp34
 70
     1
102
RTVSPost2010Prop35
280
     0
102
RTVSPost2010PropOp35
 70
     1
102
RTVSPost2010Prop36
280
     0
102
RTVSPost2010PropOp36
 70
     1
102
RTVSPost2010Prop37
 90
       50
102
RTVSPost2010PropOp37
 70
     1
102
RTVSPost2010Prop38
140
0.0
102
RTVSPost2010PropOp38
 70
     1
102
RTVSPost2010Prop39
140
1.0
102
RTVSPost2010PropOp39
 70
     1
102
RTVSPost2010Prop40
 90
        0
102
RTVSPost2010PropOp40
 70
     1
102
RTVSPost2010Prop41ColorIndex
 90
       18
102
RTVSPost2010Prop41ColorRGB
 90
        0
102
RTVSPost2010PropOp41
 70
     1
102
RTVSPost2010Prop42
 90
       50
102
RTVSPost2010PropOp42
 70
     1
102
RTVSPost2010Prop43
 90
        3
102
RTVSPost2010PropOp43
 70
     1
102
RTVSPost2010Prop44ColorIndex
 90
        5
102
RTVSPost2010Prop44ColorRGB
 90
      255
102
RTVSPost2010PropOp44
 70
     1
102
RTVSPost2010Prop45
280
     0
102
RTVSPost2010PropOp45
 70
     1
102
RTVSPost2010Prop46
 90
       50
102
RTVSPost2010PropOp46
 70
     1
102
RTVSPost2010Prop47
 90
       50
102
RTVSPost2010PropOp47
 70
     1
102
RTVSPost2010Prop48
 90
       50
102
RTVSPost2010PropOp48
 70
     1
102
RTVSPost2010Prop49
280
     0
102
RTVSPost2010PropOp49
 70
     1
102
RTVSPost2010Prop50
 90
       50
102
RTVSPost2010PropOp50
 70
     1
102
RTVSPost2010Prop51ColorIndex
 90
      256
102
RTVSPost2010Prop51ColorRGB
 90
-16777216
102
RTVSPost2010PropOp51
 70
     0
102
RTVSPost2010Prop52
140
1.0
102
RTVSPost2010PropOp52
 70
     0
102
RTVSPost2010Prop53
 90
        2
102
RTVSPost2010PropOp53
 70
     1
102
RTVSPost2010Prop54
  1
strokes_ogs.tif
102
RTVSPost2010PropOp54
 70
     1
102
RTVSPost2010Prop55
280
     0
102
RTVSPost2010PropOp55
 70
     1
102
RTVSPost2010Prop56
140
1.0
102
RTVSPost2010PropOp56
 70
     1
102
RTVSPost2010Prop57
140
1.0
102
RTVSPost2010PropOp57
 70
     1
  0
ENDSEC
  0
EOF
